-- phpMyAdmin SQL Dump
-- version 3.4.5
-- http://www.phpmyadmin.net
--
-- Servidor: localhost
-- Tiempo de generación: 26-06-2012 a las 19:14:42
-- Versión del servidor: 5.5.16
-- Versión de PHP: 5.3.8

SET SQL_MODE="NO_AUTO_VALUE_ON_ZERO";
SET time_zone = "+00:00";


/*!40101 SET @OLD_CHARACTER_SET_CLIENT=@@CHARACTER_SET_CLIENT */;
/*!40101 SET @OLD_CHARACTER_SET_RESULTS=@@CHARACTER_SET_RESULTS */;
/*!40101 SET @OLD_COLLATION_CONNECTION=@@COLLATION_CONNECTION */;
/*!40101 SET NAMES latin1 */;

--
-- Base de datos: `clusters`
--

-- --------------------------------------------------------

--
-- Estructura de tabla para la tabla `Ambiente1`
--

CREATE TABLE IF NOT EXISTS `Ambiente1` (
  `dane` bigint(12) DEFAULT NULL,
  `ExpectativasAcademicas` decimal(7,5) DEFAULT NULL,
  `Comunicacion` decimal(7,5) DEFAULT NULL,
  `Participacion` decimal(7,5) DEFAULT NULL,
  `SeguridadRespeto` decimal(7,5) DEFAULT NULL
) ENGINE=MyISAM DEFAULT CHARSET=utf8;

--
-- Volcado de datos para la tabla `Ambiente1`
--

INSERT INTO `Ambiente1` (`dane`, `ExpectativasAcademicas`, `Comunicacion`, `Participacion`, `SeguridadRespeto`) VALUES
(105001000001, 68.07760, 68.73937, 65.93732, 59.24251),
(105001000043, 65.95106, 69.25922, 67.32922, 64.62323),
(105001000108, 79.73716, 67.38742, 68.02947, 75.50952),
(105001000132, 67.43816, 64.52038, 60.57034, 64.76394),
(105001000141, 67.14394, 68.24818, 61.99846, 59.14897),
(105001000175, 63.62101, 67.26794, 65.41719, 62.32865),
(105001000205, 64.17449, 60.78682, 60.58847, 57.38282),
(105001000256, 64.92316, 63.28634, 60.12159, 60.11535),
(105001000353, 66.30527, 64.25573, 59.23390, 65.96680),
(105001000396, 73.89651, 73.41563, 72.74921, 68.79987),
(105001000418, 68.00340, 63.45958, 66.65432, 63.30618),
(105001000485, 75.69025, 73.78712, 68.79441, 71.55524),
(105001000566, 65.79951, 64.43022, 63.00000, 66.13062),
(105001000621, 66.00600, 63.92692, 65.80299, 61.45601),
(105001000795, 69.92966, 64.44991, 63.18926, 62.20467),
(105001000809, 64.27267, 63.09082, 60.92968, 59.25048),
(105001000841, 74.84978, 71.03238, 66.21830, 76.38741),
(105001000868, 70.35963, 70.29757, 69.37768, 64.57359),
(105001000876, 70.44957, 65.13692, 64.36418, 55.52610),
(105001000931, 72.46591, 66.78783, 66.88673, 69.64766),
(105001000981, 69.53774, 66.63773, 67.69731, 62.81049),
(105001000990, 71.61782, 68.19583, 64.45238, 67.32256),
(105001001023, 70.55129, 68.78200, 68.15242, 68.65403),
(105001001121, 70.76617, 64.94969, 63.58085, 62.79220),
(105001001155, 77.09894, 75.75311, 70.96965, 72.78015),
(105001001198, 65.12746, 62.16711, 62.07535, 66.05333),
(105001001236, 68.49876, 67.70169, 64.21774, 69.02032),
(105001001252, 70.25191, 71.42447, 69.83117, 62.58316),
(105001001279, 61.76299, 61.85161, 60.56133, 62.37589),
(105001001317, 79.99194, 77.30324, 73.24980, 77.39100),
(105001001368, 63.08799, 61.64273, 58.48817, 58.55560),
(105001001473, 63.87435, 62.66994, 60.72145, 61.14187),
(105001001490, 68.89594, 61.90056, 65.38733, 65.16447),
(105001001562, 70.46182, 64.22105, 61.49772, 65.26426),
(105001001635, 67.61890, 64.80820, 65.46296, 63.69308),
(105001001651, 65.99158, 60.66924, 59.65523, 56.50459),
(105001001660, 69.32881, 70.91994, 66.36967, 61.43663),
(105001001686, 71.98170, 67.84272, 65.77175, 64.79306),
(105001001791, 69.12766, 66.41017, 62.19014, 67.24300),
(105001001805, 69.20962, 70.65967, 69.59401, 61.66253),
(105001001848, 72.42432, 67.16570, 64.62215, 71.38964),
(105001001881, 74.04916, 72.42012, 70.01382, 70.72358),
(105001002003, 75.69650, 73.74723, 69.56084, 67.37867),
(105001002011, 68.99065, 63.28571, 61.32606, 58.96675),
(105001002020, 70.68806, 67.77143, 66.00428, 69.42262),
(105001002038, 61.69485, 56.86932, 59.55549, 55.80635),
(105001002071, 69.03188, 67.82332, 69.16833, 63.66788),
(105001002101, 65.76753, 64.97800, 60.69828, 63.86394),
(105001002119, 67.93415, 64.36774, 61.70950, 63.43530),
(105001002135, 78.16733, 75.21792, 72.20929, 71.19365),
(105001002305, 73.70952, 72.64172, 72.84265, 72.58533),
(105001002348, 66.61977, 66.78024, 68.12097, 63.19666),
(105001002356, 80.15968, 75.82259, 71.22014, 66.63608),
(105001002461, 69.44183, 65.99580, 63.53237, 69.18729),
(105001002470, 66.36845, 61.86230, 63.01808, 63.24267),
(105001002488, 71.08318, 70.79278, 68.59869, 64.33068),
(105001002496, 70.48094, 68.32430, 68.61728, 65.57517),
(105001002526, 65.82133, 63.90319, 64.06173, 60.31719),
(105001002780, 63.56579, 64.47780, 56.62955, 55.40994),
(105001002798, 71.90284, 71.26527, 65.96913, 71.69093),
(105001002895, 70.42378, 67.95866, 65.99232, 67.24525),
(105001002976, 69.44840, 69.09654, 67.90860, 67.40716),
(105001003123, 66.96498, 64.52546, 58.39308, 61.58163),
(105001003131, 61.88074, 58.91742, 60.36875, 58.81763),
(105001003221, 76.35852, 73.87595, 71.52731, 68.38060),
(105001003271, 73.16912, 70.78136, 69.08899, 66.11163),
(105001003280, 66.60493, 67.04051, 63.41311, 60.19641),
(105001003298, 68.82972, 63.95752, 64.80398, 68.08923),
(105001003387, 73.66975, 70.08162, 70.61718, 61.66108),
(105001003425, 79.57438, 73.01574, 70.83721, 77.88612),
(105001003441, 67.38572, 59.46839, 59.84906, 56.13708),
(105001003450, 72.83395, 67.30186, 65.61950, 67.61047),
(105001004472, 77.86079, 72.90368, 69.81089, 74.65044),
(105001004791, 72.98604, 65.75423, 61.29147, 67.25874),
(105001005291, 73.81323, 71.00333, 68.79401, 67.14575),
(105001005339, 72.85081, 75.66913, 75.00940, 64.11073),
(105001005347, 65.65382, 66.88254, 64.99321, 66.57073),
(105001005380, 67.84377, 70.96503, 68.16737, 60.33562),
(105001005410, 71.62813, 68.50413, 69.51910, 70.75396),
(105001005495, 68.97793, 65.68330, 65.83757, 60.73234),
(105001005525, 63.80748, 62.09480, 57.00581, 59.82512),
(105001005878, 69.26619, 63.43705, 67.02742, 67.74767),
(105001006068, 75.78587, 73.12725, 70.11789, 72.49341),
(105001006092, 68.76069, 65.37081, 60.74640, 66.80536),
(105001006181, 70.69241, 66.65570, 64.63734, 63.45175),
(105001006246, 71.72303, 71.96504, 69.22242, 63.18344),
(105001006483, 63.14412, 61.79150, 60.41005, 60.76870),
(105001006718, 76.29577, 72.47375, 70.03648, 74.43282),
(105001006980, 77.65560, 71.36644, 73.20613, 65.40892),
(105001007111, 66.20095, 63.05758, 60.56594, 64.47556),
(105001007188, 70.41151, 65.04269, 64.75366, 65.83550),
(105001007218, 73.94738, 72.70853, 71.22239, 67.59535),
(105001007421, 77.11040, 70.74101, 68.21939, 68.75323),
(105001007439, 59.23926, 62.45396, 59.08289, 57.75525),
(105001007889, 66.97778, 65.58018, 63.54054, 66.19788),
(105001007978, 69.16975, 68.60779, 69.07986, 62.22084),
(105001008249, 75.78704, 68.60913, 68.61863, 69.33383),
(105001008389, 67.32115, 64.39826, 61.90729, 61.57920),
(105001008451, 61.29272, 61.90130, 58.50689, 53.31554),
(105001008486, 74.19608, 67.02691, 67.19371, 65.40299),
(105001009652, 74.03514, 69.53638, 69.97217, 66.22906),
(105001009695, 69.98434, 67.44294, 66.59343, 73.13779),
(105001009709, 67.68205, 68.19932, 65.22505, 64.40977),
(105001009865, 71.14523, 67.33195, 66.53763, 62.98753),
(105001010111, 67.22665, 63.90145, 63.47788, 65.65635),
(105001010367, 72.65508, 68.32257, 63.01791, 72.61498),
(105001010448, 78.87188, 75.36131, 72.79828, 71.03245),
(105001010588, 70.34658, 66.54921, 65.56602, 65.80009),
(105001010855, 70.17500, 67.52643, 64.63004, 70.66562),
(105001011011, 60.79640, 56.01825, 52.84318, 61.31276),
(105001011061, 72.15289, 67.11811, 65.57767, 65.62862),
(105001011070, 80.02045, 76.57378, 75.05122, 71.53479),
(105001011088, 71.54013, 69.18002, 69.72356, 68.36000),
(105001011363, 75.48724, 70.36420, 67.89536, 71.02391),
(105001011461, 72.49315, 70.78600, 68.66703, 71.37663),
(105001011606, 71.72633, 67.45188, 66.48869, 64.68354),
(105001011631, 68.59856, 63.09319, 65.05945, 64.79890),
(105001011690, 72.70512, 69.22040, 66.77245, 63.05577),
(105001011711, 67.43496, 64.38558, 61.98971, 64.17612),
(105001011886, 71.61578, 70.69577, 68.29587, 67.65337),
(105001012092, 73.01017, 69.39060, 65.19685, 67.83972),
(105001012106, 71.66510, 70.27631, 64.35313, 69.30361),
(105001012165, 72.45088, 68.10714, 68.43827, 56.59760),
(105001012696, 67.80782, 64.82982, 60.82832, 63.35751),
(105001012700, 78.30194, 78.19020, 72.95653, 63.46847),
(105001013013, 69.49812, 72.69358, 67.83400, 62.75334),
(105001013072, 66.05361, 66.54422, 67.11111, 63.18429),
(105001013145, 76.15298, 68.97577, 68.52080, 69.08673),
(105001013340, 73.34827, 64.12927, 67.18286, 60.52723),
(105001013439, 74.62337, 67.94734, 65.92876, 66.42339),
(105001013447, 69.92770, 67.11388, 67.41563, 62.69450),
(105001013633, 69.46674, 65.62762, 62.28751, 64.02076),
(105001014052, 65.13887, 64.98357, 62.73967, 56.47220),
(105001014397, 75.32943, 69.19637, 67.44762, 67.97782),
(105001014851, 78.73088, 68.71057, 68.70034, 68.81744),
(105001014869, 64.91181, 64.35318, 61.85862, 56.52539),
(105001015091, 73.32196, 72.87517, 68.85747, 67.79166),
(105001015148, 64.38392, 62.69376, 61.96155, 61.73811),
(105001015172, 72.67847, 66.47285, 69.93956, 62.64317),
(105001015211, 70.04279, 69.57966, 65.49586, 63.14397),
(105001015229, 67.01521, 69.69110, 68.35498, 65.14288),
(105001015831, 71.22948, 70.96145, 69.65755, 68.53989),
(105001016420, 65.52331, 60.59429, 57.71269, 59.43845),
(105001017132, 63.51913, 66.97661, 60.94009, 61.06168),
(105001017876, 74.98864, 71.06236, 72.17058, 67.63848),
(105001017965, 70.30630, 68.92191, 65.30190, 68.26208),
(105001018759, 74.10046, 67.97868, 68.15843, 72.74249),
(105001019011, 70.83223, 71.14449, 69.79955, 67.49516),
(105001019062, 75.80272, 70.63071, 72.66901, 69.08606),
(105001019089, 65.94748, 67.71714, 66.30759, 56.47641),
(105001019143, 68.12279, 67.95939, 63.96189, 59.94349),
(105001019194, 74.13998, 67.98348, 66.84991, 65.87720),
(105001019305, 67.37964, 69.50484, 67.04841, 68.47512),
(105001019330, 69.28514, 70.34737, 69.19227, 66.07648),
(105001019429, 73.68419, 67.08116, 71.30908, 65.13933),
(105001019453, 74.98605, 70.48477, 69.56172, 67.89359),
(105001019534, 75.35790, 70.56197, 67.46973, 70.39180),
(105001019674, 68.38164, 64.95538, 61.56293, 64.03020),
(105001019798, 65.70781, 68.93964, 62.42284, 56.71017),
(105001019925, 60.91112, 60.24696, 55.34857, 50.90773),
(105001020028, 76.26040, 74.17155, 71.72169, 69.42763),
(105001020052, 72.67477, 69.41085, 62.33923, 71.60753),
(105001020273, 77.05367, 73.09952, 73.66724, 68.29621),
(105001021199, 68.06131, 67.58393, 64.59730, 64.60731),
(105001021547, 72.83746, 70.07265, 66.12120, 69.79859),
(105001021636, 68.73636, 64.90685, 66.44675, 67.32712),
(105001021873, 69.56873, 63.92838, 64.21131, 60.56017),
(105001022101, 70.05917, 66.70470, 64.07892, 66.01068),
(105001023965, 73.17029, 71.94987, 71.17829, 72.67649),
(105001024073, 69.77411, 65.27475, 65.81845, 60.17048),
(105001025763, 66.02661, 65.55411, 63.78460, 58.25024),
(105001025771, 73.59651, 71.02261, 70.85072, 63.83522),
(105001025798, 70.29825, 69.09047, 70.55714, 59.84345),
(105001025844, 72.88417, 69.54995, 67.47340, 68.05557),
(105001025984, 69.92888, 59.57534, 61.41975, 66.46486),
(105001025992, 60.62157, 58.91711, 59.45679, 59.27100),
(105001026000, 67.02991, 66.13761, 63.40557, 60.42396),
(105001026131, 66.53088, 65.42898, 61.78586, 61.95996),
(205001001389, 67.78784, 61.60962, 55.77084, 65.31566),
(205001001672, 68.15843, 67.90729, 67.76537, 61.35092),
(205001001966, 71.01449, 67.53796, 67.29469, 78.37010),
(205001002199, 65.57559, 60.39404, 59.87474, 60.83515),
(205001002768, 65.31723, 63.22949, 61.85185, 71.83113),
(205001006119, 69.15727, 65.59854, 67.22839, 75.22144),
(205001006224, 86.15904, 78.67394, 78.51764, 82.63847),
(205001006232, 68.90289, 62.82137, 62.20110, 60.51880),
(205001006526, 71.52711, 71.14284, 72.31582, 69.63921),
(205001007735, 59.49754, 57.60795, 53.62471, 64.90611),
(205001009797, 71.46257, 68.50224, 64.18930, 67.30334),
(205001009916, 69.53354, 66.87460, 64.75575, 66.07476),
(205001010264, 67.92757, 65.80688, 64.60706, 62.93814),
(205001010281, 71.46039, 71.15824, 69.10020, 66.58389),
(205001011031, 67.20719, 63.39908, 64.96502, 62.19870),
(205001012534, 71.50047, 67.71312, 66.59615, 65.29992),
(205001014308, 71.55395, 68.06591, 66.14412, 73.38654),
(205001018745, 62.44396, 61.50793, 54.31141, 54.56937),
(205001019318, 75.96280, 69.71971, 68.29392, 65.08711),
(205001019989, 73.82287, 66.69246, 68.12962, 69.96736),
(205001021452, 67.29267, 60.75024, 63.46451, 71.75602),
(305001004854, 64.88393, 58.90339, 57.51409, 62.91613),
(305001007594, 78.50778, 72.53267, 74.76785, 79.73130),
(305001015287, 64.84128, 64.25012, 62.47374, 65.81609),
(305001015686, 65.73117, 61.95591, 62.81917, 64.39883),
(305001016542, 70.70126, 69.68291, 67.11566, 72.34341),
(305001018022, 75.19741, 74.46552, 68.78201, 63.99325),
(305001018839, 73.76749, 65.15858, 66.36728, 70.92735),
(305001019690, 66.86842, 63.23786, 64.83877, 61.97606),
(305001022232, 75.34148, 76.16105, 66.93723, 69.52119),
(305001022640, 67.26555, 66.62257, 67.54466, 66.46918);

-- --------------------------------------------------------

--
-- Estructura de tabla para la tabla `BaseCPAmbienteEscolar198`
--

CREATE TABLE IF NOT EXISTS `BaseCPAmbienteEscolar198` (
  `dane` bigint(12) DEFAULT NULL,
  `ExpectativasAcademicas` decimal(7,5) DEFAULT NULL,
  `Comunicacion` decimal(7,5) DEFAULT NULL,
  `Participacion` decimal(7,5) DEFAULT NULL,
  `SeguridadRespeto` decimal(7,5) DEFAULT NULL,
  `colegio` varchar(61) DEFAULT NULL,
  `TemaMatematica07` decimal(7,5) DEFAULT NULL,
  `TemaLenguaje07` decimal(7,5) DEFAULT NULL,
  `prmatalto07` decimal(8,7) DEFAULT NULL,
  `prlenalto07` decimal(8,7) DEFAULT NULL,
  `TemaLenguaje10` decimal(7,5) DEFAULT NULL,
  `TemaMatematica10` decimal(7,5) DEFAULT NULL,
  `prmatalto10` decimal(8,7) DEFAULT NULL,
  `prlenalto10` decimal(8,7) DEFAULT NULL,
  `Avanzadom9` decimal(8,7) DEFAULT NULL,
  `Avanzadom5` decimal(8,6) DEFAULT NULL,
  `Avanzadol9` decimal(9,7) DEFAULT NULL,
  `Avanzadol5` decimal(8,6) DEFAULT NULL,
  `Aprobacion5` decimal(8,5) DEFAULT NULL,
  `Aprobacion9` decimal(8,5) DEFAULT NULL,
  `Rextraedad` decimal(8,5) DEFAULT NULL,
  `ProgresoLen5` decimal(7,6) DEFAULT NULL,
  `ProgresoLen9` decimal(7,5) DEFAULT NULL,
  `ProgresoMat5` decimal(7,5) DEFAULT NULL,
  `ProgresoMat9` decimal(8,6) DEFAULT NULL,
  `ProgresoLen11` decimal(8,6) DEFAULT NULL,
  `ProgresoMat11` decimal(7,5) DEFAULT NULL
) ENGINE=MyISAM DEFAULT CHARSET=utf8;

--
-- Volcado de datos para la tabla `BaseCPAmbienteEscolar198`
--

INSERT INTO `BaseCPAmbienteEscolar198` (`dane`, `ExpectativasAcademicas`, `Comunicacion`, `Participacion`, `SeguridadRespeto`, `colegio`, `TemaMatematica07`, `TemaLenguaje07`, `prmatalto07`, `prlenalto07`, `TemaLenguaje10`, `TemaMatematica10`, `prmatalto10`, `prlenalto10`, `Avanzadom9`, `Avanzadom5`, `Avanzadol9`, `Avanzadol5`, `Aprobacion5`, `Aprobacion9`, `Rextraedad`, `ProgresoLen5`, `ProgresoLen9`, `ProgresoMat5`, `ProgresoMat9`, `ProgresoLen11`, `ProgresoMat11`) VALUES
(105001000001, 68.07760, 68.73937, 65.93732, 59.24251, 'INST EDUC JOSE MARIA VELAZ', 40.82000, 47.14000, 0.0000000, 0.0000000, 50.40000, 42.42000, 0.0000000, 0.0000000, -1.0366280, 0.000000, -0.2663037, 1.000000, 86.40000, 81.81818, 84.84849, 9.999999, 50.04493, 50.37714, 41.148080, 86.300350, 50.10484),
(105001000043, 65.95106, 69.25922, 67.32922, 64.62323, 'INST EDUC BARRIO SANTA CRUZ', 44.27619, 45.96769, 0.0797365, -0.0341289, 45.56090, 41.78547, 0.5215423, 0.0063119, 0.0000000, 2.000000, 0.0000000, 2.000000, 83.15790, 82.53968, 80.48843, 9.999999, 50.14516, 51.99142, 50.580650, 35.838960, 49.84138),
(105001000108, 79.73716, 67.38742, 68.02947, 75.50952, 'INST EDUC CEFA', 47.67000, 51.21000, 0.5514706, 0.3676471, 50.31000, 47.59000, 1.9917010, 0.0829876, 1.6399940, 14.866960, 4.1165920, 18.184530, 92.52721, 86.03045, 97.67635, 9.999999, 53.10157, 50.39777, 50.339660, 50.000000, 63.71774),
(105001000132, 67.43816, 64.52038, 60.57034, 64.76394, 'INST EDUC JOSE MARIA BERNAL', 44.48000, 49.19000, 0.0000000, 0.0000000, 47.27500, 45.16000, 1.2820510, 0.0000000, 0.0000000, 13.000000, 2.0000000, 4.000000, 85.00000, 60.86956, 98.71795, 9.999999, 47.61298, 29.53445, 34.838380, 60.476110, 55.95052),
(105001000141, 67.14394, 68.24818, 61.99846, 59.14897, 'INST EDUC CAMILO TORRES RESTREPO', 47.67000, 47.14000, 0.0000000, 0.0000000, 45.10500, 42.33000, 0.0000000, 0.0000000, 0.0000000, 3.000000, 0.0000000, 7.000000, 100.00000, 100.00000, 92.10526, 9.999999, 54.99740, 38.91196, 52.811040, 32.107530, 35.33332),
(105001000175, 63.62101, 67.26794, 65.41719, 62.32865, 'INST EDUC GABRIEL RESTREPO MORENO', 44.48000, 45.01000, 0.0000000, 0.0000000, 44.05000, 42.42000, 0.0000000, 0.0000000, 0.0000000, 4.000000, 0.0000000, 4.000000, 77.23391, 91.52542, 78.86179, 9.999999, 51.27511, 50.37714, 51.020090, 50.079020, 52.55022),
(105001000205, 64.17449, 60.78682, 60.58847, 57.38282, 'INST EDUC SAN AGUSTIN', 44.05100, 46.27098, -0.0413544, -0.0068515, 46.27000, 39.53000, 0.0000000, 0.0000000, 0.0000000, 4.000000, 0.0000000, 9.000000, 86.45833, 84.14634, 87.27273, 9.999999, 51.63569, 39.03519, 43.830310, 49.908020, 48.84122),
(105001000256, 64.92316, 63.28634, 60.12159, 60.11535, 'INST EDUC HECTOR ABAD GOMEZ', 47.67000, 47.14000, 2.4390240, 0.0000000, 44.05000, 39.53000, 0.5263158, 0.0000000, 1.0655210, 2.000000, 0.8964209, 11.000000, 95.90301, 92.12924, 67.89473, 9.999999, 50.46115, 51.69579, 52.070310, 10.086020, 31.00545),
(105001000353, 66.30527, 64.25573, 59.23390, 65.96680, 'INST EDUC JUAN DE LA CRUZ POSADA', 44.48000, 47.14000, 0.0000000, 0.0000000, 46.27000, 42.42000, 0.0000000, 0.0000000, 1.0000000, 7.000000, 1.0000000, 15.000000, 95.45576, 91.33372, 94.94949, 9.999999, 48.77213, 38.27924, 38.941220, 60.890110, 52.55022),
(105001000396, 73.89651, 73.41563, 72.74921, 68.79987, 'INST EDUC JOSE ACEVEDO Y GOMEZ', 44.48000, 47.14000, 0.0000000, 0.0000000, 46.16000, 42.42000, 0.0000000, 0.0000000, 0.0000000, 5.000000, 0.0000000, 9.000000, 97.07317, 89.34911, 72.07792, 9.999999, 57.05645, 44.87715, 57.056450, 37.612900, 52.55022),
(105001000418, 68.00340, 63.45958, 66.65432, 63.30618, 'INST EDUC LA MILAGROSA', 40.82000, 45.01000, 0.0000000, 0.0000000, 46.16000, 43.71500, 2.0000000, 0.0000000, 0.0000000, 6.000000, 0.0000000, 6.000000, 90.69768, 81.92091, 95.00000, 9.999999, 56.06320, 58.34931, 31.865880, 50.869170, 50.16667),
(105001000485, 75.69025, 73.78712, 68.79441, 71.55524, 'INST EDUC LA SALLE DE CAMPOAMOR', 47.67000, 47.14000, 0.0000000, 0.0000000, 46.27000, 47.59000, 1.2269940, 0.0000000, 7.0000000, 28.000000, 4.0000000, 24.000000, 97.69231, 79.08497, 87.73006, 9.999999, 72.81884, 74.89516, 72.818840, 60.890110, 63.71774),
(105001000566, 65.79951, 64.43022, 63.00000, 66.13062, 'INST EDUC CARACAS', 44.48000, 47.14000, 0.0000000, 0.0000000, 43.93000, 45.16000, 0.0000000, 0.0000000, 0.0000000, 9.000000, 6.0000000, 9.000000, 93.69928, 94.73685, 73.52941, 9.999999, 68.75519, 50.00000, 43.118280, 3.204301, 55.95052),
(105001000621, 66.00600, 63.92692, 65.80299, 61.45601, 'INST EDUC ESCUELA NORMAL SUPERIOR DE MEDELLIN', 47.67000, 53.22000, 4.3010750, 0.0000000, 52.38000, 52.66000, 1.1494250, 0.0000000, 2.6423820, 18.000000, 5.8943070, 24.000000, 98.47328, 84.17722, 98.85057, 9.999999, 56.61584, 54.42525, 54.202330, 52.607930, 85.27419),
(105001000795, 69.92966, 64.44991, 63.18926, 62.20467, 'INST EDUC ALFREDO COCK ARANGO', 44.48000, 45.01000, 0.0000000, 0.0000000, 44.05000, 39.53000, 0.0000000, 0.0000000, 0.0000000, 9.000000, 0.0000000, 7.000000, 97.59780, 99.32433, 87.85047, 9.999999, 52.31990, 45.62806, 55.567760, 50.079020, 31.33151),
(105001000809, 64.27267, 63.09082, 60.92968, 59.25048, 'INST EDUC PERPETUO SOCORRO', 44.48000, 47.14000, 0.0000000, 0.0000000, 46.16000, 40.93000, 0.0000000, 0.0000000, 0.0000000, 9.000000, 5.0000000, 6.000000, 93.26773, 92.68293, 98.48485, 9.999999, 46.43882, 45.19495, 40.791230, 37.612900, 50.51004),
(105001000841, 74.84978, 71.03238, 66.21830, 76.38741, 'INST EDUC JESUS MARIA   EL ROSAL', 53.20000, 55.25000, 6.4102570, 2.5641030, 50.31000, 50.14000, 2.3255810, 0.0000000, 2.0000000, 16.000000, 3.0000000, 26.000000, 95.38461, 88.81579, 100.00000, 9.999999, 55.14085, 72.64423, 58.259970, 49.983870, 49.99194),
(105001000868, 70.35963, 70.29757, 69.37768, 64.57359, 'INST EDUC REPUBLICA DE VENEZUELA', 40.82000, 45.01000, 0.0000000, 0.0000000, 43.93000, 42.33000, 0.0000000, 0.0000000, 0.0000000, 8.000000, 0.0000000, 12.000000, 96.42857, 95.38461, 84.05797, 9.999999, 26.48387, 54.28402, 26.483870, 42.532700, 50.05107),
(105001000876, 70.44957, 65.13692, 64.36418, 55.52610, 'INST EDUC JAVIERA LONDOÑO-SEVILLA', 44.48000, 47.14000, 0.0000000, 0.0000000, 46.27000, 42.33000, 0.0000000, 0.0000000, 0.0000000, 8.000000, 0.0000000, 7.000000, 95.91837, 86.42857, 80.18018, 9.999999, 51.85687, 53.74805, 50.474090, 60.890110, 50.85007),
(105001000931, 72.46591, 66.78783, 66.88673, 69.64766, 'INST EDUC DIEGO ECHAVARRIA MISAS', 44.48000, 49.19000, 0.4219409, 0.4219409, 46.27000, 47.59000, 1.4084510, 0.0000000, 0.0000000, 10.000000, 0.0000000, 18.000000, 92.56757, 78.49829, 95.30516, 9.999999, 43.77668, 52.56033, 66.091310, 42.872340, 56.63058),
(105001000981, 69.53774, 66.63773, 67.69731, 62.81049, 'INST EDUC GILBERTO ALZATE AVENDAÑO', 44.48000, 45.01000, 0.0000000, 0.0000000, 44.05000, 42.42000, 0.3367003, 0.0000000, 1.0000000, 8.000000, 1.0000000, 11.000000, 93.27592, 74.29578, 80.80808, 9.999999, 55.77050, 45.40538, 16.685480, 50.079020, 52.55022),
(105001000990, 71.61782, 68.19583, 64.45238, 67.32256, 'INST EDUC GONZALO RESTREPO JARAMILLO', 44.48000, 47.14000, 0.0000000, 0.0000000, 46.27000, 42.33000, 0.0000000, 0.0000000, 1.0000000, 15.000000, 7.0000000, 15.000000, 98.86364, 97.83784, 91.30435, 9.999999, 62.80713, 49.42439, 51.280710, 60.890110, 50.85007),
(105001001023, 70.55129, 68.78200, 68.15242, 68.65403, 'INST EDUC ANTONIO RICAURTE', 47.67000, 49.19000, 0.0000000, 0.0000000, 44.05000, 42.42000, 0.0000000, 0.0000000, 0.0000000, 13.000000, 0.0000000, 11.000000, 97.70115, 98.68421, 98.50746, 9.999999, 46.79440, 57.06120, 46.541580, 26.122330, 40.14207),
(105001001121, 70.76617, 64.94969, 63.58085, 62.79220, 'INST EDUC JOSE ROBERTO VASQUEZ', 44.48000, 49.19000, 0.0000000, 0.0000000, 46.16000, 42.42000, 0.0000000, 0.0000000, 1.0000000, 11.000000, 1.0000000, 11.000000, 97.88733, 80.00000, 94.73685, 9.999999, 42.87234, 49.53818, 47.505320, 33.250000, 52.55022),
(105001001155, 77.09894, 75.75311, 70.96965, 72.78015, 'INST EDUC SAN JUAN BAUTISTA DE LA SALLE', 44.48000, 45.01000, 0.0000000, 0.0000000, 46.21500, 45.01000, 1.7241380, 0.0000000, 2.0000000, 2.000000, 0.0000000, 3.000000, 88.52459, 87.61062, 87.93104, 9.999999, 26.00550, 53.09793, 45.059960, 51.817360, 54.67541),
(105001001198, 65.12746, 62.16711, 62.07535, 66.05333, 'INST  EDUC AURES', 44.48000, 47.14000, 0.0000000, 0.0000000, 46.27000, 45.01000, 0.0000000, 0.0000000, 0.0000000, 2.000000, 0.0000000, 8.000000, 87.80488, 85.71429, 87.50000, 9.999999, 53.91688, 53.12337, 49.603350, 60.890110, 54.67541),
(105001001236, 68.49876, 67.70169, 64.21774, 69.02032, 'INST EDUC REPUBLICA DE BARBADOS', 40.82000, 47.14000, 0.0000000, 0.0000000, 46.27000, 42.42000, 2.3255810, 0.0000000, 0.0000000, 10.000000, 0.0000000, 12.000000, 85.61151, 85.13514, 88.37209, 9.999999, 46.98526, 59.07509, 62.230360, 60.890110, 50.10484),
(105001001252, 70.25191, 71.42447, 69.83117, 62.58316, 'INST EDUC CRISTOBAL COLON', 44.48000, 47.14000, 0.0000000, 0.0000000, 44.05000, 42.42000, 0.0000000, 0.0000000, 0.0000000, 6.000000, 1.0000000, 4.000000, 94.87180, 81.05263, 92.30769, 9.999999, 55.95338, 28.54492, 43.901890, 10.086020, 52.55022),
(105001001279, 61.76299, 61.85161, 60.56133, 62.37589, 'INST EDUC CIRO MENDIA', 40.82000, 45.01000, 0.0000000, 0.5714285, 43.93000, 42.33000, 0.0000000, 0.0000000, 0.0000000, 9.000000, 0.0000000, 11.000000, 97.89916, 61.59539, 69.42675, 9.999999, 31.35982, 43.40525, 48.903520, 42.532700, 50.05107),
(105001001317, 79.99194, 77.30324, 73.24980, 77.39100, 'INST EDUC MADRE MARIA MAZARELLO', 50.54000, 53.22000, 2.7027030, 0.0000000, 50.31000, 47.70000, 3.4482760, 0.0000000, 2.3288430, 14.018740, 4.2696540, 19.152510, 93.33334, 94.80519, 96.55172, 9.999999, 50.96592, 47.81892, 47.759970, 49.944130, 49.95810),
(105001001368, 63.08799, 61.64273, 58.48817, 58.55560, 'INST EDUC ALVARO MARIN VELASCO', 40.82000, 48.16500, 0.0000000, 0.0000000, 44.05000, 40.93000, 0.0000000, 0.0000000, 0.0000000, 0.000000, 0.0000000, 6.000000, 94.11765, 86.79245, 79.41177, 9.999999, 51.69389, 49.77957, 50.519420, 23.132080, 50.04032),
(105001001473, 63.87435, 62.66994, 60.72145, 61.14187, 'INST EDUC MANUELA BELTRAN', 44.48000, 47.14000, 0.0000000, 0.0000000, 46.27000, 42.33000, 1.3513510, 0.0000000, 0.0000000, 7.000000, 0.0000000, 10.000000, 90.79755, 86.09272, 85.13514, 9.999999, 56.62478, 55.53006, 36.433650, 60.890110, 50.85007),
(105001001490, 68.89594, 61.90056, 65.38733, 65.16447, 'INST EDUC LOLA GONZALEZ', 44.48000, 49.19000, 0.0000000, 0.0000000, 48.28000, 45.16000, 0.0000000, 0.7272727, 1.0000000, 14.000000, 3.0000000, 17.000000, 96.47887, 90.78213, 97.09091, 9.999999, 47.77368, 51.26628, 61.976480, 63.968150, 55.95052),
(105001001562, 70.46182, 64.22105, 61.49772, 65.26426, 'INST EDUC JAVIERA LONDOÑO', 44.48000, 49.19000, 0.0000000, 0.3717472, 50.31000, 47.59000, 0.3125000, 0.3125000, 1.0000000, 9.000000, 4.0000000, 9.000000, 100.00000, 97.43590, 95.31250, 9.999999, 68.44311, 52.14622, 66.766460, 83.174360, 56.63058),
(105001001635, 67.61890, 64.80820, 65.46296, 63.69308, 'INST EDUC YERMO Y PARRES', 46.07500, 49.19000, 0.7692308, 0.0000000, 48.37000, 47.59000, 2.5316460, 0.0000000, 5.0000000, 22.000000, 4.0000000, 16.000000, 96.03175, 87.10043, 98.10126, 9.999999, 78.22883, 53.62742, 53.528600, 77.936300, 68.51821),
(105001001651, 65.99158, 60.66924, 59.65523, 56.50459, 'INST EDUC JOSE CELESTINO MUTIS', 44.48000, 47.14000, 0.0000000, 0.0000000, 46.16000, 46.37500, 0.0000000, 0.0000000, 4.0000000, 9.000000, 2.0000000, 7.000000, 92.10526, 97.61904, 93.90244, 9.999999, 58.29776, 56.78852, 41.954350, 37.612900, 56.54557),
(105001001660, 69.32881, 70.91994, 66.36967, 61.43663, 'INST EDUC JOSE ANTONIO GALAN', 44.48000, 47.14000, 0.0000000, 0.0000000, 46.16000, 39.53000, 0.0000000, 0.0000000, 0.0000000, 3.000000, 0.0000000, 4.000000, 89.38053, 75.00000, 86.30137, 9.999999, 31.93456, 28.58911, 50.419810, 37.612900, 31.33151),
(105001001686, 71.98170, 67.84272, 65.77175, 64.79306, 'INST EDUC RICARDO URIBE ESCOBAR', 44.48000, 45.01000, 0.0000000, 0.0000000, 41.64000, 45.01000, 0.0000000, 0.0000000, 0.0000000, 10.000000, 0.0000000, 0.000000, 88.46153, 77.41935, 87.50000, 9.999999, 64.11205, 55.27041, 73.184080, 37.554500, 54.67541),
(105001001791, 69.12766, 66.41017, 62.19014, 67.24300, 'INST EDUC GERARDO VALENCIA CANO', 44.48000, 51.21000, 0.0000000, 0.0000000, 46.16000, 47.59000, 1.9607840, 0.0000000, 0.0000000, 18.000000, 0.0000000, 13.000000, 92.18384, 70.58823, 96.07843, 9.999999, 55.48241, 65.20660, 34.065170, 46.714150, 56.63058),
(105001001805, 69.20962, 70.65967, 69.59401, 61.66253, 'INST EDUC FE Y ALEGRIA POPULAR NRO. 1', 42.65000, 45.01000, 0.0000000, 0.0000000, 44.05000, 42.33000, 0.0000000, 0.0000000, 0.0000000, 2.000000, 0.0000000, 3.000000, 95.17544, 84.42623, 89.15663, 9.999999, 30.25806, 53.28463, 25.032260, 50.079020, 50.72992),
(105001001848, 72.42432, 67.16570, 64.62215, 71.38964, 'INST EDUC SOR JUANA INES DE LA CRUZ', 47.67000, 49.19000, 1.6949150, 0.0000000, 46.27000, 45.16000, 4.2253520, 0.0000000, 8.0000000, 15.000000, 5.0000000, 18.000000, 83.05085, 86.17021, 98.59155, 9.999999, 77.29032, 63.59212, 80.193550, 42.872340, 49.75956),
(105001002003, 75.69650, 73.74723, 69.56084, 67.37867, 'INST EDUC SAN ROBERTO BELARMINO', 44.48000, 51.21000, 0.0000000, 0.0000000, 46.27000, 45.16000, 0.0000000, 0.0000000, 0.0000000, 6.000000, 4.0000000, 7.000000, 100.00000, 81.39535, 94.11765, 9.999999, 48.03501, 29.07572, 36.707400, 48.058360, 55.95052),
(105001002011, 68.99065, 63.28571, 61.32606, 58.96675, 'INST EDUC FEDERICO OZANAM', 47.67000, 49.19000, 0.5524862, 0.0000000, 46.16000, 42.42000, 0.4149378, 0.0000000, 0.0000000, 8.000000, 2.0000000, 3.000000, 94.68085, 89.08450, 75.93361, 9.999999, 66.45726, 37.17724, 42.533010, 33.250000, 40.14207),
(105001002020, 70.68806, 67.77143, 66.00428, 69.42262, 'INST EDUC RAFAEL URIBE URIBE', 44.48000, 45.01000, 0.0000000, 0.0000000, 46.01811, 43.68331, 0.2565582, 0.0665065, 1.0000000, 14.000000, 4.0000000, 19.000000, 98.78049, 85.06493, 88.92368, 9.999999, 73.56983, 46.90322, 67.022650, 56.170760, 53.41537),
(105001002038, 61.69485, 56.86932, 59.55549, 55.80635, 'INST EDUC JOSE EUSEBIO CARO', 47.67000, 47.14000, 0.0000000, 0.0000000, 46.21500, 50.42000, 0.0000000, 0.0000000, 0.0000000, 13.000000, 10.0000000, 8.000000, 94.26230, 91.66667, 90.47619, 9.999999, 73.95112, 52.35373, 69.874340, 59.075090, 83.31451),
(105001002071, 69.03188, 67.82332, 69.16833, 63.66788, 'INST EDUC BENJAMIN HERRERA', 44.48000, 45.01000, 0.0000000, 0.0000000, 41.64000, 36.50000, 0.0000000, 0.0000000, 2.0000000, 0.000000, 2.0000000, 2.000000, 91.39785, 73.61111, 22.22222, 9.999999, 47.23387, 43.55425, 41.701610, 37.554500, 28.99795),
(105001002101, 65.76753, 64.97800, 60.69828, 63.86394, 'INST EDUC JUAN DE DIOS COCK', 47.67000, 49.19000, 0.0000000, 0.0000000, 46.21500, 42.42000, 1.3513510, 0.0000000, 2.0000000, 11.000000, 0.0000000, 6.000000, 92.07317, 84.11215, 100.00000, 9.999999, 49.51748, 46.31241, 45.102390, 41.803190, 40.14207),
(105001002119, 67.93415, 64.36774, 61.70950, 63.43530, 'INST EDUC MARCO FIDEL SUAREZ', 44.48000, 47.14000, 0.0000000, 0.0000000, 46.16000, 42.33000, 0.9661835, 0.0000000, 1.0000000, 12.000000, 1.0000000, 23.000000, 88.65079, 77.27273, 73.42995, 9.999999, 42.50390, 63.89894, 46.251950, 37.612900, 50.85007),
(105001002135, 78.16733, 75.21792, 72.20929, 71.19365, 'INST EDUC RAMON MUNERA LOPERA', 44.48000, 51.21000, 0.0000000, 0.0000000, 46.27000, 42.42000, 0.0000000, 1.6949150, 0.0000000, 2.000000, 0.0000000, 2.000000, 92.54340, 94.62366, 79.66102, 9.999999, 29.70376, 50.00000, 40.833950, 48.058360, 52.55022),
(105001002305, 73.70952, 72.64172, 72.84265, 72.58533, 'INST EDUC MARISCAL ROBLEDO', 44.48000, 45.01000, 0.0000000, 0.0000000, 46.16000, 42.33000, 0.0000000, 0.0000000, 0.0000000, 2.000000, 0.0000000, 5.000000, 97.77778, 87.17949, 85.33334, 9.999999, 53.25169, 41.68816, 46.889100, 50.869170, 50.85007),
(105001002348, 66.61977, 66.78024, 68.12097, 63.19666, 'INST EDUC FE Y ALEGRIA SANTO DOMINGO SAVIO', 44.48000, 49.19000, 1.5267180, 0.0000000, 46.27000, 42.33000, 0.6535948, 0.0000000, 0.0000000, 4.000000, 0.0000000, 6.000000, 82.85715, 94.31818, 88.23530, 9.999999, 24.01049, 50.64721, 40.317630, 42.872340, 50.85007),
(105001002356, 80.15968, 75.82259, 71.22014, 66.63608, 'INST EDUC GABRIEL GARCIA MARQUEZ', 44.48000, 47.14000, 0.0000000, 0.0000000, 46.16000, 42.42000, 0.0000000, 0.0000000, 0.0000000, 3.000000, 0.0000000, 5.000000, 98.69546, 91.08911, 86.88525, 9.999999, 52.71936, 42.62878, 47.947160, 37.612900, 52.55022),
(105001002461, 69.44183, 65.99580, 63.53237, 69.18729, 'INST EDUC LUCRECIO JARAMILLO VELEZ', 44.48000, 45.01000, 0.0000000, 0.0000000, 46.27000, 47.70000, 3.1250000, 1.0416670, 2.0000000, 15.000000, 6.0000000, 19.000000, 100.00000, 78.89909, 88.54167, 9.999999, 68.14516, 52.21181, 57.728490, 51.935890, 57.22564),
(105001002470, 66.36845, 61.86230, 63.01808, 63.24267, 'INST EDUC SAN VICENTE DE PAUL', 44.48000, 45.01000, 0.0000000, 0.0000000, 46.27000, 42.42000, 0.4291846, 0.0000000, 0.0000000, 5.000000, 1.0000000, 5.000000, 97.20732, 90.13926, 95.27897, 9.999999, 53.77830, 50.87093, 59.655660, 51.935890, 52.55022),
(105001002488, 71.08318, 70.79278, 68.59869, 64.33068, 'INST EDUC PEDRO LUIS VILLA', 44.48000, 45.01000, 0.0000000, 0.0000000, 44.05000, 45.01000, 0.0000000, 0.0000000, 2.0000000, 4.000000, 0.0000000, 5.000000, 98.88889, 82.14286, 87.50000, 9.999999, 50.33524, 17.69079, 50.000000, 50.079020, 54.67541),
(105001002496, 70.48094, 68.32430, 68.61728, 65.57517, 'INST EDUC CRISTO REY', 47.67000, 47.14000, 4.0816330, 0.0000000, 46.27000, 47.59000, 2.3529410, 1.1764710, 0.0000000, 10.000000, 0.0000000, 5.000000, 100.00000, 88.88889, 88.23530, 9.999999, 58.70968, 52.64418, 55.225810, 60.890110, 63.71774),
(105001002526, 65.82133, 63.90319, 64.06173, 60.31719, 'INST EDUC SAMUEL BARRIENTOS RESTREPO', 44.48000, 47.14000, 0.0000000, 0.0000000, 44.05000, 42.33000, 0.5102041, 0.0000000, 0.0000000, 6.000000, 0.0000000, 6.000000, 97.48808, 96.34146, 76.53061, 9.999999, 39.64458, 50.48661, 33.272020, 10.086020, 50.85007),
(105001002780, 63.56579, 64.47780, 56.62955, 55.40994, 'INST EDUC SAN FRANCISCO DE ASIS', 44.48000, 45.01000, 0.0000000, 0.0000000, 45.10500, 39.53000, 0.0000000, 0.0000000, 0.0000000, 2.000000, 0.0000000, 4.000000, 97.56097, 72.30769, 90.47619, 9.999999, 50.15365, 50.11174, 50.097780, 50.711140, 31.33151),
(105001002798, 71.90284, 71.26527, 65.96913, 71.69093, 'INST EDUC MATER DEI', 44.48000, 50.20000, 0.0000000, 0.0000000, 50.40000, 50.28000, 6.5217390, 0.0000000, 0.0000000, 21.000000, 7.0000000, 24.000000, 89.13044, 93.18182, 93.47826, 9.999999, 51.74862, 48.79781, 45.608870, 59.643650, 57.39565),
(105001002895, 70.42378, 67.95866, 65.99232, 67.24525, 'INST EDUC FRANCISCO ANTONIO ZEA', 47.67000, 49.19000, 0.0000000, 0.6289308, 48.37000, 47.59000, 2.5974030, 0.0000000, 3.0000000, 7.000000, 2.0000000, 19.000000, 94.98046, 69.23077, 93.50649, 9.999999, 65.13979, 56.37256, 54.129030, 77.936300, 63.71774),
(105001002976, 69.44840, 69.09654, 67.90860, 67.40716, 'INST EDUC LA PIEDAD', 46.07500, 47.14000, 0.0000000, 0.0000000, 44.05000, 42.33000, 0.0000000, 0.0000000, 0.0000000, 8.000000, 0.0000000, 6.000000, 88.76405, 82.55814, 97.56097, 9.999999, 53.89634, 55.05701, 53.339720, 10.086020, 32.80204),
(105001003123, 66.96498, 64.52546, 58.39308, 61.58163, 'INST EDUC FATIMA NUTIBARA', 47.67000, 47.14000, 0.0000000, 0.0000000, 48.28000, 45.08500, 1.4285710, 0.0000000, 0.0000000, 13.000000, 3.0000000, 16.000000, 97.05882, 83.56164, 90.00000, 9.999999, 65.32447, 46.96807, 54.276600, 77.830280, 49.03825),
(105001003131, 61.88074, 58.91742, 60.36875, 58.81763, 'INST EDUC REPUBLICA DE HONDURAS', 44.48000, 45.01000, 0.0000000, 0.0000000, 46.27000, 42.42000, 0.0000000, 0.0000000, 0.0000000, 2.000000, 0.0000000, 4.000000, 80.34188, 90.00000, 82.35294, 9.999999, 61.04787, 50.75368, 65.324470, 51.935890, 52.55022),
(105001003221, 76.35852, 73.87595, 71.52731, 68.38060, 'INST EDUC MANUEL JOSE CAYZEDO', 44.48000, 45.01000, 0.0000000, 0.0000000, 44.05000, 42.42000, 0.0000000, 0.0000000, 2.0000000, 4.000000, 2.0000000, 7.000000, 94.44444, 97.10145, 91.66667, 9.999999, 23.23417, 50.83962, 16.190530, 50.079020, 52.55022),
(105001003271, 73.16912, 70.78136, 69.08899, 66.11163, 'INST EDUC OCTAVIO HARRY', 40.82000, 45.01000, 0.0000000, 0.0000000, 48.32500, 45.08500, 1.9230770, 0.0000000, 0.0000000, 8.000000, 2.0000000, 13.000000, 95.38461, 74.64789, 80.76923, 9.999999, 66.14199, 51.98323, 68.925090, 53.358170, 50.20430),
(105001003280, 66.60493, 67.04051, 63.41311, 60.19641, 'INST EDUC MARIA MONTESSORI', 44.48000, 47.14000, 0.0000000, 0.5025126, 44.05000, 39.53000, 0.0000000, 0.0000000, 0.0000000, 11.000000, 0.0000000, 11.000000, 98.95833, 83.33333, 73.04964, 9.999999, 58.29839, 48.85746, 67.518810, 10.086020, 31.33151),
(105001003298, 68.82972, 63.95752, 64.80398, 68.08923, 'INST EDUC LORENZA VILLEGAS DE SANTOS', 44.48000, 49.19000, 0.0000000, 0.0000000, 46.16000, 42.33000, 0.0000000, 0.0000000, 1.0000000, 6.000000, 5.0000000, 18.000000, 98.92473, 95.39170, 98.15951, 9.999999, 54.72308, 49.45677, 46.288160, 33.250000, 50.85007),
(105001003387, 73.66975, 70.08162, 70.61718, 61.66108, 'INST EDUC SANTA ROSA DE LIMA', 44.48000, 45.01000, 0.0000000, 0.0000000, 44.05000, 42.33000, 0.0000000, 0.0000000, 0.0000000, 7.000000, 1.0000000, 3.000000, 90.63492, 81.18279, 88.96552, 9.999999, 46.52951, 46.15142, 28.020240, 50.079020, 50.85007),
(105001003425, 79.57438, 73.01574, 70.83721, 77.88612, 'INST EDUC JOSE MARIA BRAVO MARQUEZ', 44.48000, 49.19000, 0.0000000, 0.0000000, 46.27000, 45.01000, 1.4851490, 0.0000000, 0.0000000, 12.000000, 1.0000000, 11.000000, 92.43243, 80.92105, 87.62376, 9.999999, 49.39891, 50.10384, 48.948090, 42.872340, 54.67541),
(105001003441, 67.38572, 59.46839, 59.84906, 56.13708, 'INS TEC INDUSTRIAL PASCUAL BRAVO', 47.67000, 49.19000, 1.3513510, 0.0000000, 50.40000, 55.62000, 5.6179780, 0.0000000, 8.0000000, 24.533660, 5.0000000, 22.452530, 90.41862, 80.95238, 98.87640, 9.999999, 59.31286, 54.61293, 52.030320, 88.412410, 87.23387),
(105001003450, 72.83395, 67.30186, 65.61950, 67.61047, 'INST EDUC ROSALIA SUAREZ', 47.67000, 49.19000, 0.0000000, 0.0000000, 48.28000, 42.42000, 0.0000000, 1.2195120, 0.0000000, 11.000000, 7.0000000, 11.000000, 99.29578, 90.38461, 96.34146, 9.999999, 48.22522, 42.88361, 39.870560, 63.968150, 40.14207),
(105001004472, 77.86079, 72.90368, 69.81089, 74.65044, 'INST EDUC LA PRESENTACION', 50.54000, 49.19000, 0.0000000, 0.0000000, 49.34000, 45.08500, 0.0000000, 0.0000000, 2.0000000, 26.000000, 14.0000000, 45.000000, 90.58823, 97.40260, 100.00000, 9.999999, 55.50624, 75.93050, 55.973940, 81.428340, 49.70667),
(105001004791, 72.98604, 65.75423, 61.29147, 67.25874, 'INST EDUC SANTO ANGEL', 47.67000, 53.22000, 0.0000000, 0.0000000, 52.29000, 52.66000, 5.3763440, 1.0752690, 3.0000000, 33.000000, 11.0000000, 35.000000, 83.66013, 91.59664, 96.77420, 9.999999, 49.91499, 50.00000, 48.979910, 52.607930, 85.27419),
(105001005291, 73.81323, 71.00333, 68.79401, 67.14575, 'INST EDUC CAMPO VALDES', 44.48000, 45.01000, 0.0000000, 0.0000000, 46.27000, 42.42000, 0.0000000, 0.0000000, 0.0000000, 7.000000, 0.0000000, 11.000000, 76.08696, 69.44444, 92.64706, 9.999999, 53.10432, 38.91196, 28.841510, 51.935890, 52.55022),
(105001005339, 72.85081, 75.66913, 75.00940, 64.11073, 'INST EDUC MONSEÑOR FRANCISCO CRISTOBAL TORO', 44.48000, 47.14000, 0.0000000, 0.0000000, 46.16000, 42.33000, 1.0309280, 0.0000000, 0.0000000, 4.000000, 0.0000000, 6.000000, 97.10624, 90.60403, 81.44330, 9.999999, 36.30693, 50.00000, 49.558290, 37.612900, 50.85007),
(105001005347, 65.65382, 66.88254, 64.99321, 66.57073, 'INST EDUC TULIO OSPINA', 44.48000, 47.14000, 0.0000000, 0.7575758, 46.27000, 42.42000, 0.0000000, 0.8547009, 0.0000000, 13.000000, 2.0000000, 10.000000, 91.96912, 81.24574, 93.16239, 9.999999, 38.50489, 47.67435, 42.134920, 60.890110, 52.55022),
(105001005410, 71.62813, 68.50413, 69.51910, 70.75396, 'INST EDUC JUAN DE DIOS CARVAJAL', 46.07500, 47.14000, 0.0000000, 0.0000000, 47.27500, 45.08500, 1.2820510, 0.0000000, 0.0000000, 9.000000, 0.0000000, 4.000000, 97.43590, 79.48718, 96.15385, 9.999999, 38.29285, 37.00743, 25.122320, 76.620260, 49.70348),
(105001005495, 68.97793, 65.68330, 65.83757, 60.73234, 'INST EDUC REPUBLICA DE URUGUAY', 44.48000, 47.14000, 0.0000000, 0.0000000, 43.93000, 42.42000, 0.0000000, 0.0000000, 0.0000000, 12.000000, 4.0000000, 11.000000, 88.23530, 84.07643, 97.72727, 9.999999, 67.89247, 58.84077, 62.387100, 3.204301, 52.55022),
(105001005525, 63.80748, 62.09480, 57.00581, 59.82512, 'INST EDUC ENRIQUE OLAYA HERRERA', 44.48000, 42.76000, 0.0000000, 0.0000000, 44.05000, 39.53000, 0.0000000, 0.0000000, 0.0000000, 0.000000, 0.0000000, 0.000000, 91.07143, 87.67123, 92.10526, 9.999999, 51.02644, 50.42076, 53.489910, 50.018820, 31.33151),
(105001005878, 69.26619, 63.43705, 67.02742, 67.74767, 'INST EDUC FRANCISCO MIRANDA', 44.48000, 42.76000, 0.0000000, 0.0000000, 46.16000, 42.33000, 0.6329114, 0.0000000, 0.0000000, 3.000000, 1.0000000, 3.000000, 80.00000, 61.67664, 69.62025, 9.999999, 38.66510, 51.87402, 32.367930, 50.072580, 50.85007),
(105001006068, 75.78587, 73.12725, 70.11789, 72.49341, 'INST EDUC DINAMARCA', 46.07500, 45.01000, 0.0000000, 0.0000000, 46.16000, 42.42000, 0.0000000, 0.0000000, 2.0000000, 7.000000, 6.0000000, 34.000000, 95.00000, 76.31579, 96.20254, 9.999999, 59.23640, 52.51603, 58.254710, 50.869170, 38.73238),
(105001006092, 68.76069, 65.37081, 60.74640, 66.80536, 'INST EDUC JULIO CESAR GARCIA', 44.48000, 49.19000, 2.4096380, 0.0000000, 48.28000, 45.01000, 0.0000000, 0.0000000, 0.0000000, 8.000000, 4.0000000, 11.000000, 90.21739, 96.66666, 98.66667, 9.999999, 71.90986, 56.58527, 42.114360, 63.968150, 54.67541),
(105001006181, 70.69241, 66.65570, 64.63734, 63.45175, 'INST EDUC PEDRO OCTAVIO AMADO', 44.48000, 47.14000, 1.1494250, 0.0000000, 46.27000, 45.01000, 1.4285710, 0.0000000, 0.0000000, 5.000000, 0.0000000, 3.000000, 96.87500, 90.90910, 94.28571, 9.999999, 52.51879, 50.93169, 68.890950, 60.890110, 54.67541),
(105001006246, 71.72303, 71.96504, 69.22242, 63.18344, 'INST EDUC JORGE ROBLEDO', 44.48000, 47.14000, 0.0000000, 0.0000000, 48.28000, 42.42000, 1.6949150, 0.0000000, 0.0000000, 2.000000, 0.0000000, 7.000000, 95.29412, 76.78571, 84.74577, 9.999999, 20.75743, 34.86021, 26.197910, 77.830280, 52.55022),
(105001006483, 63.14412, 61.79150, 60.41005, 60.76870, 'INST EDUC RODRIGO CORREA PALACIO', 47.67000, 47.14000, 0.0000000, 0.0000000, 46.16000, 40.97500, 0.0000000, 0.0000000, 0.0000000, 4.000000, 0.0000000, 4.000000, 97.05882, 91.89189, 92.30769, 9.999999, 50.19769, 55.79602, 50.022810, 37.612900, 35.09288),
(105001006718, 76.29577, 72.47375, 70.03648, 74.43282, 'INST EDUC ASIA IGNACIANA', 42.65000, 45.01000, 0.0000000, 0.0000000, 46.27000, 42.42000, 1.0752690, 0.0000000, 0.0000000, 5.000000, 1.0000000, 10.000000, 85.79203, 93.58974, 92.47312, 9.999999, 40.83944, 48.40688, 45.618860, 51.935890, 51.94645),
(105001006980, 77.65560, 71.36644, 73.20613, 65.40892, 'INST EDUC CONCEJO DE MEDELLIN', 47.67000, 49.19000, 1.7492710, 0.2915452, 48.28000, 45.01000, 2.1671830, 0.0000000, 2.0000000, 8.000000, 3.0000000, 9.000000, 96.96970, 55.91398, 83.59133, 9.999999, 63.26819, 47.14539, 42.538890, 63.968150, 46.15300),
(105001007111, 66.20095, 63.05758, 60.56594, 64.47556, 'INST EDUC SEBASTIAN DE BELALCAZAR', 44.48000, 47.14000, 0.0000000, 0.0000000, 44.05000, 40.93000, 0.0000000, 0.0000000, 0.0000000, 6.000000, 0.0000000, 2.000000, 91.01124, 85.89743, 84.78262, 9.999999, 48.38708, 48.12236, 50.691150, 10.086020, 50.51004),
(105001007188, 70.41151, 65.04269, 64.75366, 65.83550, 'INST EDUC BENEDIKTA ZUR NIEDEN', 44.48000, 47.14000, 0.0000000, 0.0000000, 46.16000, 45.16000, 0.0000000, 0.0000000, 1.0000000, 5.000000, 0.0000000, 7.000000, 93.50649, 86.07595, 89.76378, 9.999999, 54.08036, 34.80265, 53.570310, 37.612900, 55.95052),
(105001007218, 73.94738, 72.70853, 71.22239, 67.59535, 'INST EDUC MARIA DE LOS ANGELES CANO MARQUEZ', 47.67000, 47.14000, 0.0000000, 0.0000000, 46.16000, 42.42000, 1.0526320, 0.0000000, 1.0000000, 0.000000, 1.0000000, 4.000000, 84.09090, 90.19608, 82.10526, 9.999999, 56.12054, 50.54744, 58.840770, 37.612900, 40.14207),
(105001007421, 77.11040, 70.74101, 68.21939, 68.75323, 'INST EDUC OCTAVIO CALDERON MEJIA', 44.48000, 47.14000, 0.0000000, 0.0000000, 48.28000, 47.59000, 0.0000000, 0.0000000, 0.0000000, 20.000000, 2.0000000, 11.000000, 98.73418, 85.20760, 94.73685, 9.999999, 77.03649, 64.44892, 34.581950, 77.830280, 56.63058),
(105001007439, 59.23926, 62.45396, 59.08289, 57.75525, 'INST EDUC PEDRO CLAVER AGUIRRE', 44.48000, 47.14000, 0.0000000, 0.0000000, 44.05000, 42.42000, 0.0000000, 0.0000000, 0.0000000, 3.000000, 0.0000000, 8.000000, 100.00000, 89.41177, 94.54546, 9.999999, 53.80201, 60.18278, 52.534670, 10.086020, 52.55022),
(105001007889, 66.97778, 65.58018, 63.54054, 66.19788, 'INST EDUC JUVENIL NUEVO FUTURO', 44.48000, 43.88500, 0.0000000, 0.0000000, 48.28000, 47.59000, 0.0000000, 0.0000000, 2.0000000, 6.000000, 0.0000000, 2.000000, 93.75000, 92.45283, 88.88889, 9.999999, 41.66218, 51.13142, 68.998490, 52.344260, 56.63058),
(105001007978, 69.16975, 68.60779, 69.07986, 62.22084, 'INST EDUC PABLO NERUDA', 44.48000, 45.01000, 0.0000000, 0.0000000, 46.27000, 42.33000, 0.0000000, 0.0000000, 0.0000000, 3.000000, 0.0000000, 1.000000, 68.54839, 78.84615, 81.57895, 9.999999, 51.45984, 51.16129, 50.669090, 51.935890, 50.85007),
(105001008249, 75.78704, 68.60913, 68.61863, 69.33383, 'INST EDUC BELLO HORIZONTE', 44.48000, 47.14000, 0.0000000, 0.0000000, 43.93000, 42.33000, 0.0000000, 0.0000000, 0.0000000, 2.000000, 2.0000000, 4.000000, 94.38203, 90.80460, 94.59459, 9.999999, 55.73940, 31.51106, 52.771940, 3.204301, 50.85007),
(105001008389, 67.32115, 64.39826, 61.90729, 61.57920, 'INST EDUC LORETO', 44.48000, 46.07500, 0.0000000, 0.0000000, 46.27000, 43.71500, 0.0000000, 0.0000000, 0.0000000, 6.000000, 0.0000000, 8.000000, 94.51219, 94.57364, 90.24390, 9.999999, 52.24511, 35.87760, 42.556630, 61.032260, 54.50539),
(105001008451, 61.29272, 61.90130, 58.50689, 53.31554, 'INST EDUC RAMON GIRALDO CEBALLOS', 44.48000, 45.01000, 0.0000000, 0.0000000, 46.27000, 45.01000, 0.0000000, 0.0000000, 0.0000000, 2.000000, 2.0000000, 8.000000, 92.35669, 89.76378, 87.50000, 9.999999, 52.91130, 27.17856, 41.989960, 51.935890, 54.67541),
(105001008486, 74.19608, 67.02691, 67.19371, 65.40299, 'INST EDUC CAPILLA DEL ROSARIO', 44.48000, 49.19000, 0.0000000, 0.0000000, 46.27000, 39.53000, 1.8181820, 0.0000000, 0.0000000, 6.000000, 2.0000000, 12.000000, 62.71186, 78.12500, 87.27273, 9.999999, 50.20750, 56.95339, 49.365880, 42.872340, 31.33151),
(105001009652, 74.03514, 69.53638, 69.97217, 66.22906, 'INST EDUC SAN LORENZO DE ABURRA', 40.82000, 45.01000, 0.0000000, 0.0000000, 46.21500, 42.33000, 0.0000000, 0.0000000, 0.0000000, 4.000000, 0.0000000, 9.000000, 98.73418, 98.11321, 89.70589, 9.999999, 19.40146, 45.17680, 30.385550, 51.817360, 50.05107),
(105001009695, 69.98434, 67.44294, 66.59343, 73.13779, 'INST EDUC SAN JUAN BOSCO', 44.48000, 49.19000, 0.0000000, 0.0000000, 48.28000, 45.01000, 0.0000000, 0.0000000, 0.0000000, 20.000000, 0.0000000, 34.000000, 90.10989, 93.82716, 100.00000, 9.999999, 51.36581, 49.16038, 44.863860, 63.968150, 54.67541),
(105001009709, 67.68205, 68.19932, 65.22505, 64.40977, 'INST EDUC FELIX HENAO BOTERO', 44.48000, 47.14000, 0.0000000, 0.0000000, 43.93000, 42.42000, 0.0000000, 0.0000000, 2.0000000, 6.000000, 0.0000000, 16.000000, 96.61745, 85.04673, 86.48649, 9.999999, 50.54099, 51.31862, 50.601090, 3.204301, 52.55022),
(105001009865, 71.14523, 67.33195, 66.53763, 62.98753, 'INST EDUC HERNAN TORO AGUDELO', 47.67000, 48.16500, 0.0000000, 0.0000000, 46.27000, 42.42000, 0.0000000, 0.0000000, 0.0000000, 8.000000, 2.0000000, 16.000000, 94.65649, 85.10638, 86.53846, 9.999999, 58.18608, 49.64793, 67.631550, 42.863210, 40.14207),
(105001010111, 67.22665, 63.90145, 63.47788, 65.65635, 'INST EDUC MAESTRO FERNANDO BOTERO', 43.85324, 46.37120, -0.2688405, -0.0089355, 44.05000, 39.53000, 0.0000000, 0.0000000, 0.0000000, 16.000000, 0.0000000, 5.000000, 89.56522, 78.37838, 85.29411, 9.999999, 49.14898, 48.03585, 44.317580, 45.216170, 48.71401),
(105001010367, 72.65508, 68.32257, 63.01791, 72.61498, 'INST EDUC SANTOS ANGELES CUSTODIOS', 44.48000, 49.19000, 0.0000000, 0.0000000, 46.27000, 45.01000, 0.0000000, 0.0000000, 2.0000000, 18.000000, 7.0000000, 25.000000, 100.00000, 100.00000, 92.06349, 9.999999, 66.98792, 57.56985, 99.999999, 42.872340, 54.67541),
(105001010448, 78.87188, 75.36131, 72.79828, 71.03245, 'INST EDUC LA ESPERANZA', 44.48000, 45.01000, 0.0000000, 0.0000000, 46.16000, 42.42000, 0.0000000, 0.0000000, 0.0000000, 4.000000, 0.0000000, 7.000000, 94.77064, 93.95604, 90.55118, 9.999999, 39.94012, 49.58478, 53.584570, 50.869170, 52.55022),
(105001010588, 70.34658, 66.54921, 65.56602, 65.80009, 'INST EDUC FE Y ALEGRIA LA CIMA', 44.48000, 47.14000, 0.0000000, 0.0000000, 46.16000, 42.37500, 1.5873020, 0.0000000, 0.0000000, 4.000000, 0.0000000, 6.000000, 94.24453, 98.06950, 83.33333, 9.999999, 50.53008, 48.35073, 49.105510, 37.612900, 52.46522),
(105001010855, 70.17500, 67.52643, 64.63004, 70.66562, 'INST EDUC  ANA DE CASTRILLON', 47.67000, 51.21000, 0.0000000, 0.0000000, 46.16000, 42.42000, 0.0000000, 0.0000000, 0.4951836, 9.000000, 1.2310130, 6.000000, 95.97701, 74.44444, 88.88889, 9.999999, 50.61535, 56.98473, 48.960910, 46.714150, 40.14207),
(105001011011, 60.79640, 56.01825, 52.84318, 61.31276, 'INST EDUC TOMAS CARRASQUILLA NO. 2', 44.48000, 47.14000, 0.0000000, 0.0000000, 46.21500, 39.53000, 0.0000000, 0.0000000, 0.0000000, 7.000000, 0.0000000, 11.000000, 97.61904, 88.88889, 85.29411, 9.999999, 44.87680, 41.72180, 36.332750, 59.075090, 31.33151),
(105001011061, 72.15289, 67.11811, 65.57767, 65.62862, 'INST EDUC JOSE ASUNCION SILVA', 44.48000, 47.14000, 0.0000000, 1.4925370, 48.28000, 47.59000, 0.0000000, 0.0000000, 0.0000000, 8.000000, 5.0000000, 14.000000, 98.83721, 93.25843, 100.00000, 9.999999, 68.34874, 56.18396, 64.820140, 77.830280, 56.63058),
(105001011070, 80.02045, 76.57378, 75.05122, 71.53479, 'INST EDUC MERCEDITAS GOMEZ MARTINEZ', 44.48000, 47.14000, 0.0000000, 0.0000000, 46.16000, 42.33000, 0.0000000, 0.0000000, 0.0000000, 3.000000, 1.0000000, 4.000000, 94.31159, 85.71429, 90.32258, 9.999999, 56.63733, 51.99142, 40.918380, 37.612900, 50.85007),
(105001011088, 71.54013, 69.18002, 69.72356, 68.36000, 'INST EDUC CIUDADELA LAS AMERICAS', 44.48000, 45.01000, 1.3888890, 0.0000000, 45.10500, 40.93000, 0.0000000, 0.0000000, 0.0000000, 0.000000, 0.0000000, 6.000000, 91.30435, 89.90826, 95.00000, 9.999999, 53.76843, 50.78222, 52.449480, 50.711140, 50.51004),
(105001011363, 75.48724, 70.36420, 67.89536, 71.02391, 'INST EDUC DOCE DE OCTUBRE', 44.48000, 45.01000, 0.0000000, 0.0000000, 46.27000, 42.33000, 0.0000000, 0.0000000, 0.0000000, 2.000000, 0.0000000, 4.000000, 98.36066, 81.76796, 95.04132, 9.999999, 57.58552, 50.32765, 57.269450, 51.935890, 50.85007),
(105001011461, 72.49315, 70.78600, 68.66703, 71.37663, 'INST EDUC FE Y ALEGRIA AURES', 44.61733, 46.73680, 0.1141092, 0.0534725, 46.27000, 42.42000, 0.0000000, 0.0000000, 0.0000000, 5.000000, 2.0000000, 10.000000, 93.85794, 91.35802, 91.83673, 9.999999, 52.97358, 53.01474, 49.812540, 48.494160, 50.05762),
(105001011606, 71.72633, 67.45188, 66.48869, 64.68354, 'INST EDUC HORACIO MUÑOZ SUESCUN', 44.48000, 49.19000, 1.2500000, 0.0000000, 46.27000, 42.42000, 1.3333330, 0.0000000, 1.0000000, 7.000000, 5.0000000, 4.000000, 91.13240, 89.43089, 90.66666, 9.999999, 62.31734, 54.19811, 57.185120, 42.872340, 52.55022),
(105001011631, 68.59856, 63.09319, 65.05945, 64.79890, 'INST EDUC ASAMBLEA DEPARTAMENTAL', 44.48000, 49.19000, 0.0000000, 0.0000000, 46.27000, 43.71500, 0.6024096, 0.0000000, 1.0000000, 30.000000, 1.0000000, 20.000000, 95.83333, 81.25000, 95.18073, 9.999999, 41.47301, 49.34206, 45.736510, 42.872340, 54.50539),
(105001011690, 72.70512, 69.22040, 66.77245, 63.05577, 'INST EDUC FEDERICO CARRASQUILLA', 44.48000, 42.76000, 0.0000000, 0.0000000, 46.16000, 42.33000, 0.8474576, 0.0000000, 0.0000000, 7.000000, 0.0000000, 0.000000, 89.33333, 66.95652, 66.94915, 9.999999, 33.80439, 46.56840, 34.961220, 50.072580, 50.85007),
(105001011711, 67.43496, 64.38558, 61.98971, 64.17612, 'INST EDUC FE Y ALEGRIA VILLA DE LA CANDELARIA', 42.65000, 47.14000, 0.0000000, 0.0000000, 46.27000, 42.42000, 0.0000000, 0.0000000, 0.0000000, 4.000000, 2.0000000, 16.000000, 100.00000, 91.00000, 95.58823, 9.999999, 59.73222, 55.56580, 40.755530, 60.890110, 51.94645),
(105001011886, 71.61578, 70.69577, 68.29587, 67.65337, 'INST EDUC AMERICA', 44.48000, 49.19000, 0.0000000, 0.0000000, 48.28000, 45.01000, 2.3529410, 0.0000000, 0.0000000, 3.000000, 0.0000000, 2.000000, 92.82375, 95.80838, 94.11765, 9.999999, 51.78106, 49.31286, 48.003920, 63.968150, 54.67541),
(105001012092, 73.01017, 69.39060, 65.19685, 67.83972, 'INST EDUC BARRIO SANTANDER', 44.48000, 45.01000, 0.0000000, 0.0000000, 46.27000, 45.16000, 0.0000000, 0.0000000, 1.0000000, 5.000000, 0.0000000, 2.000000, 78.47787, 91.12904, 85.71429, 9.999999, 53.06027, 41.93597, -48.009560, 51.935890, 55.95052),
(105001012106, 71.66510, 70.27631, 64.35313, 69.30361, 'INST EDUC JUAN MARIA CESPEDES', 44.48000, 45.01000, 0.0000000, 0.0000000, 46.16000, 42.33000, 0.0000000, 0.0000000, 1.0000000, 12.000000, 1.0000000, 16.000000, 98.88889, 92.30769, 74.05063, 9.999999, 66.89780, 41.48867, 63.518250, 50.869170, 50.85007),
(105001012165, 72.45088, 68.10714, 68.43827, 56.59760, 'INST EDUC GUADALUPE', 44.48000, 45.01000, 0.0000000, 0.0000000, 44.05000, 42.42000, 1.9607840, 0.0000000, 0.0000000, 1.000000, 0.0000000, 3.000000, 94.10409, 90.38631, 85.29411, 9.999999, 43.70256, 46.61843, 29.533320, 50.079020, 52.55022),
(105001012696, 67.80782, 64.82982, 60.82832, 63.35751, 'INST EDUC ALFONSO LOPEZ PUMAREJO', 47.67000, 49.19000, 1.0810810, 0.0000000, 46.16000, 45.16000, 0.0000000, 0.0000000, 0.0000000, 6.000000, 0.0000000, 10.000000, 98.06451, 69.65174, 87.66234, 9.999999, 57.05376, 50.41712, 54.817200, 33.250000, 49.75956),
(105001012700, 78.30194, 78.19020, 72.95653, 63.46847, 'INST EDUC SAN PABLO', 44.48000, 43.88500, 0.0000000, 0.0000000, 45.10500, 39.53000, 0.0000000, 0.0000000, 0.0000000, 2.000000, 0.0000000, 4.000000, 71.08434, 81.87500, 38.63636, 9.999999, 50.53764, 44.86277, 50.365590, 50.571040, 31.33151),
(105001013013, 69.49812, 72.69358, 67.83400, 62.75334, 'INST EDUC PICACHITO', 43.80500, 44.85967, -0.1108706, -0.0371340, 44.05000, 39.53000, 0.0000000, 0.0000000, 0.0000000, 1.000000, 0.0000000, 3.000000, 89.76378, 72.61904, 66.00000, 9.999999, 48.42479, 50.72992, 44.483650, 43.834540, 48.68141),
(105001013072, 66.05361, 66.54422, 67.11111, 63.18429, 'INST EDUC MAESTRO PEDRO NEL GOMEZ', 44.48000, 47.14000, 0.0000000, 0.0000000, 44.05000, 40.93000, 0.0000000, 0.0000000, 0.0000000, 6.000000, 0.0000000, 7.000000, 87.25383, 82.79570, 93.10345, 9.999999, 20.76790, 46.36759, 26.815920, 10.086020, 50.51004),
(105001013145, 76.15298, 68.97577, 68.52080, 69.08673, 'INST EDUC SANTA TERESA', 46.07500, 49.19000, 0.0000000, 0.0000000, 50.31000, 47.59000, 0.0000000, 0.0000000, 4.0000000, 10.000000, 8.0000000, 12.000000, 90.83970, 90.90910, 94.31818, 9.999999, 62.59488, 35.52787, 50.000000, 83.174360, 68.51821),
(105001013340, 73.34827, 64.12927, 67.18286, 60.52723, 'INST EDUC INEM JOSE FELIX DE RESTREPO', 47.67000, 49.19000, 1.2850470, 0.2336449, 50.31000, 47.81000, 2.1301770, 0.1183432, 2.0000000, 12.000000, 4.0000000, 17.000000, 89.97150, 78.40467, 98.57988, 9.999999, 49.81158, 53.96086, 47.362100, 83.174360, 79.39516),
(105001013439, 74.62337, 67.94734, 65.92876, 66.42339, 'INST EDUC FELIX DE BEDOUT MORENO', 44.48000, 47.14000, 0.0000000, 0.0000000, 46.27000, 45.08500, 1.9230770, 0.0000000, 0.0000000, 3.000000, 0.0000000, 10.000000, 97.26027, 92.30769, 92.30769, 9.999999, 52.58694, 42.50390, 3.836016, 60.890110, 55.69550),
(105001013447, 69.92770, 67.11388, 67.41563, 62.69450, 'INST EDUC JOSE HORACIO BETANCUR', 46.07500, 45.01000, 0.0000000, 0.0000000, 43.93000, 42.33000, 0.0000000, 0.0000000, 0.0000000, 0.000000, 0.0000000, 2.000000, 98.80952, 100.00000, 88.46153, 9.999999, 39.05324, 19.22401, 24.378620, 42.532700, 32.80204),
(105001013633, 69.46674, 65.62762, 62.28751, 64.02076, 'INST EDUC LOMA HERMOSA', 40.82000, 42.76000, 0.0000000, 0.0000000, 48.28000, 42.33000, 0.0000000, 0.0000000, 0.0000000, 3.000000, 0.0000000, 1.000000, 100.00000, 85.71429, 88.23530, 9.999999, 39.92483, 46.93980, 37.406040, 50.220430, 50.05107),
(105001014052, 65.13887, 64.98357, 62.73967, 56.47220, 'INST EDUC NUEVO HORIZONTE', 44.48000, 45.01000, 0.0000000, 0.0000000, 46.16000, 42.33000, 0.0000000, 1.2048190, 0.0000000, 1.000000, 0.0000000, 1.000000, 93.12222, 81.57895, 81.92771, 9.999999, 36.19682, 47.31609, 40.204190, 50.869170, 50.85007),
(105001014397, 75.32943, 69.19637, 67.44762, 67.97782, 'INST EDUC LUIS LOPEZ DE MESA', 44.48000, 47.14000, 0.0000000, 0.0000000, 46.27000, 45.01000, 0.6493506, 0.0000000, 0.0000000, 6.000000, 1.0000000, 9.000000, 91.66667, 96.22642, 94.15585, 9.999999, 44.14643, 48.05351, 39.756250, 60.890110, 54.67541),
(105001014851, 78.73088, 68.71057, 68.70034, 68.81744, 'INST EDUC JESUS REY', 44.48000, 49.19000, 0.6451613, 0.0000000, 48.37000, 47.59000, 0.6535948, 0.0000000, 1.0000000, 17.000000, 3.0000000, 13.000000, 98.82353, 85.52631, 99.34641, 9.999999, 49.22392, 47.98859, 47.413060, 77.936300, 56.63058),
(105001014869, 64.91181, 64.35318, 61.85862, 56.52539, 'INST EDUC PBRO ANTONIO JOSE BERNAL LONDOÑO', 47.67000, 47.14000, 0.6849315, 0.0000000, 46.16000, 42.42000, 0.0000000, 0.0000000, 2.0000000, 1.000000, 1.0000000, 5.000000, 95.28796, 78.97196, 89.61039, 9.999999, 48.62074, 46.04086, 46.791580, 37.612900, 40.14207),
(105001015091, 73.32196, 72.87517, 68.85747, 67.79166, 'INST EDUC FE Y ALEGRIA GRANIZAL', 44.48000, 47.14000, 0.0000000, 0.0000000, 47.27500, 39.53000, 0.0000000, 0.0000000, 0.0000000, 2.000000, 0.0000000, 8.000000, 95.12195, 84.81013, 84.61539, 9.999999, 51.44136, 43.54889, 47.216900, 76.620260, 31.33151),
(105001015148, 64.38392, 62.69376, 61.96155, 61.73811, 'INST EDUC CAMILO MORA CARRASQUILLA', 40.82000, 42.76000, 0.0000000, 0.0000000, 46.16000, 42.42000, 0.0000000, 0.0000000, 0.0000000, 9.000000, 0.0000000, 0.000000, 93.61702, 72.22222, 78.26087, 9.999999, 53.97541, 30.35847, 60.601080, 50.072580, 50.10484),
(105001015172, 72.67847, 66.47285, 69.93956, 62.64317, 'INST EDUC EDUARDO SANTOS', 44.48000, 45.01000, 0.0000000, 0.0000000, 46.16000, 39.53000, 0.0000000, 0.0000000, 0.0000000, 2.000000, 2.0000000, 4.000000, 95.83333, 95.23810, 76.36363, 9.999999, 48.32335, 17.51691, -38.862230, 50.869170, 31.33151),
(105001015211, 70.04279, 69.57966, 65.49586, 63.14397, 'INST EDUC LA LIBERTAD', 44.48000, 47.14000, 0.0000000, 0.0000000, 44.05000, 42.33000, 0.0000000, 0.0000000, 0.0000000, 2.000000, 0.0000000, 2.000000, 84.52381, 72.54902, 52.08334, 9.999999, 46.22491, 46.91851, 56.934750, 10.086020, 50.85007),
(105001015229, 67.01521, 69.69110, 68.35498, 65.14288, 'INST EDUC VILLA TURBAY', 44.48000, 46.07500, 0.0000000, 0.0000000, 44.05000, 40.93000, 0.0000000, 0.0000000, 0.0000000, 0.000000, 0.0000000, 0.000000, 94.23077, 79.31035, 82.50000, 9.999999, 47.17172, 51.11745, 46.596840, 10.555620, 50.51004),
(105001015831, 71.22948, 70.96145, 69.65755, 68.53989, 'INST EDUC VALLEJUELOS', 44.48000, 45.01000, 0.0000000, 0.0000000, 44.05000, 42.42000, 0.0000000, 0.0000000, 0.0000000, 3.000000, 0.0000000, 0.000000, 94.44444, 85.29411, 77.41935, 6.692958, 38.29663, 12.68348, 19.586400, 50.079020, 52.55022),
(105001016420, 65.52331, 60.59429, 57.71269, 59.43845, 'INST EDUC TRICENTENARIO', 47.67000, 47.14000, 0.0000000, 0.0000000, 46.16000, 45.16000, 0.0000000, 0.0000000, 0.0000000, 12.000000, 4.0000000, 8.000000, 99.10714, 82.88288, 89.69072, 9.999999, 65.08495, 53.81469, 79.683280, 37.612900, 49.75956),
(105001017132, 63.51913, 66.97661, 60.94009, 61.06168, 'INST EDUC FE Y ALEGRIA SAN JOSE', 44.70482, 46.69492, 0.3029282, 0.1565768, 46.21500, 42.33000, 0.0000000, 0.0000000, 0.4193948, 4.000000, 1.3256850, 13.000000, 98.42520, 75.00000, 82.85715, 9.999999, 55.72004, 51.32513, 52.011800, 51.949700, 50.70136),
(105001017876, 74.98864, 71.06236, 72.17058, 67.63848, 'INST EDUC FRANCISCO LUIS HERNANDEZ BETANCUR', 44.48000, 42.76000, 0.0000000, 0.0000000, 41.64000, 38.01500, 0.0000000, 0.0000000, 0.0000000, 0.000000, 0.0000000, 0.000000, 96.07843, 91.17647, 41.66667, 9.999999, 50.00000, 50.22810, 50.005370, 50.000000, 31.33151),
(105001017965, 70.30630, 68.92191, 65.30190, 68.26208, 'INST EDUC MANUEL JOSE GOMEZ S', 44.48000, 48.16500, 2.7777780, 0.0000000, 46.16000, 45.01000, 0.0000000, 0.0000000, 0.0000000, 9.000000, 1.0000000, 9.000000, 97.22222, 91.57895, 97.22222, 9.999999, 48.52892, 50.18077, 46.665540, 31.528310, 54.67541),
(105001018759, 74.10046, 67.97868, 68.15843, 72.74249, 'INST EDUC FE Y ALEGRIA EL LIMONAR', 40.82000, 45.01000, 0.0000000, 0.0000000, 48.28000, 45.16000, 2.6315790, 0.0000000, 0.0000000, 3.000000, 0.0000000, 6.000000, 93.87756, 86.20689, 94.73685, 9.999999, 34.46698, 47.11728, 50.000000, 53.042110, 50.21236),
(105001019011, 70.83223, 71.14449, 69.79955, 67.49516, 'INST EDUC ESTELLA VELEZ LONDOÑO ANTES SAUL LONDOÑO LONDOÑO', 44.48000, 48.16500, 0.0000000, 0.0000000, 46.16000, 45.16000, 0.0000000, 0.0000000, 0.0000000, 4.000000, 0.0000000, 6.000000, 84.21053, 78.33334, 90.47619, 9.999999, 50.66336, 49.03455, 50.191590, 31.528310, 55.95052),
(105001019062, 75.80272, 70.63071, 72.66901, 69.08606, 'INST EDUC ALFONSO MORA NARANJO', 44.48000, 47.14000, 0.0000000, 0.0000000, 44.05000, 42.33000, 0.0000000, 0.0000000, 0.0000000, 14.000000, 1.0000000, 10.000000, 100.00000, 75.92593, 72.66187, 9.999999, 44.96795, 49.08629, 39.935900, 10.086020, 50.85007),
(105001019089, 65.94748, 67.71714, 66.30759, 56.47641, 'INST EDUC VIDA PARA TODOS', 44.48000, 42.76000, 0.0000000, 0.0000000, 46.27000, 39.53000, 0.0000000, 0.0000000, 0.0000000, 2.000000, 0.0000000, 2.000000, 92.18241, 93.84615, 90.78947, 9.999999, 40.94360, 18.45742, 25.751530, 50.145160, 31.33151),
(105001019194, 74.13998, 67.98348, 66.84991, 65.87720, 'INST EDUC EL PEDREGAL', 44.48000, 45.01000, 0.7092198, 0.7092198, 46.16000, 42.33000, 0.0000000, 0.0000000, 0.0000000, 6.000000, 0.0000000, 6.000000, 91.15044, 86.48649, 98.37399, 9.999999, 29.73245, 46.39684, 35.066010, 50.869170, 50.85007),
(105001019305, 67.37964, 69.50484, 67.04841, 68.47512, 'INST EDUC LA AVANZADA', 44.43696, 46.02098, 0.1515610, 0.0416365, 46.16000, 42.33000, 0.0000000, 0.0000000, 0.0000000, 2.000000, 0.0000000, 3.000000, 94.42756, 90.00000, 84.61539, 9.999999, 53.39426, 50.93508, 58.297080, 35.264390, 49.96474),
(105001019330, 69.28514, 70.34737, 69.19227, 66.07648, 'INST EDUC BARRIO SANTA MARGARITA', 47.67000, 45.01000, 0.0000000, 0.0000000, 46.27000, 45.01000, 0.0000000, 0.0000000, 0.0000000, 10.000000, 1.0000000, 5.000000, 99.60000, 87.61062, 80.00000, 9.999999, 42.41448, 47.33802, 46.839370, 51.935890, 46.15300),
(105001019429, 73.68419, 67.08116, 71.30908, 65.13933, 'INST EDUC LUIS CARLOS GALAN SARMIENTO', 44.48000, 45.01000, 0.5405406, 0.0000000, 44.05000, 42.33000, 0.0000000, 0.4784689, 0.0000000, 7.000000, 1.0000000, 9.000000, 98.07692, 93.75000, 87.55981, 9.999999, 48.96278, 52.03132, 72.349040, 50.079020, 50.85007),
(105001019453, 74.98605, 70.48477, 69.56172, 67.89359, 'INST EDUC VILLA DEL SOCORRO', 40.82000, 45.01000, 0.0000000, 0.0000000, 43.93000, 39.53000, 0.0000000, 0.0000000, 0.0000000, 3.000000, 0.0000000, 3.000000, 90.96591, 59.49367, 85.09316, 9.999999, 53.88041, 47.87979, 38.459000, 42.532700, 50.00269),
(105001019534, 75.35790, 70.56197, 67.46973, 70.39180, 'INST EDUC RODRIGO LARA BONILLA', 44.48000, 45.01000, 0.0000000, 0.0000000, 46.16000, 39.53000, 0.0000000, 0.0000000, 0.0000000, 0.000000, 0.0000000, 2.000000, 92.07921, 88.52459, 60.00000, 9.999999, 51.59290, 44.99398, 51.142080, 50.869170, 31.33151),
(105001019674, 68.38164, 64.95538, 61.56293, 64.03020, 'INST EDUC MIRAFLORES', 44.48000, 49.19000, 0.0000000, 0.0000000, 46.27000, 45.01000, 0.8849558, 0.0000000, 5.0000000, 13.000000, 2.0000000, 10.000000, 90.38461, 81.35593, 95.57522, 9.999999, 64.12241, 45.05996, 60.984090, 42.872340, 54.67541),
(105001019798, 65.70781, 68.93964, 62.42284, 56.71017, 'INST EDUC ALFONSO LOPEZ', 42.65000, 45.01000, 0.0000000, 0.0000000, 41.64000, 36.50000, 0.0000000, 0.0000000, 0.0000000, 1.000000, 0.0000000, 7.000000, 79.34782, 95.06173, 80.00000, 9.999999, 48.51472, 50.51004, 45.903960, 37.554500, 33.12361),
(105001019925, 60.91112, 60.24696, 55.34857, 50.90773, 'INST EDUC ALCALDIA DE MEDELLIN', 44.48000, 47.14000, 0.4524887, 0.4524887, 44.05000, 45.01000, 0.0000000, 0.0000000, 0.0000000, 1.000000, 3.0000000, 5.000000, 94.25838, 77.37227, 87.93104, 9.999999, 45.46399, 50.61210, 44.959980, 10.086020, 54.67541),
(105001020028, 76.26040, 74.17155, 71.72169, 69.42763, 'INST EDUC EL SALVADOR', 44.48000, 46.07500, 0.0000000, 0.0000000, 46.16000, 42.42000, 0.0000000, 0.0000000, 0.0000000, 5.000000, 0.0000000, 11.000000, 95.29412, 93.87756, 86.36364, 9.999999, 55.37253, 35.66867, 49.212540, 38.730180, 52.55022),
(105001020052, 72.67477, 69.41085, 62.33923, 71.60753, 'INST EDUC RAFAEL GARCIA HERREROS', 44.48000, 47.14000, 0.0000000, 0.0000000, 48.37000, 45.01000, 0.0000000, 0.0000000, 0.0000000, 4.000000, 0.0000000, 17.000000, 96.15385, 100.00000, 90.90909, 9.999999, 55.53294, 60.58581, 51.221440, 82.670320, 54.67541),
(105001020273, 77.05367, 73.09952, 73.66724, 68.29621, 'INST EDUC CIUDAD DON BOSCO', 50.54000, 53.22000, 0.0000000, 0.0000000, 53.32500, 50.42000, 6.6666670, 0.0000000, 0.0000000, 5.000000, 0.0000000, 0.000000, 83.78378, 82.60870, 100.00000, 9.999999, 51.79228, 52.58065, 51.294430, 55.215860, 50.00000),
(105001021199, 68.06131, 67.58393, 64.59730, 64.60731, 'INST EDUC LA INDEPENDENCIA', 44.48000, 45.01000, 0.0000000, 0.0000000, 46.27000, 42.42000, 0.0000000, 0.0000000, 0.0000000, 2.000000, 1.0000000, 2.000000, 98.86364, 98.71795, 80.00000, 9.999999, 50.60109, 45.85783, 22.186440, 51.935890, 52.55022),
(105001021547, 72.83746, 70.07265, 66.12120, 69.79859, 'INST EDUC VILLA FLORA', 47.67000, 47.14000, 0.0000000, 0.0000000, 46.16000, 45.16000, 0.0000000, 0.0000000, 2.0000000, 17.000000, 2.0000000, 14.000000, 96.55172, 92.18750, 95.55556, 9.999999, 73.05108, 57.05603, 78.583340, 37.612900, 49.75956);
INSERT INTO `BaseCPAmbienteEscolar198` (`dane`, `ExpectativasAcademicas`, `Comunicacion`, `Participacion`, `SeguridadRespeto`, `colegio`, `TemaMatematica07`, `TemaLenguaje07`, `prmatalto07`, `prlenalto07`, `TemaLenguaje10`, `TemaMatematica10`, `prmatalto10`, `prlenalto10`, `Avanzadom9`, `Avanzadom5`, `Avanzadol9`, `Avanzadol5`, `Aprobacion5`, `Aprobacion9`, `Rextraedad`, `ProgresoLen5`, `ProgresoLen9`, `ProgresoMat5`, `ProgresoMat9`, `ProgresoLen11`, `ProgresoMat11`) VALUES
(105001021636, 68.73636, 64.90685, 66.44675, 67.32712, 'INST EDUC KENNEDY', 44.48000, 45.01000, 0.0000000, 0.5000000, 44.05000, 42.42000, 0.0000000, 0.0000000, 0.0000000, 4.000000, 2.0000000, 4.000000, 97.88737, 79.77100, 91.82390, 9.999999, 39.75430, 46.29622, 28.227880, 50.079020, 52.55022),
(105001021873, 69.56873, 63.92838, 64.21131, 60.56017, 'INST EDUC SOL DE ORIENTE', 44.48000, 49.19000, 0.0000000, 0.0000000, 46.27000, 39.53000, 0.0000000, 0.0000000, 0.0000000, 4.000000, 0.0000000, 2.000000, 76.47578, 73.13432, 78.65169, 9.999999, 50.46095, 51.19485, 31.744480, 42.872340, 31.33151),
(105001022101, 70.05917, 66.70470, 64.07892, 66.01068, 'INST EDUC LAS NIEVES', 44.48000, 47.14000, 0.0000000, 0.0000000, 45.10500, 42.42000, 0.0000000, 0.0000000, 0.0000000, 0.000000, 0.0000000, 4.000000, 95.16129, 87.80488, 84.37500, 9.999999, 53.19762, 52.04108, 63.323410, 32.107530, 52.55022),
(105001023965, 73.17029, 71.94987, 71.17829, 72.67649, 'INST EDUC FINCA LA MESA', 44.48000, 45.01000, 0.0000000, 0.0000000, 45.10500, 39.53000, 0.6944445, 0.0000000, 0.0000000, 5.000000, 1.0000000, 2.000000, 92.27640, 81.48148, 79.16667, 9.999999, 48.13121, 44.32368, 44.208030, 50.711140, 31.33151),
(105001024073, 69.77411, 65.27475, 65.81845, 60.17048, 'INST EDUC CASD', 44.48000, 47.14000, 0.0000000, 0.0000000, 46.16000, 42.42000, 1.2903230, 0.0000000, 0.5763149, 7.144482, 1.1878600, 9.291585, 91.90417, 86.21953, 94.83871, 9.999999, 50.54325, 48.36666, 49.121470, 37.612900, 52.55022),
(105001025844, 72.88417, 69.54995, 67.47340, 68.05557, 'INST EDUC ANTONIO DERKA - SANTO DOMINGO', 44.48000, 45.01000, 0.0000000, 0.0000000, 45.11568, 45.88100, 1.0187840, 0.1830721, 1.0000000, 28.000000, 0.0000000, 3.000000, 94.55709, 75.86811, 85.65306, 9.999999, 51.88562, 57.32238, 37.945440, 45.146570, 51.80348),
(205001001389, 67.78784, 61.60962, 55.77084, 65.31566, 'CENT EDUC MEDIA LUNA', 45.51633, 48.06346, 0.2253910, 0.1393694, 46.38637, 45.73278, 1.1417040, 0.1691454, 1.2458650, 19.000000, 1.9362890, 6.000000, 93.19985, 80.72482, 89.73017, 9.999999, 47.82065, 45.21198, 42.045950, 44.306710, 48.18060),
(205001001672, 68.15843, 67.90729, 67.76537, 61.35092, 'INST EDUC MONSEÑOR VICTOR WIEDEMANN', 44.48000, 51.21000, 0.0000000, 0.0000000, 46.27000, 42.33000, 0.0000000, 0.0000000, 0.0000000, 10.000000, 0.0000000, 12.000000, 88.58268, 69.46107, 82.81250, 9.999999, 39.32541, 48.87348, 53.703640, 48.058360, 50.85007),
(205001001966, 71.01449, 67.53796, 67.29469, 78.37010, 'CENT EDUC LA ALDEA', 44.12884, 45.46816, 0.1445096, 0.0142742, 44.99004, 41.59695, -0.1671850, 0.0440563, -0.2579264, 0.000000, -0.5021690, 0.000000, 100.00000, 87.51453, 83.13226, 9.999999, 54.71481, 37.88298, 46.542120, 53.626840, 49.60819),
(205001002199, 65.57559, 60.39404, 59.87474, 60.83515, 'INST EDUC CARLOS ALBERTO CALDERON', 44.48000, 47.14000, 0.0000000, 0.0000000, 46.27000, 39.53000, 0.0000000, 0.0000000, 0.0000000, 0.000000, 0.0000000, 10.000000, 100.00000, 93.05556, 83.78378, 9.999999, 61.59951, 24.00107, 61.135530, 60.890110, 31.33151),
(205001002768, 65.31723, 63.22949, 61.85185, 71.83113, 'CENT EDUC EL SALADO', 44.12884, 45.46816, 0.1445096, 0.0142742, 44.99004, 41.59695, -0.1671850, 0.0440563, -0.2579264, 0.000000, -0.5021690, 0.000000, 100.00000, 87.51453, 83.13226, 9.999999, 51.54443, 19.16390, 37.146110, 53.962630, 47.60445),
(205001006119, 69.15727, 65.59854, 67.22839, 75.22144, 'CENT EDUC JUAN ANDRES PATINO', 44.25299, 45.75799, 0.1870309, 0.0269479, 45.35075, 41.64597, -0.0715288, 0.0252022, -0.1050075, 0.000000, 0.0868699, 4.000000, 97.77778, 88.11243, 83.90553, 9.999999, 44.84100, 29.67742, 33.898090, 44.191630, 46.42294),
(205001006224, 86.15904, 78.67394, 78.51764, 82.63847, 'CENT EDUC PERMANENTE MAZO', 45.29639, 47.69644, 0.4307629, 0.1699358, 46.75192, 43.99397, 0.4211430, 0.0641582, 0.9267699, 9.000000, 2.7989340, 18.000000, 100.00000, 89.99683, 91.90811, 9.999999, 54.09596, 56.22332, 52.004850, 49.090510, 50.55850),
(205001006232, 68.90289, 62.82137, 62.20110, 60.51880, 'INST EDUC  SAN CRISTOBAL', 44.48000, 45.01000, 0.0000000, 0.0000000, 46.16000, 42.33000, 0.8928572, 0.0000000, 0.0000000, 4.000000, 1.0000000, 3.000000, 90.80460, 61.99095, 83.92857, 9.999999, 47.31158, 48.42564, 39.246300, 50.869170, 50.85007),
(205001006526, 71.52711, 71.14284, 72.31582, 69.63921, 'INST EDUC MARINA ORTH', 40.82000, 47.14000, 0.0000000, 0.0000000, 46.21500, 39.53000, 0.0000000, 0.0000000, 0.0000000, 3.000000, 5.0000000, 10.000000, 100.00000, 95.23810, 100.00000, 9.999999, 52.22940, 52.89421, 47.857940, 59.075090, 50.00269),
(205001007735, 59.49754, 57.60795, 53.62471, 64.90611, 'INST EDUC HECTOR ROGELIO MONTOYA', 44.48000, 45.01000, 0.0000000, 0.0000000, 46.27000, 42.33000, 0.0000000, 0.0000000, 0.0000000, 0.000000, 0.0000000, 0.000000, 95.00000, 94.00000, 88.37209, 9.999999, 53.90601, 50.53764, 53.906010, 51.935890, 50.85007),
(205001009797, 71.46257, 68.50224, 64.18930, 67.30334, 'INST EDUC MANUEL J. BETANCUR', 47.67000, 49.19000, 1.3245030, 1.3245030, 46.27000, 45.01000, 0.7575758, 0.7575758, 3.0000000, 14.000000, 0.0000000, 9.000000, 100.00000, 85.50724, 73.48485, 9.999999, 55.78415, 49.79891, 59.254630, 42.872340, 46.15300),
(205001009916, 69.53354, 66.87460, 64.75575, 66.07476, 'CENT EDUC EL MANZANILLO', 44.12592, 45.47546, 0.1381367, 0.0107224, 45.00960, 41.57844, -0.1382482, 0.0416853, -0.2500632, 0.000000, -0.4958478, 0.000000, 99.14530, 87.26252, 82.93256, 9.999999, 51.73466, 50.21505, 47.638790, 47.680630, 49.54999),
(205001010264, 67.92757, 65.80688, 64.60706, 62.93814, 'INST EDUC PRESBITERO JUAN J. ESCOBAR', 44.48000, 47.14000, 1.8867920, 0.0000000, 46.16000, 42.37500, 0.0000000, 0.0000000, 1.0000000, 1.000000, 1.0000000, 6.000000, 93.24324, 89.67741, 88.09524, 9.999999, 35.14503, 28.02024, 38.621730, 37.612900, 52.46522),
(205001010281, 71.46039, 71.15824, 69.10020, 66.58389, 'INST  EDUC ALFONSO UPEGUI OROZCO', 44.48000, 42.76000, 0.0000000, 0.0000000, 48.28000, 39.53000, 0.0000000, 0.0000000, 0.0000000, 3.000000, 0.0000000, 6.000000, 79.68750, 84.93150, 92.68293, 9.999999, 48.67663, 51.89638, 45.111270, 50.220430, 31.33151),
(205001011031, 67.20719, 63.39908, 64.96502, 62.19870, 'INST EDUC SANTA ELENA', 44.48000, 47.14000, 0.0000000, 0.0000000, 46.27000, 42.42000, 0.0000000, 0.0000000, 4.0000000, 20.000000, 2.0000000, 25.000000, 100.00000, 89.39394, 89.18919, 9.999999, 64.40379, 52.00427, 67.677380, 60.890110, 52.55022),
(205001012534, 71.50047, 67.71312, 66.59615, 65.29992, 'INST EDUC SAN ANTONIO DE PRADO', 44.48000, 45.01000, 0.6211180, 0.0000000, 46.27000, 45.01000, 0.6369427, 0.0000000, 2.0000000, 8.000000, 1.0000000, 10.000000, 91.66239, 93.27354, 89.80891, 9.999999, 56.52336, 50.45978, 52.075610, 51.935890, 54.67541),
(205001014308, 71.55395, 68.06591, 66.14412, 73.38654, 'CENT EDUC LAS PLAYAS', 45.27052, 47.50594, 0.1686288, 0.1191891, 45.77598, 45.46845, 0.9009235, 0.1923009, 0.9396404, 18.000000, 0.9630390, 0.000000, 97.77778, 80.54571, 88.53223, 9.999999, 46.84962, 50.53223, 42.835250, 42.096810, 48.24105),
(205001018745, 62.44396, 61.50793, 54.31141, 54.56937, 'INST EDUC EL LIMONAR', 44.48000, 47.14000, 0.0000000, 0.0000000, 43.93000, 39.53000, 0.0000000, 0.0000000, 0.0000000, 4.000000, 0.0000000, 6.000000, 95.65218, 93.65079, 72.22222, 9.999999, 49.38390, 50.16727, 51.055790, 3.204301, 31.33151),
(205001019318, 75.96280, 69.71971, 68.29392, 65.08711, 'INST EDUC SAN JOSE OBRERO', 44.48000, 48.16500, 0.0000000, 1.0638300, 50.31000, 47.81000, 0.0000000, 0.0000000, 1.0000000, 4.000000, 4.0000000, 7.000000, 85.85271, 86.46304, 88.60760, 9.999999, 70.57021, 35.07778, 55.445050, 86.130870, 57.31064),
(205001019989, 73.82287, 66.69246, 68.12962, 69.96736, 'CENT EDUC TRAVESIAS EL MORRO', 44.86847, 46.96526, 0.1823732, 0.0645765, 46.04065, 43.49591, 0.6827954, 0.0757681, 0.6170944, 9.000000, 1.1516630, 6.000000, 90.46218, 83.42516, 85.80205, 9.999999, 55.13994, 58.17487, 53.701350, 49.861320, 50.96139),
(205001021452, 67.29267, 60.75024, 63.46451, 71.75602, 'CENT EDUC PEDREGAL ALTO', 45.38319, 47.81619, 0.3574682, 0.1631949, 46.55396, 44.71894, 0.6547286, 0.1111808, 1.0332140, 13.000000, 2.4135330, 13.000000, 98.86364, 86.69233, 91.34235, 9.999999, 47.84464, 61.78492, 47.568280, 40.866230, 49.19790),
(305001004854, 64.88393, 58.90339, 57.51409, 62.91613, 'INST EDUC ALVERNIA', 47.67000, 49.19000, 0.0000000, 0.0000000, 48.28000, 45.01000, 0.0000000, 0.0000000, 0.0000000, 5.000000, 2.0000000, 19.000000, 97.64706, 90.16393, 95.00000, 9.999999, 56.16298, 58.27239, 57.703720, 63.968150, 46.15300),
(305001007594, 78.50778, 72.53267, 74.76785, 79.73130, 'INST EDUC SANTA JUANA DE LESTONAC', 44.48000, 51.21000, 0.0000000, 2.2471910, 46.27000, 45.16000, 0.0000000, 0.0000000, 0.0000000, 29.000000, 0.0000000, 27.000000, 100.00000, 87.50000, 98.76543, 9.999999, 55.77050, 68.37269, 67.311490, 48.058360, 55.95052),
(305001015287, 64.84128, 64.25012, 62.47374, 65.81609, 'INST EDUC LA CANDELARIA', 44.48000, 45.01000, 0.0000000, 0.0000000, 46.16000, 42.42000, 0.0000000, 0.0000000, 0.0000000, 7.000000, 0.0000000, 6.000000, 95.52239, 82.10526, 83.33333, 9.999999, 35.85310, 54.45296, 46.393930, 50.869170, 52.55022),
(305001015686, 65.73117, 61.95591, 62.81917, 64.39883, 'INST EDUC MAESTRO ARENAS BETANCUR', 44.67158, 46.62452, 0.3255826, 0.1977250, 45.10500, 45.08500, 0.0000000, 0.0000000, 0.0000000, 5.000000, 0.0000000, 11.000000, 91.73553, 96.80851, 77.50000, 9.999999, 50.84077, 29.71309, 39.938830, 50.960660, 48.05652),
(305001016542, 70.70126, 69.68291, 67.11566, 72.34341, 'INST EDUC EL TRIUNFO SANTA TERESA', 44.09618, 46.09508, -0.0442724, -0.0058667, 46.16000, 39.53000, 0.0000000, 0.0000000, 0.0000000, 6.000000, 0.0000000, 5.000000, 100.00000, 87.29531, 87.87878, 9.999999, 52.09228, 51.29443, 48.356240, 47.858710, 49.71306),
(305001018022, 75.19741, 74.46552, 68.78201, 63.99325, 'INST EDUC FE Y ALEGRIA LUIS AMIGO', 44.48000, 45.01000, 0.0000000, 0.0000000, 44.05000, 42.33000, 0.0000000, 0.0000000, 0.0000000, 2.000000, 0.0000000, 0.000000, 85.05747, 80.95238, 51.51515, 9.999999, 28.79784, 51.30376, 42.049190, 50.079020, 50.85007),
(305001018839, 73.76749, 65.15858, 66.36728, 70.92735, 'INST EDUC MADRE LAURA', 47.67000, 47.14000, 0.0000000, 0.0000000, 46.16000, 45.16000, 0.0000000, 0.0000000, 4.0000000, 18.000000, 11.0000000, 21.000000, 90.72165, 83.09859, 95.91837, 9.999999, 67.81055, 45.47432, 76.715840, 37.612900, 49.75956),
(305001019690, 66.86842, 63.23786, 64.83877, 61.97606, 'INST EDUC ARZOBISPO TULIO BOTERO SALAZAR', 44.48000, 47.14000, 0.0000000, 0.0000000, 46.27000, 45.01000, 0.0000000, 0.0000000, 0.0000000, 3.000000, 0.0000000, 4.000000, 87.27710, 76.47059, 77.63158, 9.999999, 23.18262, 53.11685, 37.297030, 60.890110, 54.67541),
(305001022232, 75.34148, 76.16105, 66.93723, 69.52119, 'INST EDUC  BARRIO OLAYA HERRERA', 47.67000, 45.01000, 0.0000000, 0.0000000, 46.16000, 42.42000, 0.0000000, 0.0000000, 0.0000000, 2.000000, 0.0000000, 2.000000, 95.36423, 76.71233, 86.27451, 9.999999, 49.50687, 45.97435, 45.851180, 50.869170, 40.14207);

-- --------------------------------------------------------

--
-- Estructura de tabla para la tabla `BaseTotal`
--

CREATE TABLE IF NOT EXISTS `BaseTotal` (
  `dane` bigint(12) DEFAULT NULL,
  `ExpectativasAcademicas` decimal(7,5) DEFAULT NULL,
  `Comunicacion` decimal(7,5) DEFAULT NULL,
  `Participacion` decimal(7,5) DEFAULT NULL,
  `SeguridadRespeto` decimal(7,5) DEFAULT NULL,
  `tema_matematica` varchar(5) DEFAULT NULL,
  `tema_lenguaje` varchar(5) DEFAULT NULL,
  `prmat_alto_07_p` varchar(7) DEFAULT NULL,
  `prlen_alto_07_p` varchar(7) DEFAULT NULL,
  `tema_lenguaje_d` varchar(5) DEFAULT NULL,
  `tema_matematica_d` varchar(5) DEFAULT NULL,
  `prmat_alto_10_p` varchar(7) DEFAULT NULL,
  `prlen_alto_10_p` varchar(7) DEFAULT NULL,
  `Progresolen11` varchar(7) DEFAULT NULL,
  `Progresomat11` varchar(7) DEFAULT NULL,
  `aprobación5` varchar(7) DEFAULT NULL,
  `aprobación9` varchar(7) DEFAULT NULL,
  `rtextra` varchar(7) DEFAULT NULL,
  `Progresolen5` varchar(7) DEFAULT NULL,
  `Progresolen9` varchar(7) DEFAULT NULL,
  `Progresomat5` varchar(7) DEFAULT NULL,
  `Progresomat9` varchar(8) DEFAULT NULL,
  `avanzado_m9` varchar(1) DEFAULT NULL,
  `avanzado_m5` varchar(2) DEFAULT NULL,
  `avanzado_l9` varchar(2) DEFAULT NULL,
  `avanzado_l5` varchar(2) DEFAULT NULL,
  `Cluster` int(1) DEFAULT NULL,
  `colegio` varchar(61) DEFAULT NULL
) ENGINE=MyISAM DEFAULT CHARSET=utf8;

--
-- Volcado de datos para la tabla `BaseTotal`
--

INSERT INTO `BaseTotal` (`dane`, `ExpectativasAcademicas`, `Comunicacion`, `Participacion`, `SeguridadRespeto`, `tema_matematica`, `tema_lenguaje`, `prmat_alto_07_p`, `prlen_alto_07_p`, `tema_lenguaje_d`, `tema_matematica_d`, `prmat_alto_10_p`, `prlen_alto_10_p`, `Progresolen11`, `Progresomat11`, `aprobación5`, `aprobación9`, `rtextra`, `Progresolen5`, `Progresolen9`, `Progresomat5`, `Progresomat9`, `avanzado_m9`, `avanzado_m5`, `avanzado_l9`, `avanzado_l5`, `Cluster`, `colegio`) VALUES
(105001000001, 68.07760, 68.73937, 65.93732, 59.24251, '40.82', '47.14', '0', '0', '50.4', '42.42', '0', '0', '86.3003', '50.1048', '86.4', '81.8181', '84.8484', '50.3771', '', '50.3771', '', '', '0', '', '1', 1, 'INST EDUC JOSE MARIA VELAZ'),
(105001000043, 65.95106, 69.25922, 67.32922, 64.62323, '', '', '', '', '', '', '', '', '', '', '83.1579', '82.5396', '', '27.6903', '50.1451', '51.9914', '50.58065', '0', '2', '0', '2', 4, 'INST EDUC BARRIO SANTA CRUZ'),
(105001000108, 79.73716, 67.38742, 68.02947, 75.50952, '47.67', '51.21', '.551470', '.367647', '50.31', '47.59', '1.99170', '.082987', '50', '63.7177', '', '', '97.6763', '', '', '', '', '', '', '', '', 4, 'INST EDUC CEFA'),
(105001000132, 67.43816, 64.52038, 60.57034, 64.76394, '44.48', '49.19', '0', '0', '47.27', '45.16', '1.28205', '0', '60.4761', '55.9505', '85', '60.8695', '98.7179', '35.4235', '', '29.5344', '', '0', '13', '2', '4', 4, 'INST EDUC JOSE MARIA BERNAL'),
(105001000141, 67.14394, 68.24818, 61.99846, 59.14897, '47.67', '47.14', '0', '0', '45.10', '42.33', '0', '0', '32.1075', '35.3333', '100', '100', '92.1052', '60.9840', '54.9974', '38.9119', '52.81104', '0', '3', '0', '7', 5, 'INST EDUC CAMILO TORRES RESTREPO'),
(105001000175, 63.62101, 67.26794, 65.41719, 62.32865, '44.48', '45.01', '0', '0', '44.05', '42.42', '0', '0', '50.0790', '52.5502', '77.2339', '91.5254', '78.8617', '50.2509', '51.2751', '50.3771', '51.02009', '0', '4', '0', '4', 2, 'INST EDUC GABRIEL RESTREPO MORENO'),
(105001000205, 64.17449, 60.78682, 60.58847, 57.38282, '', '', '', '', '46.27', '39.53', '0', '0', '', '', '86.4583', '84.1463', '87.2727', '50', '', '39.0351', '', '0', '4', '0', '9', 3, 'INST EDUC SAN AGUSTIN'),
(105001000256, 64.92316, 63.28634, 60.12159, 60.11535, '47.67', '47.14', '2.43902', '0', '44.05', '39.53', '.526315', '0', '10.0860', '31.0054', '95.9030', '92.1292', '67.8947', '54.5288', '', '51.6957', '', '', '2', '', '11', 4, 'INST EDUC HECTOR ABAD GOMEZ'),
(105001000353, 66.30527, 64.25573, 59.23390, 65.96680, '44.48', '47.14', '0', '0', '46.27', '42.42', '0', '0', '60.8901', '52.5502', '95.4557', '91.3337', '94.9494', '41.6360', '', '38.2792', '', '1', '7', '1', '15', 3, 'INST EDUC JUAN DE LA CRUZ POSADA'),
(105001000396, 73.89651, 73.41563, 72.74921, 68.79987, '44.48', '47.14', '0', '0', '46.16', '42.42', '0', '0', '37.6129', '52.5502', '97.0731', '89.3491', '72.0779', '56.8198', '57.0564', '44.8771', '57.05645', '0', '5', '0', '9', 1, 'INST EDUC JOSE ACEVEDO Y GOMEZ'),
(105001000418, 68.00340, 63.45958, 66.65432, 63.30618, '40.82', '45.01', '0', '0', '46.16', '43.71', '2', '0', '50.8691', '50.1666', '90.6976', '81.9209', '95', '39.8613', '56.0632', '58.3493', '31.86588', '0', '6', '0', '6', 3, 'INST EDUC LA MILAGROSA'),
(105001000485, 75.69025, 73.78712, 68.79441, 71.55524, '47.67', '47.14', '0', '0', '46.27', '47.59', '1.22699', '0', '60.8901', '63.7177', '97.6923', '79.0849', '87.7300', '76.8376', '72.8188', '74.8951', '72.81884', '7', '28', '4', '24', 3, 'INST EDUC LA SALLE DE CAMPOAMOR'),
(105001000566, 65.79951, 64.43022, 63.00000, 66.13062, '44.48', '47.14', '0', '0', '43.93', '45.16', '0', '0', '3.20430', '55.9505', '93.6992', '94.7368', '73.5294', '45.8511', '68.7551', '50', '43.11828', '0', '9', '6', '9', 1, 'INST EDUC CARACAS'),
(105001000621, 66.00600, 63.92692, 65.80299, 61.45601, '47.67', '53.22', '4.30107', '0', '52.38', '52.66', '1.14942', '0', '52.6079', '85.2741', '98.4732', '84.1772', '98.8505', '', '', '', '', '', '18', '', '24', 3, 'INST EDUC ESCUELA NORMAL SUPERIOR DE MEDELLIN'),
(105001000795, 69.92966, 64.44991, 63.18926, 62.20467, '44.48', '45.01', '0', '0', '44.05', '39.53', '0', '0', '50.0790', '31.3315', '97.5978', '99.3243', '87.8504', '', '52.3199', '', '55.56776', '0', '9', '0', '7', 2, 'INST EDUC ALFREDO COCK ARANGO'),
(105001000809, 64.27267, 63.09082, 60.92968, 59.25048, '44.48', '47.14', '0', '0', '46.16', '40.93', '0', '0', '37.6129', '50.5100', '', '92.6829', '98.4848', '34.4284', '', '45.1949', '', '0', '9', '5', '6', 1, 'INST EDUC PERPETUO SOCORRO'),
(105001000841, 74.84978, 71.03238, 66.21830, 76.38741, '53.2', '55.25', '6.41025', '2.56410', '50.31', '50.14', '2.32558', '0', '49.9838', '49.9919', '95.3846', '88.8157', '100', '64.7424', '', '72.6442', '', '2', '16', '3', '26', 2, 'INST EDUC JESUS MARIA   EL ROSAL'),
(105001000868, 70.35963, 70.29757, 69.37768, 64.57359, '40.82', '45.01', '0', '0', '43.93', '42.33', '0', '0', '42.5327', '50.0510', '96.4285', '95.3846', '84.0579', '51.4125', '26.4838', '54.2840', '26.48387', '0', '8', '0', '12', 4, 'INST EDUC REPUBLICA DE VENEZUELA'),
(105001000876, 70.44957, 65.13692, 64.36418, 55.52610, '44.48', '47.14', '0', '0', '46.27', '42.33', '0', '0', '60.8901', '50.8500', '95.9183', '86.4285', '80.1801', '56.7260', '51.8568', '53.7480', '50.47409', '0', '8', '0', '7', 1, 'INST EDUC JAVIERA LONDOÑO-SEVILLA'),
(105001000931, 72.46591, 66.78783, 66.88673, 69.64766, '44.48', '49.19', '.421940', '.421940', '46.27', '47.59', '1.40845', '0', '42.8723', '56.6305', '92.5675', '78.4982', '95.3051', '', '43.7766', '', '66.09131', '0', '10', '0', '18', 4, 'INST EDUC DIEGO ECHAVARRIA MISAS'),
(105001000981, 69.53774, 66.63773, 67.69731, 62.81049, '44.48', '45.01', '0', '0', '44.05', '42.42', '.336700', '0', '50.0790', '52.5502', '93.2759', '74.2957', '80.8080', '', '55.7705', '', '16.68548', '1', '8', '1', '11', 5, 'INST EDUC GILBERTO ALZATE AVENDAÑO'),
(105001000990, 71.61782, 68.19583, 64.45238, 67.32256, '44.48', '47.14', '0', '0', '46.27', '42.33', '0', '0', '60.8901', '50.8500', '98.8636', '97.8378', '91.3043', '', '62.8071', '', '51.28071', '1', '15', '7', '15', 3, 'INST EDUC GONZALO RESTREPO JARAMILLO'),
(105001001023, 70.55129, 68.78200, 68.15242, 68.65403, '47.67', '49.19', '0', '0', '44.05', '42.42', '0', '0', '26.1223', '40.1420', '97.7011', '98.6842', '98.5074', '41.0904', '', '57.0612', '', '0', '13', '0', '11', 2, 'INST EDUC ANTONIO RICAURTE'),
(105001001121, 70.76617, 64.94969, 63.58085, 62.79220, '44.48', '49.19', '0', '0', '46.16', '42.42', '0', '0', '33.25', '52.5502', '97.8873', '80', '94.7368', '', '42.8723', '', '47.50532', '1', '11', '1', '11', 1, 'INST EDUC JOSE ROBERTO VASQUEZ'),
(105001001155, 77.09894, 75.75311, 70.96965, 72.78015, '44.48', '45.01', '0', '0', '46.21', '45.01', '1.72413', '0', '51.8173', '54.6754', '88.5245', '87.6106', '87.9310', '44.6664', '26.0055', '53.0979', '45.05996', '2', '2', '0', '3', 5, 'INST EDUC SAN JUAN BAUTISTA DE LA SALLE'),
(105001001198, 65.12746, 62.16711, 62.07535, 66.05333, '44.48', '47.14', '0', '0', '46.27', '45.01', '0', '0', '60.8901', '54.6754', '87.8048', '85.7142', '87.5', '57.4840', '', '53.1233', '', '0', '2', '0', '8', 2, 'INST  EDUC AURES'),
(105001001236, 68.49876, 67.70169, 64.21774, 69.02032, '40.82', '47.14', '0', '0', '46.27', '42.42', '2.32558', '0', '60.8901', '50.1048', '85.6115', '85.1351', '88.3720', '62.7399', '46.9852', '59.0750', '62.23036', '0', '10', '0', '12', 2, 'INST EDUC REPUBLICA DE BARBADOS'),
(105001001252, 70.25191, 71.42447, 69.83117, 62.58316, '44.48', '47.14', '0', '0', '44.05', '42.42', '0', '0', '10.0860', '52.5502', '94.8718', '81.0526', '92.3076', '36.5913', '55.9533', '28.5449', '43.90189', '0', '6', '1', '4', 3, 'INST EDUC CRISTOBAL COLON'),
(105001001279, 61.76299, 61.85161, 60.56133, 62.37589, '40.82', '45.01', '0', '.571428', '43.93', '42.33', '0', '0', '42.5327', '50.0510', '97.8991', '61.5953', '69.4267', '47.7443', '31.3598', '43.4052', '48.90352', '0', '9', '0', '11', 1, 'INST EDUC CIRO MENDIA'),
(105001001317, 79.99194, 77.30324, 73.24980, 77.39100, '50.54', '53.22', '2.70270', '0', '50.31', '47.7', '3.44827', '0', '49.9441', '49.9581', '93.3333', '94.8051', '96.5517', '', '', '', '', '', '', '', '', 3, 'INST EDUC MADRE MARIA MAZARELLO'),
(105001001368, 63.08799, 61.64273, 58.48817, 58.55560, '40.82', '48.16', '0', '0', '44.05', '40.93', '0', '0', '23.1320', '50.0403', '94.1176', '86.7924', '79.4117', '49.4221', '', '49.7795', '', '0', '0', '0', '6', 1, 'INST EDUC ALVARO MARIN VELASCO'),
(105001001473, 63.87435, 62.66994, 60.72145, 61.14187, '44.48', '47.14', '0', '0', '46.27', '42.33', '1.35135', '0', '60.8901', '50.8500', '90.7975', '86.0927', '85.1351', '58.9095', '56.6247', '55.5300', '36.43365', '0', '7', '0', '10', 5, 'INST EDUC MANUELA BELTRAN'),
(105001001490, 68.89594, 61.90056, 65.38733, 65.16447, '44.48', '49.19', '0', '0', '48.28', '45.16', '0', '.727272', '63.9681', '55.9505', '96.4788', '90.7821', '97.0909', '', '47.7736', '', '61.97648', '1', '14', '3', '17', 1, 'INST EDUC LOLA GONZALEZ'),
(105001001562, 70.46182, 64.22105, 61.49772, 65.26426, '44.48', '49.19', '0', '.371747', '50.31', '47.59', '.3125', '.3125', '83.1743', '56.6305', '100', '97.4359', '95.3125', '', '68.4431', '', '66.76646', '1', '9', '4', '9', 4, 'INST EDUC JAVIERA LONDOÑO'),
(105001001635, 67.61890, 64.80820, 65.46296, 63.69308, '46.07', '49.19', '.769230', '0', '48.37', '47.59', '2.53164', '0', '77.9363', '68.5182', '96.0317', '87.1004', '98.1012', '', '78.2288', '', '53.5286', '5', '22', '4', '16', 4, 'INST EDUC YERMO Y PARRES'),
(105001001651, 65.99158, 60.66924, 59.65523, 56.50459, '44.48', '47.14', '0', '0', '46.16', '46.37', '0', '0', '37.6129', '56.5455', '92.1052', '97.6190', '93.9024', '54.0573', '58.2977', '56.7885', '41.95435', '4', '9', '2', '7', 3, 'INST EDUC JOSE CELESTINO MUTIS'),
(105001001660, 69.32881, 70.91994, 66.36967, 61.43663, '44.48', '47.14', '0', '0', '46.16', '39.53', '0', '0', '37.6129', '31.3315', '89.3805', '75', '86.3013', '23.3243', '31.9345', '28.5891', '50.41981', '0', '3', '0', '4', 5, 'INST EDUC JOSE ANTONIO GALAN'),
(105001001686, 71.98170, 67.84272, 65.77175, 64.79306, '44.48', '45.01', '0', '0', '41.64', '45.01', '0', '0', '37.5545', '54.6754', '88.4615', '77.4193', '87.5', '32.5091', '64.1120', '55.2704', '73.18408', '0', '10', '0', '0', 1, 'INST EDUC RICARDO URIBE ESCOBAR'),
(105001001791, 69.12766, 66.41017, 62.19014, 67.24300, '44.48', '51.21', '0', '0', '46.16', '47.59', '1.96078', '0', '46.7141', '56.6305', '92.1838', '70.5882', '96.0784', '66.3351', '55.4824', '65.2066', '34.06517', '0', '18', '0', '13', 1, 'INST EDUC GERARDO VALENCIA CANO'),
(105001001805, 69.20962, 70.65967, 69.59401, 61.66253, '42.65', '45.01', '0', '0', '44.05', '42.33', '0', '0', '50.0790', '50.7299', '95.1754', '84.4262', '89.1566', '51.2934', '30.2580', '53.2846', '25.03226', '0', '2', '0', '3', 2, 'INST EDUC FE Y ALEGRIA POPULAR NRO. 1'),
(105001001848, 72.42432, 67.16570, 64.62215, 71.38964, '47.67', '49.19', '1.69491', '0', '46.27', '45.16', '4.22535', '0', '42.8723', '49.7595', '83.0508', '86.1702', '98.5915', '65.4188', '77.2903', '63.5921', '80.19355', '8', '15', '5', '18', 4, 'INST EDUC SOR JUANA INES DE LA CRUZ'),
(105001001881, 74.04916, 72.42012, 70.01382, 70.72358, '', '', '', '', '', '', '', '', '', '', '97.7299', '91.2087', '', '', '', '', '', '', '', '', '', 8, 'INST EDUC CARLOS VIECO ORTIZ'),
(105001002003, 75.69650, 73.74723, 69.56084, 67.37867, '44.48', '51.21', '0', '0', '46.27', '45.16', '0', '0', '48.0583', '55.9505', '100', '81.3953', '94.1176', '35.4798', '', '29.0757', '', '0', '6', '4', '7', 3, 'INST EDUC SAN ROBERTO BELARMINO'),
(105001002011, 68.99065, 63.28571, 61.32606, 58.96675, '47.67', '49.19', '.552486', '0', '46.16', '42.42', '.414937', '0', '33.25', '40.1420', '94.6808', '89.0845', '75.9336', '39.9808', '66.4572', '37.1772', '42.53301', '0', '8', '2', '3', 3, 'INST EDUC FEDERICO OZANAM'),
(105001002020, 70.68806, 67.77143, 66.00428, 69.42262, '44.48', '45.01', '0', '0', '', '', '', '', '', '', '98.7804', '85.0649', '', '67.9299', '73.5698', '46.9032', '67.02265', '1', '14', '4', '19', 3, 'INST EDUC RAFAEL URIBE URIBE'),
(105001002038, 61.69485, 56.86932, 59.55549, 55.80635, '47.67', '47.14', '0', '0', '46.21', '50.42', '0', '0', '59.0750', '83.3145', '94.2623', '91.6666', '90.4761', '52.0072', '73.9511', '52.3537', '69.87434', '0', '13', '10', '8', 5, 'INST EDUC JOSE EUSEBIO CARO'),
(105001002071, 69.03188, 67.82332, 69.16833, 63.66788, '44.48', '45.01', '0', '0', '41.64', '36.5', '0', '0', '37.5545', '28.9979', '91.3978', '73.6111', '22.2222', '', '47.2338', '', '41.70161', '2', '0', '2', '2', 5, 'INST EDUC BENJAMIN HERRERA'),
(105001002101, 65.76753, 64.97800, 60.69828, 63.86394, '47.67', '49.19', '0', '0', '46.21', '42.42', '1.35135', '0', '41.8031', '40.1420', '92.0731', '84.1121', '100', '49.3574', '', '46.3124', '', '2', '11', '0', '6', 1, 'INST EDUC JUAN DE DIOS COCK'),
(105001002119, 67.93415, 64.36774, 61.70950, 63.43530, '44.48', '47.14', '0', '0', '46.16', '42.33', '.966183', '0', '37.6129', '50.8500', '88.6507', '77.2727', '73.4299', '73.9945', '42.5039', '63.8989', '46.25195', '1', '12', '1', '23', 1, 'INST EDUC MARCO FIDEL SUAREZ'),
(105001002135, 78.16733, 75.21792, 72.20929, 71.19365, '44.48', '51.21', '0', '0', '46.27', '42.42', '0', '1.69491', '48.0583', '52.5502', '92.5434', '94.6236', '79.6610', '44.1209', '29.7037', '50', '40.83395', '0', '2', '0', '2', 3, 'INST EDUC RAMON MUNERA LOPERA'),
(105001002305, 73.70952, 72.64172, 72.84265, 72.58533, '44.48', '45.01', '0', '0', '46.16', '42.33', '0', '0', '50.8691', '50.8500', '97.7777', '87.1794', '85.3333', '55.2377', '', '41.6881', '', '0', '2', '0', '5', 1, 'INST EDUC MARISCAL ROBLEDO'),
(105001002348, 66.61977, 66.78024, 68.12097, 63.19666, '44.48', '49.19', '1.52671', '0', '46.27', '42.33', '.653594', '0', '42.8723', '50.8500', '82.8571', '94.3181', '88.2353', '51.2944', '24.0104', '50.6472', '40.31763', '0', '4', '0', '6', 2, 'INST EDUC FE Y ALEGRIA SANTO DOMINGO SAVIO'),
(105001002356, 80.15968, 75.82259, 71.22014, 66.63608, '44.48', '47.14', '0', '0', '46.16', '42.42', '0', '0', '37.6129', '52.5502', '98.6954', '91.0891', '86.8852', '51.6830', '', '42.6287', '', '0', '3', '0', '5', 1, 'INST EDUC GABRIEL GARCIA MARQUEZ'),
(105001002461, 69.44183, 65.99580, 63.53237, 69.18729, '44.48', '45.01', '0', '0', '46.27', '47.7', '3.125', '1.04166', '51.9358', '57.2256', '100', '78.8990', '88.5416', '', '68.1451', '', '57.72849', '2', '15', '6', '19', 3, 'INST EDUC LUCRECIO JARAMILLO VELEZ'),
(105001002470, 66.36845, 61.86230, 63.01808, 63.24267, '44.48', '45.01', '0', '0', '46.27', '42.42', '.429184', '0', '51.9358', '52.5502', '97.2073', '90.1392', '95.2789', '', '53.7783', '', '59.65566', '0', '5', '1', '5', 1, 'INST EDUC SAN VICENTE DE PAUL'),
(105001002488, 71.08318, 70.79278, 68.59869, 64.33068, '44.48', '45.01', '0', '0', '44.05', '45.01', '0', '0', '50.0790', '54.6754', '98.8888', '82.1428', '87.5', '17.5409', '50.3352', '17.6907', '50', '2', '4', '0', '5', 1, 'INST EDUC PEDRO LUIS VILLA'),
(105001002496, 70.48094, 68.32430, 68.61728, 65.57517, '47.67', '47.14', '4.08163', '0', '46.27', '47.59', '2.35294', '1.17647', '60.8901', '63.7177', '100', '88.8888', '88.2353', '', '58.7096', '', '55.22581', '0', '10', '0', '5', 5, 'INST EDUC CRISTO REY'),
(105001002526, 65.82133, 63.90319, 64.06173, 60.31719, '44.48', '47.14', '0', '0', '44.05', '42.33', '.510204', '0', '10.0860', '50.8500', '97.4880', '96.3414', '76.5306', '38.2585', '39.6445', '50.4866', '33.27202', '0', '6', '0', '6', 3, 'INST EDUC SAMUEL BARRIENTOS RESTREPO'),
(105001002780, 63.56579, 64.47780, 56.62955, 55.40994, '44.48', '45.01', '0', '0', '45.10', '39.53', '0', '0', '50.7111', '31.3315', '97.5609', '72.3076', '90.4761', '50.3041', '50.1536', '50.1117', '50.09778', '0', '2', '0', '4', 3, 'INST EDUC SAN FRANCISCO DE ASIS'),
(105001002798, 71.90284, 71.26527, 65.96913, 71.69093, '44.48', '50.2', '0', '0', '50.4', '50.28', '6.52173', '0', '59.6436', '57.3956', '89.1304', '93.1818', '93.4782', '49.0629', '', '48.7978', '', '0', '21', '7', '24', 3, 'INST EDUC MATER DEI'),
(105001002895, 70.42378, 67.95866, 65.99232, 67.24525, '47.67', '49.19', '0', '.628930', '48.37', '47.59', '2.59740', '0', '77.9363', '63.7177', '94.9804', '69.2307', '93.5064', '63.7069', '65.1397', '56.3725', '54.12903', '3', '7', '2', '19', 1, 'INST EDUC FRANCISCO ANTONIO ZEA'),
(105001002976, 69.44840, 69.09654, 67.90860, 67.40716, '46.07', '47.14', '0', '0', '44.05', '42.33', '0', '0', '10.0860', '32.8020', '88.7640', '82.5581', '97.5609', '52.0401', '53.8963', '55.0570', '53.33972', '0', '8', '0', '6', 3, 'INST EDUC LA PIEDAD'),
(105001003123, 66.96498, 64.52546, 58.39308, 61.58163, '47.67', '47.14', '0', '0', '48.28', '45.08', '1.42857', '0', '77.8302', '49.0382', '97.0588', '83.5616', '90', '65.9880', '65.3244', '46.9680', '54.2766', '0', '13', '3', '16', 3, 'INST EDUC FATIMA NUTIBARA'),
(105001003131, 61.88074, 58.91742, 60.36875, 58.81763, '44.48', '45.01', '0', '0', '46.27', '42.42', '0', '0', '51.9358', '52.5502', '80.3418', '90', '82.3529', '51.9596', '61.0478', '50.7536', '65.32447', '0', '2', '0', '4', 4, 'INST EDUC REPUBLICA DE HONDURAS'),
(105001003221, 76.35852, 73.87595, 71.52731, 68.38060, '44.48', '45.01', '0', '0', '44.05', '42.42', '0', '0', '50.0790', '52.5502', '94.4444', '97.1014', '91.6666', '53.4408', '23.2341', '50.8396', '16.19053', '2', '4', '2', '7', 1, 'INST EDUC MANUEL JOSE CAYZEDO'),
(105001003271, 73.16912, 70.78136, 69.08899, 66.11163, '40.82', '45.01', '0', '0', '48.32', '45.08', '1.92307', '0', '53.3581', '50.2043', '95.3846', '74.6478', '80.7692', '', '66.1419', '', '68.92509', '0', '8', '2', '13', 4, 'INST EDUC OCTAVIO HARRY'),
(105001003280, 66.60493, 67.04051, 63.41311, 60.19641, '44.48', '47.14', '0', '.502512', '44.05', '39.53', '0', '0', '10.0860', '31.3315', '98.9583', '83.3333', '73.0496', '', '58.2983', '', '67.51881', '0', '11', '0', '11', 4, 'INST EDUC MARIA MONTESSORI'),
(105001003298, 68.82972, 63.95752, 64.80398, 68.08923, '44.48', '49.19', '0', '0', '46.16', '42.33', '0', '0', '33.25', '50.8500', '98.9247', '95.3917', '98.1595', '', '54.7230', '', '46.28816', '1', '6', '5', '18', 3, 'INST EDUC LORENZA VILLEGAS DE SANTOS'),
(105001003387, 73.66975, 70.08162, 70.61718, 61.66108, '44.48', '45.01', '0', '0', '44.05', '42.33', '0', '0', '50.0790', '50.8500', '90.6349', '81.1827', '88.9655', '', '46.5295', '', '28.02024', '0', '7', '1', '3', 3, 'INST EDUC SANTA ROSA DE LIMA'),
(105001003425, 79.57438, 73.01574, 70.83721, 77.88612, '44.48', '49.19', '0', '0', '46.27', '45.01', '1.48514', '0', '42.8723', '54.6754', '92.4324', '80.9210', '87.6237', '', '49.3989', '', '48.94809', '0', '12', '1', '11', 3, 'INST EDUC JOSE MARIA BRAVO MARQUEZ'),
(105001003441, 67.38572, 59.46839, 59.84906, 56.13708, '47.67', '49.19', '1.35135', '0', '50.4', '55.62', '5.61797', '0', '88.4124', '87.2338', '', '80.9523', '98.8764', '', '', '', '', '8', '', '5', '', 1, 'INS TEC INDUSTRIAL PASCUAL BRAVO'),
(105001003450, 72.83395, 67.30186, 65.61950, 67.61047, '47.67', '49.19', '0', '0', '48.28', '42.42', '0', '1.21951', '63.9681', '40.1420', '99.2957', '90.3846', '96.3414', '47.1736', '', '42.8836', '', '0', '11', '7', '11', 4, 'INST EDUC ROSALIA SUAREZ'),
(105001004472, 77.86079, 72.90368, 69.81089, 74.65044, '50.54', '49.19', '0', '0', '49.34', '45.08', '0', '0', '81.4283', '49.7066', '90.5882', '97.4026', '100', '69.2349', '', '75.9305', '', '2', '26', '14', '45', 3, 'INST EDUC LA PRESENTACION'),
(105001004791, 72.98604, 65.75423, 61.29147, 67.25874, '47.67', '53.22', '0', '0', '52.29', '52.66', '5.37634', '1.07526', '52.6079', '85.2741', '83.6601', '91.5966', '96.7742', '62.4173', '49.9149', '50', '48.97991', '3', '33', '11', '35', 5, 'INST EDUC SANTO ANGEL'),
(105001005291, 73.81323, 71.00333, 68.79401, 67.14575, '44.48', '45.01', '0', '0', '46.27', '42.42', '0', '0', '51.9358', '52.5502', '76.0869', '69.4444', '92.6470', '55.7960', '53.1043', '38.9119', '28.84151', '0', '7', '0', '11', 5, 'INST EDUC CAMPO VALDES'),
(105001005339, 72.85081, 75.66913, 75.00940, 64.11073, '44.48', '47.14', '0', '0', '46.16', '42.33', '1.03092', '0', '37.6129', '50.8500', '97.1062', '90.6040', '81.4433', '37.5543', '36.3069', '50', '49.55829', '0', '4', '0', '6', 3, 'INST EDUC MONSEÑOR FRANCISCO CRISTOBAL TORO'),
(105001005347, 65.65382, 66.88254, 64.99321, 66.57073, '44.48', '47.14', '0', '.757575', '46.27', '42.42', '0', '.854700', '60.8901', '52.5502', '91.9691', '81.2457', '93.1623', '', '38.5048', '', '42.13492', '0', '13', '2', '10', 1, 'INST EDUC TULIO OSPINA'),
(105001005380, 67.84377, 70.96503, 68.16737, 60.33562, '', '', '', '', '', '', '', '', '', '', '75.6839', '', '', '', '', '', '', '', '', '', '', 8, 'INST EDUC MANUEL URIBE ANGEL'),
(105001005410, 71.62813, 68.50413, 69.51910, 70.75396, '46.07', '47.14', '0', '0', '47.27', '45.08', '1.28205', '0', '76.6202', '49.7034', '97.4359', '79.4871', '96.1538', '36.7763', '38.2928', '37.0074', '25.12232', '0', '9', '0', '4', 3, 'INST EDUC JUAN DE DIOS CARVAJAL'),
(105001005495, 68.97793, 65.68330, 65.83757, 60.73234, '44.48', '47.14', '0', '0', '43.93', '42.42', '0', '0', '3.20430', '52.5502', '88.2353', '84.0764', '97.7272', '56.2233', '67.8924', '58.8407', '62.3871', '0', '12', '4', '11', 5, 'INST EDUC REPUBLICA DE URUGUAY'),
(105001005525, 63.80748, 62.09480, 57.00581, 59.82512, '44.48', '42.76', '0', '0', '44.05', '39.53', '0', '0', '50.0188', '31.3315', '91.0714', '87.6712', '92.1052', '50.1676', '51.0264', '50.4207', '53.48991', '0', '0', '0', '0', 5, 'INST EDUC ENRIQUE OLAYA HERRERA'),
(105001005878, 69.26619, 63.43705, 67.02742, 67.74767, '44.48', '42.76', '0', '0', '46.16', '42.33', '.632911', '0', '50.0725', '50.8500', '80', '61.6766', '69.6202', '51.5085', '38.6651', '51.8740', '32.36793', '0', '3', '1', '3', 3, 'INST EDUC FRANCISCO MIRANDA'),
(105001006068, 75.78587, 73.12725, 70.11789, 72.49341, '46.07', '45.01', '0', '0', '46.16', '42.42', '0', '0', '50.8691', '38.7323', '95', '76.3157', '96.2025', '80.3947', '', '52.5160', '', '2', '7', '6', '34', 5, 'INST EDUC DINAMARCA'),
(105001006092, 68.76069, 65.37081, 60.74640, 66.80536, '44.48', '49.19', '2.40963', '0', '48.28', '45.01', '0', '0', '63.9681', '54.6754', '90.2173', '96.6666', '98.6666', '64.5201', '71.9098', '56.5852', '42.11436', '0', '8', '4', '11', 1, 'INST EDUC JULIO CESAR GARCIA'),
(105001006181, 70.69241, 66.65570, 64.63734, 63.45175, '44.48', '47.14', '1.14942', '0', '46.27', '45.01', '1.42857', '0', '60.8901', '54.6754', '96.875', '90.9091', '94.2857', '52.4652', '52.5187', '50.9316', '68.89095', '0', '5', '0', '3', 5, 'INST EDUC PEDRO OCTAVIO AMADO'),
(105001006246, 71.72303, 71.96504, 69.22242, 63.18344, '44.48', '47.14', '0', '0', '48.28', '42.42', '1.69491', '0', '77.8302', '52.5502', '95.2941', '76.7857', '84.7457', '37.2258', '20.7574', '34.8602', '26.19791', '0', '2', '0', '7', 1, 'INST EDUC JORGE ROBLEDO'),
(105001006483, 63.14412, 61.79150, 60.41005, 60.76870, '47.67', '47.14', '0', '0', '46.16', '40.97', '0', '0', '37.6129', '35.0928', '97.0588', '91.8918', '92.3076', '52.5547', '50.1976', '55.7960', '50.02281', '0', '4', '0', '4', 4, 'INST EDUC RODRIGO CORREA PALACIO'),
(105001006718, 76.29577, 72.47375, 70.03648, 74.43282, '42.65', '45.01', '0', '0', '46.27', '42.42', '1.07526', '0', '51.9358', '51.9464', '85.7920', '93.5897', '92.4731', '', '40.8394', '', '45.61886', '0', '5', '1', '10', 1, 'INST EDUC ASIA IGNACIANA'),
(105001006980, 77.65560, 71.36644, 73.20613, 65.40892, '47.67', '49.19', '1.74927', '.291545', '48.28', '45.01', '2.16718', '0', '63.9681', '46.153', '96.9697', '55.9139', '83.5913', '', '63.2681', '', '42.53889', '2', '8', '3', '9', 3, 'INST EDUC CONCEJO DE MEDELLIN'),
(105001007111, 66.20095, 63.05758, 60.56594, 64.47556, '44.48', '47.14', '0', '0', '44.05', '40.93', '0', '0', '10.0860', '50.5100', '91.0112', '85.8974', '84.7826', '', '', '', '', '0', '6', '0', '2', 1, 'INST EDUC SEBASTIAN DE BELALCAZAR'),
(105001007188, 70.41151, 65.04269, 64.75366, 65.83550, '44.48', '47.14', '0', '0', '46.16', '45.16', '0', '0', '37.6129', '55.9505', '93.5064', '86.0759', '89.7637', '46.3118', '54.0803', '34.8026', '53.57031', '1', '5', '0', '7', 3, 'INST EDUC BENEDIKTA ZUR NIEDEN'),
(105001007218, 73.94738, 72.70853, 71.22239, 67.59535, '47.67', '47.14', '0', '0', '46.16', '42.42', '1.05263', '0', '37.6129', '40.1420', '84.0909', '90.1960', '82.1052', '50.1368', '56.1205', '50.5474', '58.84077', '1', '0', '1', '4', 4, 'INST EDUC MARIA DE LOS ANGELES CANO MARQUEZ'),
(105001007421, 77.11040, 70.74101, 68.21939, 68.75323, '44.48', '47.14', '0', '0', '48.28', '47.59', '0', '0', '77.8302', '56.6305', '98.7341', '', '94.7368', '60.9370', '77.0364', '64.4489', '34.58195', '0', '20', '2', '11', 3, 'INST EDUC OCTAVIO CALDERON MEJIA'),
(105001007439, 59.23926, 62.45396, 59.08289, 57.75525, '44.48', '47.14', '0', '0', '44.05', '42.42', '0', '0', '10.0860', '52.5502', '100', '89.4117', '94.5454', '47.6774', '53.8020', '60.1827', '52.53467', '0', '3', '0', '8', 2, 'INST EDUC PEDRO CLAVER AGUIRRE'),
(105001007889, 66.97778, 65.58018, 63.54054, 66.19788, '44.48', '43.88', '0', '0', '48.28', '47.59', '0', '0', '52.3442', '56.6305', '93.75', '92.4528', '88.8888', '41.4722', '41.6621', '51.1314', '68.99849', '2', '6', '0', '2', 5, 'INST EDUC JUVENIL NUEVO FUTURO'),
(105001007978, 69.16975, 68.60779, 69.07986, 62.22084, '44.48', '45.01', '0', '0', '46.27', '42.33', '0', '0', '51.9358', '50.8500', '68.5483', '78.8461', '81.5789', '51.0952', '51.4598', '51.1612', '50.66909', '0', '3', '0', '1', 5, 'INST EDUC PABLO NERUDA'),
(105001008249, 75.78704, 68.60913, 68.61863, 69.33383, '44.48', '47.14', '0', '0', '43.93', '42.33', '0', '0', '3.20430', '50.8500', '94.3820', '90.8046', '94.5945', '57.0564', '', '31.5110', '', '0', '2', '2', '4', 4, 'INST EDUC BELLO HORIZONTE'),
(105001008389, 67.32115, 64.39826, 61.90729, 61.57920, '44.48', '46.07', '0', '0', '46.27', '43.71', '0', '0', '61.0322', '54.5053', '94.5121', '94.5736', '90.2439', '50.6547', '', '35.8776', '', '0', '6', '0', '8', 2, 'INST EDUC LORETO'),
(105001008451, 61.29272, 61.90130, 58.50689, 53.31554, '44.48', '45.01', '0', '0', '46.27', '45.01', '0', '0', '51.9358', '54.6754', '92.3566', '89.7637', '87.5', '50.7057', '', '27.1785', '', '0', '2', '2', '8', 5, 'INST EDUC RAMON GIRALDO CEBALLOS'),
(105001008486, 74.19608, 67.02691, 67.19371, 65.40299, '44.48', '49.19', '0', '0', '46.27', '39.53', '1.81818', '0', '42.8723', '31.3315', '62.7118', '78.125', '87.2727', '57.2258', '', '56.9533', '', '0', '6', '2', '12', 2, 'INST EDUC CAPILLA DEL ROSARIO'),
(105001009652, 74.03514, 69.53638, 69.97217, 66.22906, '40.82', '45.01', '0', '0', '46.21', '42.33', '0', '0', '51.8173', '50.0510', '98.7341', '98.1132', '89.7058', '', '19.4014', '', '30.38555', '0', '4', '0', '9', 4, 'INST EDUC SAN LORENZO DE ABURRA'),
(105001009695, 69.98434, 67.44294, 66.59343, 73.13779, '44.48', '49.19', '0', '0', '48.28', '45.01', '0', '0', '63.9681', '54.6754', '90.1098', '93.8271', '100', '49.7595', '', '49.1603', '', '0', '20', '0', '34', 3, 'INST EDUC SAN JUAN BOSCO'),
(105001009709, 67.68205, 68.19932, 65.22505, 64.40977, '44.48', '47.14', '0', '0', '43.93', '42.42', '0', '0', '3.20430', '52.5502', '96.6174', '85.0467', '86.4864', '', '50.5409', '', '50.60109', '2', '6', '0', '16', 4, 'INST EDUC FELIX HENAO BOTERO'),
(105001009865, 71.14523, 67.33195, 66.53763, 62.98753, '47.67', '48.16', '0', '0', '46.27', '42.42', '0', '0', '42.8632', '40.1420', '94.6564', '85.1063', '86.5384', '', '58.1860', '', '67.63155', '0', '8', '2', '16', 5, 'INST EDUC HERNAN TORO AGUDELO'),
(105001010111, 67.22665, 63.90145, 63.47788, 65.65635, '', '', '', '', '44.05', '39.53', '0', '0', '', '', '89.5652', '78.3783', '85.2941', '42.2715', '', '48.0358', '', '0', '16', '0', '5', 2, 'INST EDUC MAESTRO FERNANDO BOTERO'),
(105001010367, 72.65508, 68.32257, 63.01791, 72.61498, '44.48', '49.19', '0', '0', '46.27', '45.01', '0', '0', '42.8723', '54.6754', '100', '100', '92.0634', '', '66.9879', '', '100.9638', '2', '18', '7', '25', 4, 'INST EDUC SANTOS ANGELES CUSTODIOS'),
(105001010448, 78.87188, 75.36131, 72.79828, 71.03245, '44.48', '45.01', '0', '0', '46.16', '42.42', '0', '0', '50.8691', '52.5502', '94.7706', '93.9560', '90.5511', '', '39.9401', '', '53.58457', '0', '4', '0', '7', 2, 'INST EDUC LA ESPERANZA'),
(105001010588, 70.34658, 66.54921, 65.56602, 65.80009, '44.48', '47.14', '0', '0', '46.16', '42.37', '1.58730', '0', '37.6129', '52.4652', '94.2445', '98.0695', '83.3333', '', '', '', '', '0', '4', '0', '6', 2, 'INST EDUC FE Y ALEGRIA LA CIMA'),
(105001010855, 70.17500, 67.52643, 64.63004, 70.66562, '47.67', '51.21', '0', '0', '46.16', '42.42', '0', '0', '46.7141', '40.1420', '95.9770', '74.4444', '88.8888', '54.2840', '', '56.9847', '', '', '9', '', '6', 3, 'INST EDUC  ANA DE CASTRILLON'),
(105001011011, 60.79640, 56.01825, 52.84318, 61.31276, '44.48', '47.14', '0', '0', '46.21', '39.53', '0', '0', '59.0750', '31.3315', '97.6190', '88.8888', '85.2941', '41.1839', '', '41.7218', '', '0', '7', '0', '11', 3, 'INST EDUC TOMAS CARRASQUILLA NO. 2'),
(105001011061, 72.15289, 67.11811, 65.57767, 65.62862, '44.48', '47.14', '0', '1.49253', '48.28', '47.59', '0', '0', '77.8302', '56.6305', '98.8372', '93.2584', '100', '57.3399', '68.3487', '56.1839', '64.82014', '0', '8', '5', '14', 1, 'INST EDUC JOSE ASUNCION SILVA'),
(105001011070, 80.02045, 76.57378, 75.05122, 71.53479, '44.48', '47.14', '0', '0', '46.16', '42.33', '0', '0', '37.6129', '50.8500', '94.3115', '85.7142', '90.3225', '51.4598', '56.6373', '51.9914', '40.91838', '0', '3', '1', '4', 3, 'INST EDUC MERCEDITAS GOMEZ MARTINEZ'),
(105001011088, 71.54013, 69.18002, 69.72356, 68.36000, '44.48', '45.01', '1.38888', '0', '45.10', '40.93', '0', '0', '50.7111', '50.5100', '91.3043', '89.9082', '95', '51.2642', '53.7684', '50.7822', '52.44948', '0', '0', '0', '6', 5, 'INST EDUC CIUDADELA LAS AMERICAS'),
(105001011363, 75.48724, 70.36420, 67.89536, 71.02391, '44.48', '45.01', '0', '0', '46.27', '42.33', '0', '0', '51.9358', '50.8500', '98.3606', '81.7679', '95.0413', '', '57.5855', '', '57.26945', '0', '2', '0', '4', 5, 'INST EDUC DOCE DE OCTUBRE'),
(105001011461, 72.49315, 70.78600, 68.66703, 71.37663, '', '', '', '', '46.27', '42.42', '0', '0', '', '', '', '91.3580', '91.8367', '53.8547', '', '53.0147', '', '0', '5', '2', '10', 4, 'INST EDUC FE Y ALEGRIA AURES'),
(105001011606, 71.72633, 67.45188, 66.48869, 64.68354, '44.48', '49.19', '1.25', '0', '46.27', '42.42', '1.33333', '0', '42.8723', '52.5502', '91.1324', '89.4308', '90.6666', '50.8834', '62.3173', '54.1981', '57.18512', '1', '7', '5', '4', 3, 'INST EDUC HORACIO MUÑOZ SUESCUN'),
(105001011631, 68.59856, 63.09319, 65.05945, 64.79890, '44.48', '49.19', '0', '0', '46.27', '43.71', '.602409', '0', '42.8723', '54.5053', '95.8333', '81.25', '95.1807', '', '41.4730', '', '45.73651', '1', '30', '1', '20', 3, 'INST EDUC ASAMBLEA DEPARTAMENTAL'),
(105001011690, 72.70512, 69.22040, 66.77245, 63.05577, '44.48', '42.76', '0', '0', '46.16', '42.33', '.847457', '0', '50.0725', '50.8500', '89.3333', '66.9565', '66.9491', '', '33.8043', '', '34.96122', '0', '7', '0', '0', 2, 'INST EDUC FEDERICO CARRASQUILLA'),
(105001011711, 67.43496, 64.38558, 61.98971, 64.17612, '42.65', '47.14', '0', '0', '46.27', '42.42', '0', '0', '60.8901', '51.9464', '100', '91', '95.5882', '68', '59.7322', '55.5658', '40.75553', '0', '4', '2', '16', 2, 'INST EDUC FE Y ALEGRIA VILLA DE LA CANDELARIA'),
(105001011886, 71.61578, 70.69577, 68.29587, 67.65337, '44.48', '49.19', '0', '0', '48.28', '45.01', '2.35294', '0', '63.9681', '54.6754', '92.8237', '95.8083', '94.1176', '', '51.7810', '', '48.00392', '0', '3', '0', '2', 3, 'INST EDUC AMERICA'),
(105001012092, 73.01017, 69.39060, 65.19685, 67.83972, '44.48', '45.01', '0', '0', '46.27', '45.16', '0', '0', '51.9358', '55.9505', '78.4778', '91.1290', '85.7142', '28.1929', '53.0602', '41.9359', '-48.0095', '1', '5', '0', '2', 5, 'INST EDUC BARRIO SANTANDER'),
(105001012106, 71.66510, 70.27631, 64.35313, 69.30361, '44.48', '45.01', '0', '0', '46.16', '42.33', '0', '0', '50.8691', '50.8500', '98.8888', '92.3076', '74.0506', '64.4721', '66.8978', '41.4886', '63.51825', '1', '12', '1', '16', 1, 'INST EDUC JUAN MARIA CESPEDES'),
(105001012165, 72.45088, 68.10714, 68.43827, 56.59760, '44.48', '45.01', '0', '0', '44.05', '42.42', '1.96078', '0', '50.0790', '52.5502', '94.1040', '90.3863', '85.2941', '', '43.7025', '', '29.53332', '0', '1', '0', '3', 4, 'INST EDUC GUADALUPE'),
(105001012696, 67.80782, 64.82982, 60.82832, 63.35751, '47.67', '49.19', '1.08108', '0', '46.16', '45.16', '0', '0', '33.25', '49.7595', '98.0645', '69.6517', '87.6623', '', '57.0537', '', '54.8172', '0', '6', '0', '10', 4, 'INST EDUC ALFONSO LOPEZ PUMAREJO'),
(105001012700, 78.30194, 78.19020, 72.95653, 63.46847, '44.48', '43.88', '0', '0', '45.10', '39.53', '0', '0', '50.5710', '31.3315', '71.0843', '81.875', '38.6363', '', '50.5376', '', '50.36559', '0', '2', '0', '4', 2, 'INST EDUC SAN PABLO'),
(105001013013, 69.49812, 72.69358, 67.83400, 62.75334, '', '', '', '', '44.05', '39.53', '0', '0', '', '', '89.7637', '72.6190', '66', '40.0196', '', '50.7299', '', '0', '1', '0', '3', 1, 'INST EDUC PICACHITO'),
(105001013072, 66.05361, 66.54422, 67.11111, 63.18429, '44.48', '47.14', '0', '0', '44.05', '40.93', '0', '0', '10.0860', '50.5100', '87.2538', '82.7957', '93.1034', '', '20.7679', '', '26.81592', '0', '6', '0', '7', 4, 'INST EDUC MAESTRO PEDRO NEL GOMEZ'),
(105001013145, 76.15298, 68.97577, 68.52080, 69.08673, '46.07', '49.19', '0', '0', '50.31', '47.59', '0', '0', '83.1743', '68.5182', '90.8397', '90.9091', '94.3181', '43.9682', '62.5948', '35.5278', '50', '4', '10', '8', '12', 4, 'INST EDUC SANTA TERESA'),
(105001013340, 73.34827, 64.12927, 67.18286, 60.52723, '47.67', '49.19', '1.28504', '.233644', '50.31', '47.81', '2.13017', '.118343', '83.1743', '79.3951', '89.9715', '78.4046', '98.5798', '', '49.8115', '', '47.3621', '2', '12', '4', '17', 3, 'INST EDUC INEM JOSE FELIX DE RESTREPO'),
(105001013439, 74.62337, 67.94734, 65.92876, 66.42339, '44.48', '47.14', '0', '0', '46.27', '45.08', '1.92307', '0', '60.8901', '55.6955', '97.2602', '92.3076', '92.3076', '53.6540', '52.5869', '42.5039', '3.836016', '0', '3', '0', '10', 4, 'INST EDUC FELIX DE BEDOUT MORENO'),
(105001013447, 69.92770, 67.11388, 67.41563, 62.69450, '46.07', '45.01', '0', '0', '43.93', '42.33', '0', '0', '42.5327', '32.8020', '98.8095', '100', '88.4615', '19.0896', '', '19.2240', '', '0', '0', '0', '2', 4, 'INST EDUC JOSE HORACIO BETANCUR'),
(105001013633, 69.46674, 65.62762, 62.28751, 64.02076, '40.82', '42.76', '0', '0', '48.28', '42.33', '0', '0', '50.2204', '50.0510', '100', '85.7142', '88.2353', '', '39.9248', '', '37.40604', '0', '3', '0', '1', 4, 'INST EDUC LOMA HERMOSA'),
(105001014052, 65.13887, 64.98357, 62.73967, 56.47220, '44.48', '45.01', '0', '0', '46.16', '42.33', '0', '1.20481', '50.8691', '50.8500', '93.1222', '81.5789', '81.9277', '', '36.1968', '', '40.20419', '0', '1', '0', '1', 2, 'INST EDUC NUEVO HORIZONTE'),
(105001014397, 75.32943, 69.19637, 67.44762, 67.97782, '44.48', '47.14', '0', '0', '46.27', '45.01', '.649350', '0', '60.8901', '54.6754', '91.6666', '96.2264', '94.1558', '', '44.1464', '', '39.75625', '0', '6', '1', '9', 1, 'INST EDUC LUIS LOPEZ DE MESA'),
(105001014851, 78.73088, 68.71057, 68.70034, 68.81744, '44.48', '49.19', '.645161', '0', '48.37', '47.59', '.653594', '0', '77.9363', '56.6305', '98.8235', '85.5263', '99.3464', '47.5365', '49.2239', '47.9885', '47.41306', '1', '17', '3', '13', 2, 'INST EDUC JESUS REY'),
(105001014869, 64.91181, 64.35318, 61.85862, 56.52539, '47.67', '47.14', '.684931', '0', '46.16', '42.42', '0', '0', '37.6129', '40.1420', '95.2879', '78.9719', '89.6103', '', '', '', '', '2', '1', '1', '5', 3, 'INST EDUC PBRO ANTONIO JOSE BERNAL LONDOÑO'),
(105001015091, 73.32196, 72.87517, 68.85747, 67.79166, '44.48', '47.14', '0', '0', '47.27', '39.53', '0', '0', '76.6202', '31.3315', '95.1219', '84.8101', '84.6153', '', '51.4413', '', '47.2169', '0', '2', '0', '8', 4, 'INST EDUC FE Y ALEGRIA GRANIZAL'),
(105001015148, 64.38392, 62.69376, 61.96155, 61.73811, '40.82', '42.76', '0', '0', '46.16', '42.42', '0', '0', '50.0725', '50.1048', '93.6170', '72.2222', '78.2608', '55.4642', '53.9754', '30.3584', '60.60108', '0', '9', '0', '0', 1, 'INST EDUC CAMILO MORA CARRASQUILLA'),
(105001015172, 72.67847, 66.47285, 69.93956, 62.64317, '44.48', '45.01', '0', '0', '46.16', '39.53', '0', '0', '50.8691', '31.3315', '95.8333', '95.2381', '76.3636', '25.1223', '48.3233', '17.5169', '-38.8622', '0', '2', '2', '4', 1, 'INST EDUC EDUARDO SANTOS'),
(105001015211, 70.04279, 69.57966, 65.49586, 63.14397, '44.48', '47.14', '0', '0', '44.05', '42.33', '0', '0', '10.0860', '50.8500', '84.5238', '72.5490', '52.0833', '26.757', '46.2249', '46.9185', '56.93475', '0', '2', '0', '2', 1, 'INST EDUC LA LIBERTAD'),
(105001015229, 67.01521, 69.69110, 68.35498, 65.14288, '44.48', '46.07', '0', '0', '44.05', '40.93', '0', '0', '10.5556', '50.5100', '94.2307', '79.3103', '82.5', '34.7934', '', '51.1174', '', '0', '0', '0', '0', 1, 'INST EDUC VILLA TURBAY'),
(105001015831, 71.22948, 70.96145, 69.65755, 68.53989, '44.48', '45.01', '0', '0', '44.05', '42.42', '0', '0', '50.0790', '52.5502', '94.4444', '85.2941', '77.4193', '6.69295', '', '12.6834', '', '0', '3', '0', '0', 4, 'INST EDUC VALLEJUELOS'),
(105001016420, 65.52331, 60.59429, 57.71269, 59.43845, '47.67', '47.14', '0', '0', '46.16', '45.16', '0', '0', '37.6129', '49.7595', '99.1071', '82.8828', '89.6907', '', '65.0849', '', '79.68328', '0', '12', '4', '8', 1, 'INST EDUC TRICENTENARIO'),
(105001017132, 63.51913, 66.97661, 60.94009, 61.06168, '', '', '', '', '46.21', '42.33', '0', '0', '', '', '98.4252', '75', '82.8571', '62.2575', '', '51.3251', '', '', '4', '', '13', 2, 'INST EDUC FE Y ALEGRIA SAN JOSE'),
(105001017876, 74.98864, 71.06236, 72.17058, 67.63848, '44.48', '42.76', '0', '0', '41.64', '38.01', '0', '0', '50', '31.3315', '96.0784', '91.1764', '41.6666', '50.4190', '50', '50.2281', '50.00537', '0', '0', '0', '0', 7, 'INST EDUC FRANCISCO LUIS HERNANDEZ BETANCUR'),
(105001017965, 70.30630, 68.92191, 65.30190, 68.26208, '44.48', '48.16', '2.77777', '0', '46.16', '45.01', '0', '0', '31.5283', '54.6754', '97.2222', '91.5789', '97.2222', '', '48.5289', '', '46.66554', '0', '9', '1', '9', 2, 'INST EDUC MANUEL JOSE GOMEZ S'),
(105001018759, 74.10046, 67.97868, 68.15843, 72.74249, '40.82', '45.01', '0', '0', '48.28', '45.16', '2.63157', '0', '53.0421', '50.2123', '93.8775', '86.2068', '94.7368', '35.7187', '34.4669', '47.1172', '50', '0', '3', '0', '6', 3, 'INST EDUC FE Y ALEGRIA EL LIMONAR'),
(105001019011, 70.83223, 71.14449, 69.79955, 67.49516, '44.48', '48.16', '0', '0', '46.16', '45.16', '0', '0', '31.5283', '55.9505', '84.2105', '78.3333', '90.4761', '', '', '', '', '0', '4', '0', '6', 3, 'INST EDUC ESTELLA VELEZ LONDOÑO ANTES SAUL LONDOÑO LONDOÑO'),
(105001019062, 75.80272, 70.63071, 72.66901, 69.08606, '44.48', '47.14', '0', '0', '44.05', '42.33', '0', '0', '10.0860', '50.8500', '100', '75.9259', '72.6618', '', '44.9679', '', '39.9359', '0', '14', '1', '10', 5, 'INST EDUC ALFONSO MORA NARANJO'),
(105001019089, 65.94748, 67.71714, 66.30759, 56.47641, '44.48', '42.76', '0', '0', '46.27', '39.53', '0', '0', '50.1451', '31.3315', '92.1824', '93.8461', '90.7894', '26.0488', '', '18.4574', '', '0', '2', '0', '2', 3, 'INST EDUC VIDA PARA TODOS'),
(105001019143, 68.12279, 67.95939, 63.96189, 59.94349, '', '', '', '', '', '', '', '', '', '', '', '63.4146', '', '', '', '', '', '', '', '', '', 8, 'INST EDUC JORGE ELIECER GAITAN'),
(105001019194, 74.13998, 67.98348, 66.84991, 65.87720, '44.48', '45.01', '.709219', '.709219', '46.16', '42.33', '0', '0', '50.8691', '50.8500', '91.1504', '86.4864', '98.3739', '', '29.7324', '', '35.06601', '0', '6', '0', '6', 2, 'INST EDUC EL PEDREGAL'),
(105001019305, 67.37964, 69.50484, 67.04841, 68.47512, '', '', '', '', '46.16', '42.33', '0', '0', '', '', '94.4275', '90', '84.6153', '27.4169', '53.3942', '50.9350', '58.29708', '0', '2', '0', '3', 2, 'INST EDUC LA AVANZADA'),
(105001019330, 69.28514, 70.34737, 69.19227, 66.07648, '47.67', '45.01', '0', '0', '46.27', '45.01', '0', '0', '51.9358', '46.153', '99.6', '87.6106', '80', '', '42.4144', '', '46.83937', '0', '10', '1', '5', 4, 'INST EDUC BARRIO SANTA MARGARITA'),
(105001019429, 73.68419, 67.08116, 71.30908, 65.13933, '44.48', '45.01', '.540540', '0', '44.05', '42.33', '0', '.478468', '50.0790', '50.8500', '98.0769', '93.75', '87.5598', '', '48.9627', '', '72.34904', '0', '7', '1', '9', 5, 'INST EDUC LUIS CARLOS GALAN SARMIENTO'),
(105001019453, 74.98605, 70.48477, 69.56172, 67.89359, '40.82', '45.01', '0', '0', '43.93', '39.53', '0', '0', '42.5327', '50.0026', '90.9659', '59.4936', '85.0931', '', '53.8804', '', '38.459', '0', '3', '0', '3', 4, 'INST EDUC VILLA DEL SOCORRO'),
(105001019534, 75.35790, 70.56197, 67.46973, 70.39180, '44.48', '45.01', '0', '0', '46.16', '39.53', '0', '0', '50.8691', '31.3315', '92.0792', '88.5245', '60', '', '51.5929', '', '51.14208', '0', '0', '0', '2', 1, 'INST EDUC RODRIGO LARA BONILLA'),
(105001019674, 68.38164, 64.95538, 61.56293, 64.03020, '44.48', '49.19', '0', '0', '46.27', '45.01', '.884955', '0', '42.8723', '54.6754', '90.3846', '81.3559', '95.5752', '45.5268', '64.1224', '45.0599', '60.98409', '5', '13', '2', '10', 8, 'INST EDUC MIRAFLORES'),
(105001019798, 65.70781, 68.93964, 62.42284, 56.71017, '42.65', '45.01', '0', '0', '41.64', '36.5', '0', '0', '37.5545', '33.1236', '79.3478', '95.0617', '80', '50.0698', '', '50.5100', '', '0', '1', '0', '7', 5, 'INST EDUC ALFONSO LOPEZ'),
(105001019925, 60.91112, 60.24696, 55.34857, 50.90773, '44.48', '47.14', '.452488', '.452488', '44.05', '45.01', '0', '0', '10.0860', '54.6754', '94.2583', '77.3722', '87.9310', '', '45.4639', '', '44.95998', '0', '1', '3', '5', 2, 'INST EDUC ALCALDIA DE MEDELLIN'),
(105001020028, 76.26040, 74.17155, 71.72169, 69.42763, '44.48', '46.07', '0', '0', '46.16', '42.42', '0', '0', '38.7301', '52.5502', '95.2941', '93.8775', '86.3636', '58.8407', '', '35.6686', '', '0', '5', '0', '11', 5, 'INST EDUC EL SALVADOR'),
(105001020052, 72.67477, 69.41085, 62.33923, 71.60753, '44.48', '47.14', '0', '0', '48.37', '45.01', '0', '0', '82.6703', '54.6754', '96.1538', '100', '90.9090', '65.1251', '', '60.5858', '', '0', '4', '0', '17', 3, 'INST EDUC RAFAEL GARCIA HERREROS'),
(105001020273, 77.05367, 73.09952, 73.66724, 68.29621, '50.54', '53.22', '0', '0', '53.32', '50.42', '6.66666', '0', '55.2158', '50', '83.7837', '82.6087', '100', '20.1320', '51.7922', '52.5806', '51.29443', '0', '5', '0', '0', 2, 'INST EDUC CIUDAD DON BOSCO'),
(105001021199, 68.06131, 67.58393, 64.59730, 64.60731, '44.48', '45.01', '0', '0', '46.27', '42.42', '0', '0', '51.9358', '52.5502', '98.8636', '98.7179', '80', '', '50.6010', '', '22.18644', '0', '2', '1', '2', 3, 'INST EDUC LA INDEPENDENCIA'),
(105001021547, 72.83746, 70.07265, 66.12120, 69.79859, '47.67', '47.14', '0', '0', '46.16', '45.16', '0', '0', '37.6129', '49.7595', '96.5517', '92.1875', '95.5555', '61.4049', '73.0510', '57.0560', '78.58334', '2', '17', '2', '14', 1, 'INST EDUC VILLA FLORA'),
(105001021636, 68.73636, 64.90685, 66.44675, 67.32712, '44.48', '45.01', '0', '.5', '44.05', '42.42', '0', '0', '50.0790', '52.5502', '97.8873', '79.771', '91.8239', '', '39.7543', '', '28.22788', '0', '4', '2', '4', 2, 'INST EDUC KENNEDY'),
(105001021873, 69.56873, 63.92838, 64.21131, 60.56017, '44.48', '49.19', '0', '0', '46.27', '39.53', '0', '0', '42.8723', '31.3315', '76.4757', '73.1343', '78.6516', '51.4451', '50.4609', '51.1948', '31.74448', '0', '4', '0', '2', 3, 'INST EDUC SOL DE ORIENTE'),
(105001022101, 70.05917, 66.70470, 64.07892, 66.01068, '44.48', '47.14', '0', '0', '45.10', '42.42', '0', '0', '32.1075', '52.5502', '95.1612', '87.8048', '84.375', '', '53.1976', '', '63.32341', '0', '0', '0', '4', 4, 'INST EDUC LAS NIEVES'),
(105001023965, 73.17029, 71.94987, 71.17829, 72.67649, '44.48', '45.01', '0', '0', '45.10', '39.53', '.694444', '0', '50.7111', '31.3315', '92.2764', '81.4814', '79.1666', '', '', '', '', '0', '5', '1', '2', 4, 'INST EDUC FINCA LA MESA'),
(105001024073, 69.77411, 65.27475, 65.81845, 60.17048, '44.48', '47.14', '0', '0', '46.16', '42.42', '1.29032', '0', '37.6129', '52.5502', '', '', '94.8387', '', '', '', '', '', '', '', '', 4, 'INST EDUC CASD'),
(105001025763, 66.02661, 65.55411, 63.78460, 58.25024, '', '', '', '', '43.93', '39.53', '0', '0', '', '', '93.1818', '94.2857', '84.3137', '', '', '', '', '0', '2', '0', '1', 7, 'INST EDUC DEBORA ARANGO PEREZ'),
(105001025771, 73.59651, 71.02261, 70.85072, 63.83522, '', '', '', '', '44.05', '39.53', '0', '0', '', '', '84.5714', '95.8823', '67.1641', '', '', '', '', '0', '2', '0', '2', 4, 'INST EDUC JOAQUIN VALLEJO ARBELAEZ'),
(105001025798, 70.29825, 69.09047, 70.55714, 59.84345, '', '', '', '', '46.16', '45.01', '.909090', '0', '', '', '95.2729', '81.1188', '84.5454', '', '', '', '', '0', '5', '0', '2', 4, 'INST EDUC ANGELA RESTREPO MORENO'),
(105001025844, 72.88417, 69.54995, 67.47340, 68.05557, '44.48', '45.01', '0', '0', '', '', '', '', '', '', '', '', '', '46.9852', '51.8856', '57.3223', '37.94544', '1', '28', '0', '3', 2, 'INST EDUC ANTONIO DERKA - SANTO DOMINGO'),
(105001025984, 69.92888, 59.57534, 61.41975, 66.46486, '', '', '', '', '', '', '', '', '', '', '', '', '', '', '', '', '', '', '', '', '', 8, 'INST EDUC COL LOYOLA PARA LA CIENCIA Y LA INNOVACION'),
(105001025992, 60.62157, 58.91711, 59.45679, 59.27100, '', '', '', '', '44.05', '42.42', '0', '0', '', '', '93.8461', '87.2093', '80.3921', '', '', '', '', '', '', '', '', 7, 'INST EDUC LA HUERTA'),
(105001026000, 67.02991, 66.13761, 63.40557, 60.42396, '', '', '', '', '', '', '', '', '', '', '', '', '', '', '', '', '', '', '', '', '', 4, 'INST EDUC LAS FLORES'),
(105001026131, 66.53088, 65.42898, 61.78586, 61.95996, '', '', '', '', '', '', '', '', '', '', '90.7610', '95.1219', '', '', '', '', '', '', '', '', '', 8, 'INST EDUC EL PINAL'),
(205001001389, 67.78784, 61.60962, 55.77084, 65.31566, '', '', '', '', '', '', '', '', '', '', '93.1998', '', '', '38.2661', '', '45.2119', '', '', '19', '', '6', 6, 'CENT EDUC MEDIA LUNA'),
(205001001672, 68.15843, 67.90729, 67.76537, 61.35092, '44.48', '51.21', '0', '0', '46.27', '42.33', '0', '0', '48.0583', '50.8500', '88.5826', '69.4610', '82.8125', '61.1355', '39.3254', '48.8734', '53.70364', '0', '10', '0', '12', 3, 'INST EDUC MONSEÑOR VICTOR WIEDEMANN'),
(205001001966, 71.01449, 67.53796, 67.29469, 78.37010, '', '', '', '', '', '', '', '', '', '', '100', '', '', '59.4086', '', '37.8829', '', '', '0', '', '0', 6, 'CENT EDUC LA ALDEA'),
(205001002199, 65.57559, 60.39404, 59.87474, 60.83515, '44.48', '47.14', '0', '0', '46.27', '39.53', '0', '0', '60.8901', '31.3315', '100', '93.0555', '83.7837', '39.4400', '61.5995', '24.0010', '61.13553', '0', '0', '0', '10', 7, 'INST EDUC CARLOS ALBERTO CALDERON'),
(205001002768, 65.31723, 63.22949, 61.85185, 71.83113, '', '', '', '', '', '', '', '', '', '', '100', '', '', '50.0419', '', '19.1639', '', '', '0', '', '0', 6, 'CENT EDUC EL SALADO'),
(205001006119, 69.15727, 65.59854, 67.22839, 75.22144, '', '', '', '', '', '', '', '', '', '', '97.7777', '', '', '29.4298', '', '29.6774', '', '', '0', '', '4', 6, 'CENT EDUC JUAN ANDRES PATINO'),
(205001006224, 86.15904, 78.67394, 78.51764, 82.63847, '', '', '', '', '', '', '', '', '', '', '100', '', '', '57.2258', '', '56.2233', '', '', '9', '', '18', 6, 'CENT EDUC PERMANENTE MAZO'),
(205001006232, 68.90289, 62.82137, 62.20110, 60.51880, '44.48', '45.01', '0', '0', '46.16', '42.33', '.892857', '0', '50.8691', '50.8500', '90.8046', '61.9909', '83.9285', '53.8834', '47.3115', '48.4256', '39.2463', '0', '4', '1', '3', 1, 'INST EDUC  SAN CRISTOBAL'),
(205001006526, 71.52711, 71.14284, 72.31582, 69.63921, '40.82', '47.14', '0', '0', '46.21', '39.53', '0', '0', '59.0750', '50.0026', '100', '95.2381', '100', '54.6850', '', '52.8942', '', '0', '3', '5', '10', 7, 'INST EDUC MARINA ORTH'),
(205001007735, 59.49754, 57.60795, 53.62471, 64.90611, '44.48', '45.01', '0', '0', '46.27', '42.33', '0', '0', '51.9358', '50.8500', '95', '94', '88.3720', '53.0402', '53.9060', '50.5376', '53.90601', '0', '0', '0', '0', 7, 'INST EDUC HECTOR ROGELIO MONTOYA'),
(205001009797, 71.46257, 68.50224, 64.18930, 67.30334, '47.67', '49.19', '1.32450', '1.32450', '46.27', '45.01', '.757575', '.757575', '42.8723', '46.153', '100', '85.5072', '73.4848', '', '55.7841', '', '59.25463', '3', '14', '0', '9', 4, 'INST EDUC MANUEL J. BETANCUR'),
(205001009916, 69.53354, 66.87460, 64.75575, 66.07476, '', '', '', '', '', '', '', '', '', '', '99.1453', '', '', '50.1216', '', '50.2150', '', '', '0', '', '0', 6, 'CENT EDUC EL MANZANILLO'),
(205001010264, 67.92757, 65.80688, 64.60706, 62.93814, '44.48', '47.14', '1.88679', '0', '46.16', '42.37', '0', '0', '37.6129', '52.4652', '93.2432', '89.6774', '88.0952', '52.8445', '35.1450', '28.0202', '38.62173', '1', '1', '1', '6', 4, 'INST EDUC PRESBITERO JUAN J. ESCOBAR'),
(205001010281, 71.46039, 71.15824, 69.10020, 66.58389, '44.48', '42.76', '0', '0', '48.28', '39.53', '0', '0', '50.2204', '31.3315', '79.6875', '84.9315', '92.6829', '52.7879', '', '51.8963', '', '0', '3', '0', '6', 1, 'INST  EDUC ALFONSO UPEGUI OROZCO'),
(205001011031, 67.20719, 63.39908, 64.96502, 62.19870, '44.48', '47.14', '0', '0', '46.27', '42.42', '0', '0', '60.8901', '52.5502', '100', '89.3939', '89.1891', '', '64.4037', '', '67.67738', '4', '20', '2', '25', 7, 'INST EDUC SANTA ELENA'),
(205001012534, 71.50047, 67.71312, 66.59615, 65.29992, '44.48', '45.01', '.621118', '0', '46.27', '45.01', '.636942', '0', '51.9358', '54.6754', '91.6623', '93.2735', '89.8089', '', '56.5233', '', '52.07561', '2', '8', '1', '10', 3, 'INST EDUC SAN ANTONIO DE PRADO'),
(205001014308, 71.55395, 68.06591, 66.14412, 73.38654, '', '', '', '', '', '', '', '', '', '', '97.7777', '', '', '35.2191', '', '50.5322', '', '', '18', '', '0', 6, 'CENT EDUC LAS PLAYAS'),
(205001018745, 62.44396, 61.50793, 54.31141, 54.56937, '44.48', '47.14', '0', '0', '43.93', '39.53', '0', '0', '3.20430', '31.3315', '95.6521', '93.6507', '72.2222', '50.3655', '', '50.1672', '', '0', '4', '0', '6', 4, 'INST EDUC EL LIMONAR'),
(205001019318, 75.96280, 69.71971, 68.29392, 65.08711, '44.48', '48.16', '0', '1.06383', '50.31', '47.81', '0', '0', '86.1308', '57.3106', '85.8527', '86.4630', '88.6076', '47.1487', '70.5702', '35.0777', '55.44505', '1', '4', '4', '7', 7, 'INST EDUC SAN JOSE OBRERO');
INSERT INTO `BaseTotal` (`dane`, `ExpectativasAcademicas`, `Comunicacion`, `Participacion`, `SeguridadRespeto`, `tema_matematica`, `tema_lenguaje`, `prmat_alto_07_p`, `prlen_alto_07_p`, `tema_lenguaje_d`, `tema_matematica_d`, `prmat_alto_10_p`, `prlen_alto_10_p`, `Progresolen11`, `Progresomat11`, `aprobación5`, `aprobación9`, `rtextra`, `Progresolen5`, `Progresolen9`, `Progresomat5`, `Progresomat9`, `avanzado_m9`, `avanzado_m5`, `avanzado_l9`, `avanzado_l5`, `Cluster`, `colegio`) VALUES
(205001019989, 73.82287, 66.69246, 68.12962, 69.96736, '', '', '', '', '', '', '', '', '', '', '90.4621', '', '', '60.3780', '', '58.1748', '', '', '9', '', '6', 6, 'CENT EDUC TRAVESIAS EL MORRO'),
(205001021452, 67.29267, 60.75024, 63.46451, 71.75602, '', '', '', '', '', '', '', '', '', '', '98.8636', '', '', '38.0722', '', '61.7849', '', '', '13', '', '13', 6, 'CENT EDUC PEDREGAL ALTO'),
(305001004854, 64.88393, 58.90339, 57.51409, 62.91613, '47.67', '49.19', '0', '0', '48.28', '45.01', '0', '0', '63.9681', '46.153', '97.6470', '90.1639', '95', '65.7480', '56.1629', '58.2723', '57.70372', '0', '5', '2', '19', 3, 'INST EDUC ALVERNIA'),
(305001007594, 78.50778, 72.53267, 74.76785, 79.73130, '44.48', '51.21', '0', '2.24719', '46.27', '45.16', '0', '0', '48.0583', '55.9505', '100', '87.5', '98.7654', '70.1197', '55.7705', '68.3726', '67.31149', '0', '29', '0', '27', 5, 'INST EDUC SANTA JUANA DE LESTONAC'),
(305001015287, 64.84128, 64.25012, 62.47374, 65.81609, '44.48', '45.01', '0', '0', '46.16', '42.42', '0', '0', '50.8691', '52.5502', '95.5223', '82.1052', '83.3333', '60.0191', '35.8531', '54.4529', '46.39393', '0', '7', '0', '6', 3, 'INST EDUC LA CANDELARIA'),
(305001015686, 65.73117, 61.95591, 62.81917, 64.39883, '', '', '', '', '45.10', '45.08', '0', '0', '', '', '91.7355', '96.8085', '77.5', '47.7260', '', '29.7130', '', '0', '5', '0', '11', 4, 'INST EDUC MAESTRO ARENAS BETANCUR'),
(305001016542, 70.70126, 69.68291, 67.11566, 72.34341, '', '', '', '', '46.16', '39.53', '0', '0', '', '', '100', '', '87.8787', '51.1948', '', '51.2944', '', '0', '6', '0', '5', 5, 'INST EDUC EL TRIUNFO SANTA TERESA'),
(305001018022, 75.19741, 74.46552, 68.78201, 63.99325, '44.48', '45.01', '0', '0', '44.05', '42.33', '0', '0', '50.0790', '50.8500', '85.0574', '80.9523', '51.5151', '50.9086', '28.7978', '51.3037', '42.04919', '0', '2', '0', '0', 2, 'INST EDUC FE Y ALEGRIA LUIS AMIGO'),
(305001018839, 73.76749, 65.15858, 66.36728, 70.92735, '47.67', '47.14', '0', '0', '46.16', '45.16', '0', '0', '37.6129', '49.7595', '90.7216', '83.0985', '95.9183', '53.2846', '67.8105', '45.4743', '76.71584', '4', '18', '11', '21', 3, 'INST EDUC MADRE LAURA'),
(305001019690, 66.86842, 63.23786, 64.83877, 61.97606, '44.48', '47.14', '0', '0', '46.27', '45.01', '0', '0', '60.8901', '54.6754', '87.2771', '76.4705', '77.6315', '53.8804', '23.1826', '53.1168', '37.29703', '0', '3', '0', '4', 3, 'INST EDUC ARZOBISPO TULIO BOTERO SALAZAR'),
(305001022232, 75.34148, 76.16105, 66.93723, 69.52119, '47.67', '45.01', '0', '0', '46.16', '42.42', '0', '0', '50.8691', '40.1420', '95.3642', '76.7123', '86.2745', '', '', '', '', '0', '2', '0', '2', 1, 'INST EDUC  BARRIO OLAYA HERRERA'),
(305001022640, 67.26555, 66.62257, 67.54466, 66.46918, '', '', '', '', '46.16', '39.53', '0', '0', '', '', '84.6715', '88.8888', '82.7586', '', '', '', '', '', '3', '', '2', 2, 'INST EDUC EL BOSQUE');

-- --------------------------------------------------------

--
-- Estructura de tabla para la tabla `IndicadorConComparaciones`
--

CREATE TABLE IF NOT EXISTS `IndicadorConComparaciones` (
  `AmbienteEscolar1` decimal(7,5) DEFAULT NULL,
  `Rendimiento1` decimal(7,6) DEFAULT NULL,
  `Progreso1` decimal(7,6) DEFAULT NULL,
  `IndicadorEducacion` decimal(7,5) DEFAULT NULL,
  `dane` bigint(12) DEFAULT NULL,
  `bonus` int(2) DEFAULT NULL,
  `IndicadorBonus` decimal(7,5) DEFAULT NULL,
  `nombre` varchar(61) DEFAULT NULL,
  `Cluster` int(1) DEFAULT NULL,
  `colegio` varchar(61) DEFAULT NULL,
  `PosicionCluster` int(2) DEFAULT NULL,
  `PosicionTotal` int(3) DEFAULT NULL
) ENGINE=MyISAM DEFAULT CHARSET=utf8;

--
-- Volcado de datos para la tabla `IndicadorConComparaciones`
--

INSERT INTO `IndicadorConComparaciones` (`AmbienteEscolar1`, `Rendimiento1`, `Progreso1`, `IndicadorEducacion`, `dane`, `bonus`, `IndicadorBonus`, `nombre`, `Cluster`, `colegio`, `PosicionCluster`, `PosicionTotal`) VALUES
(14.62774, 9.828021, 9.999999, 45.86610, 105001000001, 9, 54.86610, 'INST EDUC JOSE MARIA VELAZ', 3, 'INST EDUC JOSE MARIA VELAZ', 76, 73),
(14.87499, 9.717688, 9.999999, 41.16410, 105001000043, 5, 46.16410, 'INST EDUC BARRIO SANTA CRUZ', 2, 'INST EDUC BARRIO SANTA CRUZ', 14, 19),
(16.14830, 9.999999, 9.999999, 48.84252, 105001000108, 0, 48.84252, 'INST EDUC CEFA', 2, 'INST EDUC CEFA', 85, 88),
(14.30831, 9.999999, 9.999999, 42.54177, 105001000132, 0, 42.54177, 'INST EDUC JOSE MARIA BERNAL', 2, 'INST EDUC JOSE MARIA BERNAL', 35, 35),
(14.31359, 9.999999, 9.999999, 41.72232, 105001000141, 0, 41.72232, 'INST EDUC CAMILO TORRES RESTREPO', 1, 'INST EDUC CAMILO TORRES RESTREPO', 26, 24),
(14.40191, 9.763008, 9.999999, 43.48072, 105001000175, 4, 47.48072, 'INST EDUC GABRIEL RESTREPO MORENO', 5, 'INST EDUC GABRIEL RESTREPO MORENO', 64, 46),
(13.54337, 9.999999, 9.999999, 41.69805, 105001000205, 5, 46.69805, 'INST EDUC SAN AGUSTIN', 2, 'INST EDUC SAN AGUSTIN', 23, 23),
(13.83727, 9.939626, 9.999999, 38.60757, 105001000256, 7, 45.60757, 'INST EDUC HECTOR ABAD GOMEZ', 2, 'INST EDUC HECTOR ABAD GOMEZ', 5, 7),
(14.20833, 9.999999, 9.999999, 43.43049, 105001000353, 0, 43.43049, 'INST EDUC JUAN DE LA CRUZ POSADA', 4, 'INST EDUC JUAN DE LA CRUZ POSADA', 39, 45),
(16.09581, 9.999999, 9.999999, 45.16744, 105001000396, 7, 52.16744, 'INST EDUC JOSE ACEVEDO Y GOMEZ', 3, 'INST EDUC JOSE ACEVEDO Y GOMEZ', 64, 67),
(14.55941, 9.999999, 9.999999, 43.24886, 105001000418, 6, 49.24886, 'INST EDUC LA MILAGROSA', 4, 'INST EDUC LA MILAGROSA', 35, 42),
(16.12941, 9.999999, 9.999999, 55.02164, 105001000485, 0, 55.02164, 'INST EDUC LA SALLE DE CAMPOAMOR', 4, 'INST EDUC LA SALLE DE CAMPOAMOR', 96, 99),
(14.41321, 9.999999, 9.999999, 40.88945, 105001000566, 7, 47.88945, 'INST EDUC CARACAS', 4, 'INST EDUC CARACAS', 15, 16),
(14.32976, 9.999999, 9.999999, 50.65718, 105001000621, 10, 60.65718, 'INST EDUC ESCUELA NORMAL SUPERIOR DE MEDELLIN', 2, 'INST EDUC ESCUELA NORMAL SUPERIOR DE MEDELLIN', 91, 93),
(14.47650, 9.999999, 9.999999, 42.45442, 105001000795, 0, 42.45442, 'INST EDUC ALFREDO COCK ARANGO', 5, 'INST EDUC ALFREDO COCK ARANGO', 47, 34),
(13.79214, 9.999999, 9.999999, 40.84026, 105001000809, 6, 46.84026, 'INST EDUC PERPETUO SOCORRO', 3, 'INST EDUC PERPETUO SOCORRO', 19, 14),
(16.00918, 9.999999, 9.999999, 51.21690, 105001000841, 0, 51.21690, 'INST EDUC JESUS MARIA   EL ROSAL', 5, 'INST EDUC JESUS MARIA   EL ROSAL', 97, 96),
(15.30902, 9.999999, 9.999999, 42.09079, 105001000868, 6, 48.09079, 'INST EDUC REPUBLICA DE VENEZUELA', 2, 'INST EDUC REPUBLICA DE VENEZUELA', 28, 28),
(14.28853, 9.999999, 9.999999, 45.24122, 105001000876, 5, 50.24122, 'INST EDUC JAVIERA LONDOÑO-SEVILLA', 3, 'INST EDUC JAVIERA LONDOÑO-SEVILLA', 70, 69),
(15.33523, 9.999999, 9.999999, 46.61513, 105001000931, 0, 46.61513, 'INST EDUC DIEGO ECHAVARRIA MISAS', 2, 'INST EDUC DIEGO ECHAVARRIA MISAS', 78, 76),
(14.86793, 9.999999, 9.999999, 42.39064, 105001000981, 7, 49.39064, 'INST EDUC GILBERTO ALZATE AVENDAÑO', 1, 'INST EDUC GILBERTO ALZATE AVENDAÑO', 29, 33),
(15.11296, 9.999999, 9.999999, 47.41755, 105001000990, 7, 54.41755, 'INST EDUC GONZALO RESTREPO JARAMILLO', 4, 'INST EDUC GONZALO RESTREPO JARAMILLO', 71, 82),
(15.36166, 9.999999, 9.999999, 42.52296, 105001001023, 5, 47.52296, 'INST EDUC ANTONIO RICAURTE', 5, 'INST EDUC ANTONIO RICAURTE', 51, 35),
(14.60551, 9.999999, 9.999999, 42.91666, 105001001121, 8, 50.91666, 'INST EDUC JOSE ROBERTO VASQUEZ', 3, 'INST EDUC JOSE ROBERTO VASQUEZ', 40, 39),
(16.50990, 9.999999, 9.999999, 44.69626, 105001001155, 7, 51.69626, 'INST EDUC SAN JUAN BAUTISTA DE LA SALLE', 1, 'INST EDUC SAN JUAN BAUTISTA DE LA SALLE', 43, 60),
(14.18678, 9.999999, 9.999999, 45.56299, 105001001198, 6, 51.56299, 'INST  EDUC AURES', 5, 'INST  EDUC AURES', 77, 71),
(14.97059, 9.999999, 9.999999, 47.33709, 105001001236, 10, 57.33709, 'INST EDUC REPUBLICA DE BARBADOS', 5, 'INST EDUC REPUBLICA DE BARBADOS', 91, 81),
(15.29648, 9.999999, 9.999999, 39.51912, 105001001252, 9, 48.51912, 'INST EDUC CRISTOBAL COLON', 4, 'INST EDUC CRISTOBAL COLON', 7, 8),
(13.70468, 9.811848, 9.999999, 40.43864, 105001001279, 6, 46.43864, 'INST EDUC CIRO MENDIA', 3, 'INST EDUC CIRO MENDIA', 16, 12),
(17.12478, 9.999999, 9.999999, 48.48515, 105001001317, 0, 48.48515, 'INST EDUC MADRE MARIA MAZARELLO', 4, 'INST EDUC MADRE MARIA MAZARELLO', 86, 87),
(13.46508, 9.727930, 9.999999, 40.09110, 105001001368, 2, 42.09110, 'INST EDUC ALVARO MARIN VELASCO', 3, 'INST EDUC ALVARO MARIN VELASCO', 13, 11),
(13.82478, 9.999999, 9.999999, 44.71616, 105001001473, 4, 48.71616, 'INST EDUC MANUELA BELTRAN', 1, 'INST EDUC MANUELA BELTRAN', 51, 61),
(14.54001, 9.999999, 9.999999, 47.77815, 105001001490, 0, 47.77815, 'INST EDUC LOLA GONZALEZ', 3, 'INST EDUC LOLA GONZALEZ', 85, 83),
(14.54647, 9.999999, 9.999999, 50.71934, 105001001562, 0, 50.71934, 'INST EDUC JAVIERA LONDOÑO', 2, 'INST EDUC JAVIERA LONDOÑO', 94, 94),
(14.56463, 9.999999, 9.999999, 52.04235, 105001001635, 0, 52.04235, 'INST EDUC YERMO Y PARRES', 2, 'INST EDUC YERMO Y PARRES', 98, 98),
(13.54688, 9.999999, 9.999999, 43.76904, 105001001651, 0, 43.76904, 'INST EDUC JOSE CELESTINO MUTIS', 4, 'INST EDUC JOSE CELESTINO MUTIS', 43, 49),
(14.95831, 9.954833, 9.999999, 37.65116, 105001001660, 5, 42.65116, 'INST EDUC JOSE ANTONIO GALAN', 1, 'INST EDUC JOSE ANTONIO GALAN', 1, 4),
(15.06663, 9.999999, 9.999999, 44.58715, 105001001686, 12, 56.58715, 'INST EDUC RICARDO URIBE ESCOBAR', 3, 'INST EDUC RICARDO URIBE ESCOBAR', 52, 58),
(14.73011, 9.999999, 9.999999, 46.96913, 105001001791, 9, 55.96913, 'INST EDUC GERARDO VALENCIA CANO', 3, 'INST EDUC GERARDO VALENCIA CANO', 79, 80),
(15.13280, 9.952031, 9.999999, 42.15899, 105001001805, 10, 52.15899, 'INST EDUC FE Y ALEGRIA POPULAR NRO. 1', 5, 'INST EDUC FE Y ALEGRIA POPULAR NRO. 1', 31, 29),
(15.30917, 9.999999, 9.999999, 50.56170, 105001001848, 0, 50.56170, 'INST EDUC SOR JUANA INES DE LA CRUZ', 2, 'INST EDUC SOR JUANA INES DE LA CRUZ', 89, 93),
(15.96798, 9.999999, 9.999999, 43.30761, 105001002003, 0, 43.30761, 'INST EDUC SAN ROBERTO BELARMINO', 4, 'INST EDUC SAN ROBERTO BELARMINO', 37, 44),
(14.08948, 9.999999, 9.999999, 40.22724, 105001002011, 0, 40.22724, 'INST EDUC FEDERICO OZANAM', 4, 'INST EDUC FEDERICO OZANAM', 9, 11),
(15.22557, 9.999999, 9.999999, 49.25015, 105001002020, 0, 49.25015, 'INST EDUC RAFAEL URIBE URIBE', 4, 'INST EDUC RAFAEL URIBE URIBE', 88, 90),
(13.03641, 9.999999, 9.999999, 49.35152, 105001002038, 8, 57.35152, 'INST EDUC JOSE EUSEBIO CARO', 1, 'INST EDUC JOSE EUSEBIO CARO', 90, 91),
(15.03270, 7.740191, 9.999999, 37.83101, 105001002071, 0, 37.83101, 'INST EDUC BENJAMIN HERRERA', 1, 'INST EDUC BENJAMIN HERRERA', 4, 4),
(14.19994, 9.999999, 9.999999, 42.36458, 105001002101, 7, 49.36458, 'INST EDUC JUAN DE DIOS COCK', 4, 'INST EDUC JUAN DE DIOS COCK', 26, 32),
(14.32943, 9.999999, 9.999999, 45.03741, 105001002119, 0, 45.03741, 'INST EDUC MARCO FIDEL SUAREZ', 3, 'INST EDUC MARCO FIDEL SUAREZ', 61, 66),
(16.53588, 9.999999, 9.999999, 43.83087, 105001002135, 10, 53.83087, 'INST EDUC RAMON MUNERA LOPERA', 4, 'INST EDUC RAMON MUNERA LOPERA', 47, 51),
(16.23027, 9.999999, 9.999999, 45.22747, 105001002305, 6, 51.22747, 'INST EDUC MARISCAL ROBLEDO', 3, 'INST EDUC MARISCAL ROBLEDO', 67, 68),
(14.74787, 9.999999, 9.999999, 42.05391, 105001002348, 6, 48.05391, 'INST EDUC FE Y ALEGRIA SANTO DOMINGO SAVIO', 5, 'INST EDUC FE Y ALEGRIA SANTO DOMINGO SAVIO', 27, 27),
(16.40862, 9.999999, 9.999999, 44.54932, 105001002356, 9, 53.54932, 'INST EDUC GABRIEL GARCIA MARQUEZ', 3, 'INST EDUC GABRIEL GARCIA MARQUEZ', 49, 58),
(14.89673, 9.999999, 9.999999, 48.05247, 105001002461, 0, 48.05247, 'INST EDUC LUCRECIO JARAMILLO VELEZ', 4, 'INST EDUC LUCRECIO JARAMILLO VELEZ', 75, 84),
(14.15939, 9.999999, 9.999999, 44.95789, 105001002470, 7, 51.95789, 'INST EDUC SAN VICENTE DE PAUL', 3, 'INST EDUC SAN VICENTE DE PAUL', 58, 64),
(15.32333, 9.999999, 9.999999, 40.98178, 105001002488, 6, 46.98178, 'INST EDUC PEDRO LUIS VILLA', 3, 'INST EDUC PEDRO LUIS VILLA', 22, 17),
(15.20789, 9.999999, 9.999999, 48.35757, 105001002496, 0, 48.35757, 'INST EDUC CRISTO REY', 1, 'INST EDUC CRISTO REY', 83, 85),
(14.16190, 9.999999, 9.999999, 38.06087, 105001002526, 4, 42.06087, 'INST EDUC SAMUEL BARRIENTOS RESTREPO', 4, 'INST EDUC SAMUEL BARRIENTOS RESTREPO', 3, 5),
(13.39578, 9.952209, 9.999999, 40.92793, 105001002780, 11, 51.92793, 'INST EDUC SAN FRANCISCO DE ASIS', 4, 'INST EDUC SAN FRANCISCO DE ASIS', 18, 16),
(15.60617, 9.999999, 9.999999, 48.43291, 105001002798, 0, 48.43291, 'INST EDUC MATER DEI', 4, 'INST EDUC MATER DEI', 83, 86),
(15.11398, 9.999999, 9.999999, 51.19532, 105001002895, 0, 51.19532, 'INST EDUC FRANCISCO ANTONIO ZEA', 3, 'INST EDUC FRANCISCO ANTONIO ZEA', 94, 95),
(15.24013, 9.999999, 9.999999, 41.13926, 105001002976, 6, 47.13926, 'INST EDUC LA PIEDAD', 4, 'INST EDUC LA PIEDAD', 20, 18),
(14.00047, 9.999999, 9.999999, 48.35939, 105001003123, 0, 48.35939, 'INST EDUC FATIMA NUTIBARA', 4, 'INST EDUC FATIMA NUTIBARA', 81, 86),
(13.35853, 9.873122, 9.999999, 44.02799, 105001003131, 4, 48.02799, 'INST EDUC REPUBLICA DE HONDURAS', 2, 'INST EDUC REPUBLICA DE HONDURAS', 62, 55),
(16.17619, 9.999999, 9.999999, 43.08865, 105001003221, 8, 51.08865, 'INST EDUC MANUEL JOSE CAYZEDO', 4, 'INST EDUC MANUEL JOSE CAYZEDO', 32, 41),
(15.56023, 9.999999, 9.999999, 47.65912, 105001003271, 0, 47.65912, 'INST EDUC OCTAVIO HARRY', 2, 'INST EDUC OCTAVIO HARRY', 82, 82),
(14.34496, 9.999999, 9.999999, 39.96978, 105001003280, 0, 39.96978, 'INST EDUC MARIA MONTESSORI', 2, 'INST EDUC MARIA MONTESSORI', 7, 10),
(14.76329, 9.999999, 9.999999, 43.88374, 105001003298, 9, 52.88374, 'INST EDUC LORENZA VILLEGAS DE SANTOS', 2, 'INST EDUC LORENZA VILLEGAS DE SANTOS', 55, 52),
(15.42040, 9.999999, 9.999999, 42.90639, 105001003387, 6, 48.90639, 'INST EDUC SANTA ROSA DE LIMA', 2, 'INST EDUC SANTA ROSA DE LIMA', 39, 38),
(16.73936, 9.999999, 9.999999, 46.47955, 105001003425, 0, 46.47955, 'INST EDUC JOSE MARIA BRAVO MARQUEZ', 4, 'INST EDUC JOSE MARIA BRAVO MARQUEZ', 64, 75),
(13.55304, 9.999999, 9.999999, 53.31391, 105001003441, 10, 63.31391, 'INS TEC INDUSTRIAL PASCUAL BRAVO', 3, 'INS TEC INDUSTRIAL PASCUAL BRAVO', 97, 99),
(15.21420, 9.999999, 9.999999, 44.84259, 105001003450, 0, 44.84259, 'INST EDUC ROSALIA SUAREZ', 2, 'INST EDUC ROSALIA SUAREZ', 69, 62),
(16.41551, 9.999999, 9.999999, 55.14955, 105001004472, 0, 55.14955, 'INST EDUC LA PRESENTACION', 4, 'INST EDUC LA PRESENTACION', 98, 100),
(14.86820, 9.999999, 9.999999, 51.83747, 105001004791, 0, 51.83747, 'INST EDUC SANTO ANGEL', 1, 'INST EDUC SANTO ANGEL', 93, 97),
(15.64427, 9.999999, 9.999999, 44.16529, 105001005291, 0, 44.16529, 'INST EDUC CAMPO VALDES', 1, 'INST EDUC CAMPO VALDES', 40, 56),
(16.06524, 9.999999, 9.999999, 42.88029, 105001005339, 7, 49.88029, 'INST EDUC MONSEÑOR FRANCISCO CRISTOBAL TORO', 2, 'INST EDUC MONSEÑOR FRANCISCO CRISTOBAL TORO', 37, 38),
(14.68159, 9.999999, 9.999999, 44.60796, 105001005347, 7, 51.60796, 'INST EDUC TULIO OSPINA', 3, 'INST EDUC TULIO OSPINA', 55, 59),
(15.58991, 9.999999, 9.999999, 44.04837, 105001005410, 0, 44.04837, 'INST EDUC JUAN DE DIOS CARVAJAL', 2, 'INST EDUC JUAN DE DIOS CARVAJAL', 64, 55),
(14.57197, 9.999999, 9.999999, 43.53245, 105001005495, 8, 51.53245, 'INST EDUC REPUBLICA DE URUGUAY', 1, 'INST EDUC REPUBLICA DE URUGUAY', 33, 47),
(13.50995, 9.694912, 9.999999, 40.95879, 105001005525, 4, 44.95879, 'INST EDUC ENRIQUE OLAYA HERRERA', 1, 'INST EDUC ENRIQUE OLAYA HERRERA', 15, 17),
(14.87025, 9.319097, 9.999999, 41.97590, 105001005878, 6, 47.97590, 'INST EDUC FRANCISCO MIRANDA', 4, 'INST EDUC FRANCISCO MIRANDA', 22, 26),
(16.21896, 9.999999, 9.999999, 49.17221, 105001006068, 0, 49.17221, 'INST EDUC DINAMARCA', 1, 'INST EDUC DINAMARCA', 86, 90),
(14.54449, 9.999999, 9.999999, 48.30975, 105001006092, 0, 48.30975, 'INST EDUC JULIO CESAR GARCIA', 4, 'INST EDUC JULIO CESAR GARCIA', 79, 85),
(14.79208, 9.999999, 9.999999, 46.94070, 105001006181, 4, 50.94070, 'INST EDUC PEDRO OCTAVIO AMADO', 1, 'INST EDUC PEDRO OCTAVIO AMADO', 79, 79),
(15.40821, 9.999999, 9.999999, 42.72285, 105001006246, 5, 47.72285, 'INST EDUC JORGE ROBLEDO', 3, 'INST EDUC JORGE ROBLEDO', 37, 36),
(13.69532, 9.999999, 9.999999, 41.47282, 105001006483, 0, 41.47282, 'INST EDUC RODRIGO CORREA PALACIO', 2, 'INST EDUC RODRIGO CORREA PALACIO', 19, 21),
(16.30123, 9.999999, 9.999999, 45.33303, 105001006718, 5, 50.33303, 'INST EDUC ASIA IGNACIANA', 4, 'INST EDUC ASIA IGNACIANA', 56, 70),
(16.05994, 9.999999, 9.999999, 46.95748, 105001006980, 0, 46.95748, 'INST EDUC CONCEJO DE MEDELLIN', 2, 'INST EDUC CONCEJO DE MEDELLIN', 80, 79),
(14.13729, 9.999999, 9.999999, 39.63413, 105001007111, 7, 46.63413, 'INST EDUC SEBASTIAN DE BELALCAZAR', 3, 'INST EDUC SEBASTIAN DE BELALCAZAR', 10, 9),
(14.80580, 9.999999, 9.999999, 43.07783, 105001007188, 10, 53.07783, 'INST EDUC BENEDIKTA ZUR NIEDEN', 4, 'INST EDUC BENEDIKTA ZUR NIEDEN', 30, 40),
(15.91167, 9.999999, 9.999999, 43.97739, 105001007218, 10, 53.97739, 'INST EDUC MARIA DE LOS ANGELES CANO MARQUEZ', 2, 'INST EDUC MARIA DE LOS ANGELES CANO MARQUEZ', 60, 54),
(15.86821, 9.999999, 9.999999, 51.21765, 105001007421, 0, 51.21765, 'INST EDUC OCTAVIO CALDERON MEJIA', 4, 'INST EDUC OCTAVIO CALDERON MEJIA', 92, 96),
(13.28076, 9.999999, 9.999999, 40.58054, 105001007439, 0, 40.58054, 'INST EDUC PEDRO CLAVER AGUIRRE', 5, 'INST EDUC PEDRO CLAVER AGUIRRE', 11, 13),
(14.58285, 9.999999, 9.999999, 44.91940, 105001007889, 8, 52.91940, 'INST EDUC JUVENIL NUEVO FUTURO', 1, 'INST EDUC JUVENIL NUEVO FUTURO', 58, 63),
(15.01024, 9.638973, 9.999999, 44.06744, 105001007978, 2, 46.06744, 'INST EDUC PABLO NERUDA', 1, 'INST EDUC PABLO NERUDA', 36, 56),
(15.71927, 9.999999, 9.999999, 41.18036, 105001008249, 6, 47.18036, 'INST EDUC BELLO HORIZONTE', 2, 'INST EDUC BELLO HORIZONTE', 16, 20),
(14.21607, 9.999999, 9.999999, 43.91612, 105001008389, 6, 49.91612, 'INST EDUC LORETO', 5, 'INST EDUC LORETO', 71, 54),
(13.12012, 9.999999, 9.999999, 41.41099, 105001008451, 6, 47.41099, 'INST EDUC RAMON GIRALDO CEBALLOS', 1, 'INST EDUC RAMON GIRALDO CEBALLOS', 22, 21),
(15.26136, 9.999999, 9.999999, 43.47403, 105001008486, 0, 43.47403, 'INST EDUC CAPILLA DEL ROSARIO', 5, 'INST EDUC CAPILLA DEL ROSARIO', 61, 46),
(15.59611, 9.999999, 9.999999, 41.96156, 105001009652, 8, 49.96156, 'INST EDUC SAN LORENZO DE ABURRA', 2, 'INST EDUC SAN LORENZO DE ABURRA', 26, 25),
(15.38033, 9.999999, 9.999999, 48.12561, 105001009695, 8, 56.12561, 'INST EDUC SAN JUAN BOSCO', 4, 'INST EDUC SAN JUAN BOSCO', 77, 84),
(14.78439, 9.999999, 9.999999, 40.85375, 105001009709, 5, 45.85375, 'INST EDUC FELIX HENAO BOTERO', 2, 'INST EDUC FELIX HENAO BOTERO', 12, 15),
(14.94418, 9.999999, 9.999999, 45.01629, 105001009865, 0, 45.01629, 'INST EDUC HERNAN TORO AGUDELO', 1, 'INST EDUC HERNAN TORO AGUDELO', 65, 65),
(14.47104, 9.999999, 9.999999, 42.36492, 105001010111, 0, 42.36492, 'INST EDUC MAESTRO FERNANDO BOTERO', 5, 'INST EDUC MAESTRO FERNANDO BOTERO', 44, 32),
(15.35665, 9.999999, 9.999999, 50.98616, 105001010367, 0, 50.98616, 'INST EDUC SANTOS ANGELES CUSTODIOS', 2, 'INST EDUC SANTOS ANGELES CUSTODIOS', 96, 95),
(16.61152, 9.999999, 9.999999, 45.96084, 105001010448, 0, 45.96084, 'INST EDUC LA ESPERANZA', 5, 'INST EDUC LA ESPERANZA', 84, 74),
(14.93352, 9.999999, 9.999999, 43.25735, 105001010588, 11, 54.25735, 'INST EDUC FE Y ALEGRIA LA CIMA', 5, 'INST EDUC FE Y ALEGRIA LA CIMA', 57, 43),
(15.16291, 9.999999, 9.999999, 44.53288, 105001010855, 0, 44.53288, 'INST EDUC  ANA DE CASTRILLON', 2, 'INST EDUC  ANA DE CASTRILLON', 66, 57),
(12.81713, 9.999999, 9.999999, 39.48493, 105001011011, 7, 46.48493, 'INST EDUC TOMAS CARRASQUILLA NO. 2', 4, 'INST EDUC TOMAS CARRASQUILLA NO. 2', 5, 8),
(15.06463, 9.999999, 9.999999, 50.85513, 105001011061, 0, 50.85513, 'INST EDUC JOSE ASUNCION SILVA', 3, 'INST EDUC JOSE ASUNCION SILVA', 91, 94),
(16.90270, 9.999999, 9.999999, 45.29268, 105001011070, 6, 51.29268, 'INST EDUC MERCEDITAS GOMEZ MARTINEZ', 4, 'INST EDUC MERCEDITAS GOMEZ MARTINEZ', 54, 69),
(15.51863, 9.999999, 9.999999, 45.21954, 105001011088, 7, 52.21954, 'INST EDUC CIUDADELA LAS AMERICAS', 1, 'INST EDUC CIUDADELA LAS AMERICAS', 68, 67),
(15.84326, 9.999999, 9.999999, 46.27512, 105001011363, 5, 51.27512, 'INST EDUC DOCE DE OCTUBRE', 1, 'INST EDUC DOCE DE OCTUBRE', 72, 75),
(15.75316, 9.999999, 9.999999, 45.85479, 105001011461, 7, 52.85479, 'INST EDUC FE Y ALEGRIA AURES', 2, 'INST EDUC FE Y ALEGRIA AURES', 76, 73),
(15.06507, 9.999999, 9.999999, 45.68914, 105001011606, 8, 53.68914, 'INST EDUC HORACIO MUÑOZ SUESCUN', 4, 'INST EDUC HORACIO MUÑOZ SUESCUN', 60, 72),
(14.55437, 9.999999, 9.999999, 44.81321, 105001011631, 6, 50.81321, 'INST EDUC ASAMBLEA DEPARTAMENTAL', 4, 'INST EDUC ASAMBLEA DEPARTAMENTAL', 52, 61),
(15.16113, 9.348871, 9.999999, 41.56805, 105001011690, 4, 45.56805, 'INST EDUC FEDERICO CARRASQUILLA', 5, 'INST EDUC FEDERICO CARRASQUILLA', 17, 22),
(14.35335, 9.999999, 9.999999, 46.74211, 105001011711, 5, 51.74211, 'INST EDUC FE Y ALEGRIA VILLA DE LA CANDELARIA', 5, 'INST EDUC FE Y ALEGRIA VILLA DE LA CANDELARIA', 87, 78),
(15.49360, 9.999999, 9.999999, 46.72012, 105001011886, 10, 56.72012, 'INST EDUC AMERICA', 4, 'INST EDUC AMERICA', 66, 77),
(15.33141, 9.999999, 9.999999, 38.17096, 105001012092, 6, 44.17096, 'INST EDUC BARRIO SANTANDER', 1, 'INST EDUC BARRIO SANTANDER', 8, 5),
(15.32610, 9.999999, 9.999999, 46.97739, 105001012106, 0, 46.97739, 'INST EDUC JUAN MARIA CESPEDES', 3, 'INST EDUC JUAN MARIA CESPEDES', 82, 80),
(14.86325, 9.944036, 9.999999, 42.22635, 105001012165, 4, 46.22635, 'INST EDUC GUADALUPE', 2, 'INST EDUC GUADALUPE', 30, 30),
(14.29408, 9.999999, 9.999999, 43.33141, 105001012696, 7, 50.33141, 'INST EDUC ALFONSO LOPEZ PUMAREJO', 2, 'INST EDUC ALFONSO LOPEZ PUMAREJO', 44, 44),
(16.38094, 8.349318, 9.999999, 41.90931, 105001012700, 4, 45.90931, 'INST EDUC SAN PABLO', 5, 'INST EDUC SAN PABLO', 21, 25),
(15.21854, 9.079768, 9.999999, 41.71416, 105001013013, 9, 50.71416, 'INST EDUC PICACHITO', 3, 'INST EDUC PICACHITO', 25, 24),
(14.64238, 9.999999, 9.999999, 37.37844, 105001013072, 0, 37.37844, 'INST EDUC MAESTRO PEDRO NEL GOMEZ', 2, 'INST EDUC MAESTRO PEDRO NEL GOMEZ', 3, 3),
(15.74416, 9.999999, 9.999999, 49.93334, 105001013145, 10, 59.93334, 'INST EDUC SANTA TERESA', 2, 'INST EDUC SANTA TERESA', 87, 92),
(14.80682, 9.999999, 9.999999, 51.37436, 105001013340, 9, 60.37436, 'INST EDUC INEM JOSE FELIX DE RESTREPO', 4, 'INST EDUC INEM JOSE FELIX DE RESTREPO', 94, 97),
(15.31633, 9.999999, 9.999999, 43.82777, 105001013439, 0, 43.82777, 'INST EDUC FELIX DE BEDOUT MORENO', 2, 'INST EDUC FELIX DE BEDOUT MORENO', 51, 50),
(14.89634, 9.999999, 9.999999, 36.29400, 105001013447, 5, 41.29400, 'INST EDUC JOSE HORACIO BETANCUR', 5, 'INST EDUC JOSE HORACIO BETANCUR', 1, 1),
(14.55362, 9.941082, 9.999999, 42.00767, 105001013633, 6, 48.00767, 'INST EDUC LOMA HERMOSA', 5, 'INST EDUC LOMA HERMOSA', 24, 27),
(13.92042, 9.752600, 9.999999, 41.30176, 105001014052, 5, 46.30176, 'INST EDUC NUEVO HORIZONTE', 5, 'INST EDUC NUEVO HORIZONTE', 14, 20),
(15.59268, 9.999999, 9.999999, 45.75558, 105001014397, 8, 53.75558, 'INST EDUC LUIS LOPEZ DE MESA', 3, 'INST EDUC LUIS LOPEZ DE MESA', 73, 72),
(15.87757, 9.999999, 9.999999, 49.06477, 105001014851, 10, 59.06477, 'INST EDUC JESUS REY', 5, 'INST EDUC JESUS REY', 94, 89),
(15.75806, 9.999999, 9.999999, 45.10094, 105001015091, 6, 51.10094, 'INST EDUC FE Y ALEGRIA GRANIZAL', 2, 'INST EDUC FE Y ALEGRIA GRANIZAL', 73, 66),
(13.95647, 9.670747, 9.999999, 42.51971, 105001015148, 4, 46.51971, 'INST EDUC CAMILO MORA CARRASQUILLA', 3, 'INST EDUC CAMILO MORA CARRASQUILLA', 31, 34),
(15.16377, 9.779094, 9.291544, 34.23441, 105001015172, 7, 41.23441, 'INST EDUC EDUARDO SANTOS', 3, 'INST EDUC EDUARDO SANTOS', 1, 1),
(14.95624, 8.880032, 9.999999, 38.25034, 105001015211, 5, 43.25034, 'INST EDUC LA LIBERTAD', 3, 'INST EDUC LA LIBERTAD', 4, 6),
(15.04664, 9.580245, 9.999999, 39.30857, 105001015229, 8, 47.30857, 'INST EDUC VILLA TURBAY', 3, 'INST EDUC VILLA TURBAY', 7, 7),
(15.60769, 9.609399, 9.999999, 37.28206, 105001015831, 9, 46.28206, 'INST EDUC VALLEJUELOS', 2, 'INST EDUC VALLEJUELOS', 1, 3),
(13.54636, 9.999999, 9.999999, 45.47904, 105001016420, 8, 53.47904, 'INST EDUC TRICENTENARIO', 4, 'INST EDUC TRICENTENARIO', 58, 70),
(14.05996, 9.999999, 9.999999, 44.90882, 105001017132, 6, 50.90882, 'INST EDUC FE Y ALEGRIA SAN JOSE', 1, 'INST EDUC FE Y ALEGRIA SAN JOSE', 54, 62),
(15.93491, 8.191042, 9.999999, 41.65207, 105001017876, 5, 46.65207, 'INST EDUC FRANCISCO LUIS HERNANDEZ BETANCUR', 7, 'INST EDUC FRANCISCO LUIS HERNANDEZ BETANCUR', 17, 23),
(15.17226, 9.999999, 9.999999, 43.89060, 105001017965, 0, 43.89060, 'INST EDUC MANUEL JOSE GOMEZ S', 5, 'INST EDUC MANUEL JOSE GOMEZ S', 67, 53),
(15.72366, 9.999999, 9.999999, 43.69061, 105001018759, 6, 49.69061, 'INST EDUC FE Y ALEGRIA EL LIMONAR', 4, 'INST EDUC FE Y ALEGRIA EL LIMONAR', 41, 48),
(15.55210, 9.999999, 9.999999, 43.90975, 105001019011, 9, 52.90975, 'INST EDUC ESTELLA VELEZ LONDOÑO ANTES SAUL LONDOÑO LONDOÑO', 2, 'INST EDUC ESTELLA VELEZ LONDOÑO ANTES SAUL LONDOÑO LONDOÑO', 57, 53),
(16.05717, 9.999999, 9.999999, 41.11765, 105001019062, 0, 41.11765, 'INST EDUC ALFONSO MORA NARANJO', 1, 'INST EDUC ALFONSO MORA NARANJO', 18, 18),
(14.33034, 9.930119, 9.999999, 36.67292, 105001019089, 8, 44.67292, 'INST EDUC VIDA PARA TODOS', 4, 'INST EDUC VIDA PARA TODOS', 1, 2),
(15.31636, 9.999999, 9.999999, 42.83233, 105001019194, 4, 46.83233, 'INST EDUC EL PEDREGAL', 5, 'INST EDUC EL PEDREGAL', 54, 37),
(15.14463, 9.999999, 9.999999, 42.17718, 105001019305, 4, 46.17718, 'INST EDUC LA AVANZADA', 5, 'INST EDUC LA AVANZADA', 34, 30),
(15.31135, 9.999999, 9.999999, 43.87285, 105001019330, 7, 50.87285, 'INST EDUC BARRIO SANTA MARGARITA', 2, 'INST EDUC BARRIO SANTA MARGARITA', 53, 52),
(15.45823, 9.999999, 9.999999, 46.49857, 105001019429, 6, 52.49857, 'INST EDUC LUIS CARLOS GALAN SARMIENTO', 1, 'INST EDUC LUIS CARLOS GALAN SARMIENTO', 76, 76),
(15.76398, 9.541325, 9.999999, 43.04482, 105001019453, 8, 51.04482, 'INST EDUC VILLA DEL SOCORRO', 2, 'INST EDUC VILLA DEL SOCORRO', 41, 40),
(15.79173, 9.042910, 9.999999, 42.15362, 105001019534, 6, 48.15362, 'INST EDUC RODRIGO LARA BONILLA', 3, 'INST EDUC RODRIGO LARA BONILLA', 28, 29),
(14.41004, 9.999999, 9.999999, 45.22255, 105001019674, 7, 52.22255, 'INST EDUC MIRAFLORES', 8, 'INST EDUC MIRAFLORES', 1, 68),
(14.17447, 9.445062, 9.999999, 40.01582, 105001019798, 4, 44.01582, 'INST EDUC ALFONSO LOPEZ', 1, 'INST EDUC ALFONSO LOPEZ', 11, 10),
(12.70367, 9.999999, 9.999999, 38.42924, 105001019925, 6, 44.42924, 'INST EDUC ALCALDIA DE MEDELLIN', 5, 'INST EDUC ALCALDIA DE MEDELLIN', 7, 6),
(16.24962, 9.999999, 9.999999, 44.94688, 105001020028, 0, 44.94688, 'INST EDUC EL SALVADOR', 1, 'INST EDUC EL SALVADOR', 61, 64),
(15.33219, 9.999999, 9.999999, 50.22580, 105001020052, 0, 50.22580, 'INST EDUC RAFAEL GARCIA HERREROS', 4, 'INST EDUC RAFAEL GARCIA HERREROS', 90, 92),
(16.29138, 9.999999, 9.999999, 45.63086, 105001020273, 6, 51.63086, 'INST EDUC CIUDAD DON BOSCO', 5, 'INST EDUC CIUDAD DON BOSCO', 81, 71),
(14.74485, 9.931765, 9.999999, 42.13463, 105001021199, 8, 50.13463, 'INST EDUC LA INDEPENDENCIA', 4, 'INST EDUC LA INDEPENDENCIA', 24, 28),
(15.50908, 9.999999, 9.999999, 48.88913, 105001021547, 9, 57.88913, 'INST EDUC VILLA FLORA', 3, 'INST EDUC VILLA FLORA', 88, 88),
(14.86966, 9.999999, 9.999999, 42.23626, 105001021636, 7, 49.23626, 'INST EDUC KENNEDY', 5, 'INST EDUC KENNEDY', 37, 31),
(14.40395, 9.694529, 9.999999, 40.24437, 105001021873, 8, 48.24437, 'INST EDUC SOL DE ORIENTE', 4, 'INST EDUC SOL DE ORIENTE', 11, 12),
(14.85031, 9.971362, 9.999999, 43.64099, 105001022101, 8, 51.64099, 'INST EDUC LAS NIEVES', 2, 'INST EDUC LAS NIEVES', 48, 47),
(16.06757, 9.748873, 9.999999, 42.44696, 105001023965, 4, 46.44696, 'INST EDUC FINCA LA MESA', 2, 'INST EDUC FINCA LA MESA', 32, 33),
(14.56679, 9.999999, 9.999999, 43.43411, 105001024073, 6, 49.43411, 'INST EDUC CASD', 2, 'INST EDUC CASD', 46, 45),
(13.82279, 9.999999, 9.999999, 40.77325, 105001025780, 7, 47.77325, 'INST EDUC PBRO ANTONIO JOSE BERNAL LONDOÑO', 4, 'INST EDUC PBRO ANTONIO JOSE BERNAL LONDOÑO', 13, 14),
(15.47460, 9.999999, 9.999999, 44.99013, 105001025844, 16, 60.99013, 'INST EDUC ANTONIO DERKA - SANTO DOMINGO', 5, 'INST EDUC ANTONIO DERKA - SANTO DOMINGO', 74, 65),
(13.91253, 9.999999, 9.999999, 41.99402, 205001001389, 16, 57.99402, 'CENT EDUC MEDIA LUNA', 6, 'CENT EDUC MEDIA LUNA', 23, 26),
(14.79259, 9.999999, 9.999999, 44.66387, 205001001672, 5, 49.66387, 'INST EDUC MONSEÑOR VICTOR WIEDEMANN', 4, 'INST EDUC MONSEÑOR VICTOR WIEDEMANN', 49, 59),
(15.74168, 9.682343, 9.999999, 44.54789, 205001001966, 15, 59.54789, 'CENT EDUC LA ALDEA', 6, 'CENT EDUC LA ALDEA', 67, 57),
(13.73035, 9.999999, 9.999999, 41.14471, 205001002199, 4, 45.14471, 'INST EDUC CARLOS ALBERTO CALDERON', 7, 'INST EDUC CARLOS ALBERTO CALDERON', 1, 19),
(14.52774, 9.682343, 9.999999, 40.85642, 205001002768, 19, 59.85642, 'CENT EDUC EL SALADO', 6, 'CENT EDUC EL SALADO', 12, 15),
(15.36388, 9.898322, 9.999999, 39.88436, 205001006119, 9, 48.88436, 'CENT EDUC JUAN ANDRES PATINO', 6, 'CENT EDUC JUAN ANDRES PATINO', 1, 9),
(18.12456, 9.999999, 9.999999, 49.57834, 205001006224, 16, 65.57834, 'CENT EDUC PERMANENTE MAZO', 6, 'CENT EDUC PERMANENTE MAZO', 89, 91),
(14.18362, 9.918334, 9.999999, 42.65741, 205001006232, 7, 49.65741, 'INST EDUC  SAN CRISTOBAL', 3, 'INST EDUC  SAN CRISTOBAL', 34, 36),
(15.84205, 9.999999, 9.999999, 46.77450, 205001006526, 6, 52.77450, 'INST EDUC MARINA ORTH', 7, 'INST EDUC MARINA ORTH', 51, 78),
(13.05223, 9.926314, 9.999999, 42.76605, 205001007735, 2, 44.76605, 'INST EDUC HECTOR ROGELIO MONTOYA', 7, 'INST EDUC HECTOR ROGELIO MONTOYA', 34, 37),
(15.10537, 9.999999, 9.999999, 44.94292, 205001009797, 9, 53.94292, 'INST EDUC MANUEL J. BETANCUR', 2, 'INST EDUC MANUEL J. BETANCUR', 71, 63),
(14.87124, 9.671130, 9.999999, 43.25774, 205001009916, 14, 57.25774, 'CENT EDUC EL MANZANILLO', 6, 'CENT EDUC EL MANZANILLO', 45, 43),
(14.55411, 9.999999, 9.999999, 40.64129, 205001010264, 5, 45.64129, 'INST EDUC PRESBITERO JUAN J. ESCOBAR', 2, 'INST EDUC PRESBITERO JUAN J. ESCOBAR', 10, 13),
(15.50516, 9.999999, 9.999999, 43.09233, 205001010281, 7, 50.09233, 'INST  EDUC ALFONSO UPEGUI OROZCO', 3, 'INST  EDUC ALFONSO UPEGUI OROZCO', 43, 41),
(14.35802, 9.999999, 9.999999, 48.45627, 205001011031, 7, 55.45627, 'INST EDUC SANTA ELENA', 7, 'INST EDUC SANTA ELENA', 67, 87),
(15.10303, 9.999999, 9.999999, 46.05215, 205001012534, 5, 51.05215, 'INST EDUC SAN ANTONIO DE PRADO', 4, 'INST EDUC SAN ANTONIO DE PRADO', 62, 74),
(15.49461, 9.999999, 9.999999, 43.15038, 205001014308, 12, 55.15038, 'CENT EDUC LAS PLAYAS', 6, 'CENT EDUC LAS PLAYAS', 34, 42),
(12.98499, 9.738579, 9.999999, 36.57985, 205001018745, 4, 40.57985, 'INST EDUC EL LIMONAR', 5, 'INST EDUC EL LIMONAR', 4, 2),
(15.56771, 9.999999, 9.999999, 49.02910, 205001019318, 7, 56.02910, 'INST EDUC SAN JOSE OBRERO', 7, 'INST EDUC SAN JOSE OBRERO', 84, 89),
(15.49654, 9.999999, 9.999999, 46.63532, 205001019989, 11, 57.63532, 'CENT EDUC TRAVESIAS EL MORRO', 6, 'CENT EDUC TRAVESIAS EL MORRO', 78, 77),
(14.59046, 9.999999, 9.999999, 43.83712, 205001021452, 9, 52.83712, 'CENT EDUC PEDREGAL ALTO', 6, 'CENT EDUC PEDREGAL ALTO', 56, 51),
(13.56977, 9.999999, 9.999999, 47.00488, 305001004854, 8, 55.00488, 'INST EDUC ALVERNIA', 4, 'INST EDUC ALVERNIA', 69, 81),
(16.96494, 9.999999, 9.999999, 52.50562, 305001007594, 10, 62.50562, 'INST EDUC SANTA JUANA DE LESTONAC', 1, 'INST EDUC SANTA JUANA DE LESTONAC', 97, 98),
(14.30097, 9.999999, 9.999999, 43.80186, 305001015287, 10, 53.80186, 'INST EDUC LA CANDELARIA', 4, 'INST EDUC LA CANDELARIA', 45, 49),
(14.17225, 9.999999, 9.999999, 41.57726, 305001015686, 0, 41.57726, 'INST EDUC MAESTRO ARENAS BETANCUR', 2, 'INST EDUC MAESTRO ARENAS BETANCUR', 21, 22),
(15.54243, 9.999999, 9.999999, 44.70715, 305001016542, 10, 54.70715, 'INST EDUC EL TRIUNFO SANTA TERESA', 1, 'INST EDUC EL TRIUNFO SANTA TERESA', 47, 60),
(15.77010, 8.760565, 9.999999, 42.30133, 305001018022, 6, 48.30133, 'INST EDUC FE Y ALEGRIA LUIS AMIGO', 5, 'INST EDUC FE Y ALEGRIA LUIS AMIGO', 41, 31),
(15.35062, 9.999999, 9.999999, 47.76553, 305001018839, 0, 47.76553, 'INST EDUC MADRE LAURA', 4, 'INST EDUC MADRE LAURA', 73, 83),
(14.31075, 9.932243, 9.999999, 42.95467, 305001019690, 8, 50.95467, 'INST EDUC ARZOBISPO TULIO BOTERO SALAZAR', 4, 'INST EDUC ARZOBISPO TULIO BOTERO SALAZAR', 28, 39),
(16.03933, 9.999999, 9.999999, 43.73827, 305001022232, 8, 51.73827, 'INST EDUC  BARRIO OLAYA HERRERA', 3, 'INST EDUC  BARRIO OLAYA HERRERA', 46, 48);

-- --------------------------------------------------------

--
-- Estructura de tabla para la tabla `IndicadorEducacionR`
--

CREATE TABLE IF NOT EXISTS `IndicadorEducacionR` (
  `AmbienteEscolar1` decimal(7,5) DEFAULT NULL,
  `Rendimiento1` decimal(7,6) DEFAULT NULL,
  `Progreso1` decimal(7,6) DEFAULT NULL,
  `IndicadorEducacion` decimal(7,5) DEFAULT NULL,
  `dane` bigint(12) DEFAULT NULL,
  `IndicadorEducacionR` varchar(1) DEFAULT NULL,
  `AmbienteEscolarR` varchar(1) DEFAULT NULL,
  `RendimientoR` varchar(1) DEFAULT NULL,
  `ProgresoR` varchar(1) DEFAULT NULL,
  `Posicion` int(3) DEFAULT NULL
) ENGINE=MyISAM DEFAULT CHARSET=utf8;

--
-- Volcado de datos para la tabla `IndicadorEducacionR`
--

INSERT INTO `IndicadorEducacionR` (`AmbienteEscolar1`, `Rendimiento1`, `Progreso1`, `IndicadorEducacion`, `dane`, `IndicadorEducacionR`, `AmbienteEscolarR`, `RendimientoR`, `ProgresoR`, `Posicion`) VALUES
(16.41551, 9.999999, 9.999999, 55.14955, 105001004472, 'A', 'A', 'A', 'A', 1),
(16.12941, 9.999999, 9.999999, 55.02164, 105001000485, 'A', 'A', 'A', 'A', 2),
(13.55304, 9.999999, 9.999999, 53.31391, 105001003441, 'A', 'D', 'A', 'A', 3),
(16.96494, 9.999999, 9.999999, 52.50562, 305001007594, 'A', 'A', 'A', 'A', 4),
(14.56463, 9.999999, 9.999999, 52.04235, 105001001635, 'A', 'C', 'A', 'A', 5),
(14.86820, 9.999999, 9.999999, 51.83747, 105001004791, 'A', 'B', 'A', 'A', 6),
(14.80682, 9.999999, 9.999999, 51.37436, 105001013340, 'A', 'B', 'A', 'A', 7),
(15.86821, 9.999999, 9.999999, 51.21765, 105001007421, 'A', 'A', 'A', 'A', 8),
(16.00918, 9.999999, 9.999999, 51.21690, 105001000841, 'A', 'A', 'A', 'A', 9),
(15.11398, 9.999999, 9.999999, 51.19532, 105001002895, 'A', 'B', 'A', 'A', 10),
(15.35665, 9.999999, 9.999999, 50.98616, 105001010367, 'A', 'B', 'A', 'A', 11),
(15.06463, 9.999999, 9.999999, 50.85513, 105001011061, 'A', 'B', 'A', 'A', 12),
(14.54647, 9.999999, 9.999999, 50.71934, 105001001562, 'A', 'C', 'A', 'A', 13),
(14.32976, 9.999999, 9.999999, 50.65718, 105001000621, 'A', 'C', 'A', 'A', 14),
(15.30917, 9.999999, 9.999999, 50.56170, 105001001848, 'A', 'B', 'A', 'A', 15),
(15.33219, 9.999999, 9.999999, 50.22580, 105001020052, 'A', 'B', 'B', 'A', 16),
(15.74416, 9.999999, 9.999999, 49.93334, 105001013145, 'A', 'A', 'A', 'A', 17),
(18.12456, 9.999999, 9.999999, 49.57834, 205001006224, 'A', 'A', 'A', 'B', 18),
(13.03641, 9.999999, 9.999999, 49.35152, 105001002038, 'A', 'E', 'A', 'A', 19),
(15.22557, 9.999999, 9.999999, 49.25015, 105001002020, 'A', 'B', 'A', 'A', 20),
(16.21896, 9.999999, 9.999999, 49.17221, 105001006068, 'A', 'A', 'A', 'A', 21),
(15.87757, 9.999999, 9.999999, 49.06477, 105001014851, 'A', 'A', 'A', 'A', 22),
(15.56771, 9.999999, 9.999999, 49.02910, 205001019318, 'A', 'A', 'B', 'A', 23),
(15.50908, 9.999999, 9.999999, 48.88913, 105001021547, 'A', 'B', 'A', 'A', 24),
(16.14830, 9.999999, 9.999999, 48.84252, 105001000108, 'A', 'A', 'A', 'A', 25),
(17.12478, 9.999999, 9.999999, 48.48515, 105001001317, 'A', 'A', 'A', 'B', 26),
(14.35802, 9.999999, 9.999999, 48.45627, 205001011031, 'A', 'C', 'A', 'A', 27),
(15.60617, 9.999999, 9.999999, 48.43291, 105001002798, 'A', 'A', 'A', 'B', 28),
(14.00047, 9.999999, 9.999999, 48.35939, 105001003123, 'A', 'D', 'A', 'A', 29),
(15.20789, 9.999999, 9.999999, 48.35757, 105001002496, 'A', 'B', 'B', 'A', 30),
(14.54449, 9.999999, 9.999999, 48.30975, 105001006092, 'A', 'C', 'A', 'A', 31),
(15.38033, 9.999999, 9.999999, 48.12561, 105001009695, 'A', 'B', 'A', 'B', 32),
(14.89673, 9.999999, 9.999999, 48.05247, 105001002461, 'A', 'B', 'A', 'A', 33),
(14.54001, 9.999999, 9.999999, 47.77815, 105001001490, 'A', 'C', 'A', 'A', 34),
(15.35062, 9.999999, 9.999999, 47.76553, 305001018839, 'A', 'B', 'A', 'B', 35),
(15.56023, 9.999999, 9.999999, 47.65912, 105001003271, 'A', 'B', 'B', 'A', 36),
(15.11296, 9.999999, 9.999999, 47.41755, 105001000990, 'A', 'B', 'A', 'A', 37),
(14.97059, 9.999999, 9.999999, 47.33709, 105001001236, 'A', 'B', 'B', 'A', 38),
(13.56977, 9.999999, 9.999999, 47.00488, 305001004854, 'A', 'D', 'A', 'A', 39),
(15.32610, 9.999999, 9.999999, 46.97739, 105001012106, 'A', 'B', 'B', 'A', 40),
(14.73011, 9.999999, 9.999999, 46.96913, 105001001791, 'A', 'C', 'A', 'A', 41),
(16.05994, 9.999999, 9.999999, 46.95748, 105001006980, 'A', 'A', 'B', 'B', 42),
(14.79208, 9.999999, 9.999999, 46.94070, 105001006181, 'A', 'B', 'B', 'A', 43),
(15.84205, 9.999999, 9.999999, 46.77450, 205001006526, 'A', 'A', 'B', 'B', 44),
(14.35335, 9.999999, 9.999999, 46.74211, 105001011711, 'A', 'C', 'B', 'A', 45),
(15.49360, 9.999999, 9.999999, 46.72012, 105001011886, 'A', 'B', 'B', 'A', 46),
(15.49654, 9.999999, 9.999999, 46.63532, 205001019989, 'A', 'B', 'B', 'A', 47),
(15.33523, 9.999999, 9.999999, 46.61513, 105001000931, 'A', 'B', 'A', 'B', 48),
(15.45823, 9.999999, 9.999999, 46.49857, 105001019429, 'A', 'B', 'B', 'A', 49),
(16.73936, 9.999999, 9.999999, 46.47955, 105001003425, 'B', 'A', 'B', 'B', 50),
(15.84326, 9.999999, 9.999999, 46.27512, 105001011363, 'B', 'A', 'C', 'B', 51),
(15.10303, 9.999999, 9.999999, 46.05215, 205001012534, 'B', 'B', 'B', 'B', 52),
(16.61152, 9.999999, 9.999999, 45.96084, 105001010448, 'B', 'A', 'B', 'B', 53),
(14.62774, 9.828021, 9.999999, 45.86610, 105001000001, 'B', 'C', 'D', 'A', 54),
(15.75316, 9.999999, 9.999999, 45.85479, 105001011461, 'B', 'A', 'B', 'B', 55),
(15.59268, 9.999999, 9.999999, 45.75558, 105001014397, 'B', 'A', 'B', 'B', 56),
(15.06507, 9.999999, 9.999999, 45.68914, 105001011606, 'B', 'B', 'B', 'B', 57),
(16.29138, 9.999999, 9.999999, 45.63086, 105001020273, 'B', 'A', 'A', 'B', 58),
(14.18678, 9.999999, 9.999999, 45.56299, 105001001198, 'B', 'C', 'B', 'A', 59),
(13.54636, 9.999999, 9.999999, 45.47904, 105001016420, 'B', 'D', 'A', 'A', 60),
(16.30123, 9.999999, 9.999999, 45.33303, 105001006718, 'B', 'A', 'B', 'B', 61),
(16.90270, 9.999999, 9.999999, 45.29268, 105001011070, 'B', 'A', 'C', 'B', 62),
(14.28853, 9.999999, 9.999999, 45.24122, 105001000876, 'B', 'C', 'C', 'A', 63),
(16.23027, 9.999999, 9.999999, 45.22747, 105001002305, 'B', 'A', 'C', 'B', 64),
(14.41004, 9.999999, 9.999999, 45.22255, 105001019674, 'B', 'C', 'A', 'B', 65),
(15.51863, 9.999999, 9.999999, 45.21954, 105001011088, 'B', 'B', 'C', 'B', 66),
(16.09581, 9.999999, 9.999999, 45.16744, 105001000396, 'B', 'A', 'C', 'B', 67),
(15.75806, 9.999999, 9.999999, 45.10094, 105001015091, 'B', 'A', 'C', 'B', 68),
(14.32943, 9.999999, 9.999999, 45.03741, 105001002119, 'B', 'C', 'B', 'B', 69),
(14.94418, 9.999999, 9.999999, 45.01629, 105001009865, 'B', 'B', 'B', 'B', 70),
(15.47460, 9.999999, 9.999999, 44.99013, 105001025844, 'B', 'B', 'A', 'B', 71),
(14.15939, 9.999999, 9.999999, 44.95789, 105001002470, 'B', 'C', 'B', 'A', 72),
(16.24962, 9.999999, 9.999999, 44.94688, 105001020028, 'B', 'A', 'B', 'B', 73),
(15.10537, 9.999999, 9.999999, 44.94292, 205001009797, 'B', 'B', 'B', 'B', 74),
(14.58285, 9.999999, 9.999999, 44.91940, 105001007889, 'B', 'C', 'B', 'B', 75),
(14.05996, 9.999999, 9.999999, 44.90882, 105001017132, 'B', 'D', 'B', 'A', 76),
(15.21420, 9.999999, 9.999999, 44.84259, 105001003450, 'B', 'B', 'A', 'B', 77),
(14.55437, 9.999999, 9.999999, 44.81321, 105001011631, 'B', 'C', 'A', 'B', 78),
(13.82478, 9.999999, 9.999999, 44.71616, 105001001473, 'B', 'D', 'B', 'A', 79),
(15.54243, 9.999999, 9.999999, 44.70715, 305001016542, 'B', 'B', 'C', 'B', 80),
(16.50990, 9.999999, 9.999999, 44.69626, 105001001155, 'B', 'A', 'C', 'B', 81),
(14.79259, 9.999999, 9.999999, 44.66387, 205001001672, 'B', 'B', 'B', 'B', 82),
(14.68159, 9.999999, 9.999999, 44.60796, 105001005347, 'B', 'C', 'B', 'B', 83),
(15.06663, 9.999999, 9.999999, 44.58715, 105001001686, 'B', 'B', 'C', 'B', 84),
(16.40862, 9.999999, 9.999999, 44.54932, 105001002356, 'B', 'A', 'C', 'B', 85),
(15.74168, 9.682343, 9.999999, 44.54789, 205001001966, 'B', 'A', 'D', 'B', 86),
(15.16291, 9.999999, 9.999999, 44.53288, 105001010855, 'B', 'B', 'B', 'B', 87),
(15.64427, 9.999999, 9.999999, 44.16529, 105001005291, 'B', 'A', 'B', 'B', 88),
(15.01024, 9.638973, 9.999999, 44.06744, 105001007978, 'B', 'B', 'D', 'B', 89),
(15.58991, 9.999999, 9.999999, 44.04837, 105001005410, 'B', 'A', 'B', 'C', 90),
(13.35853, 9.873122, 9.999999, 44.02799, 105001003131, 'B', 'E', 'D', 'A', 91),
(15.91167, 9.999999, 9.999999, 43.97739, 105001007218, 'B', 'A', 'C', 'B', 92),
(14.21607, 9.999999, 9.999999, 43.91612, 105001008389, 'B', 'C', 'B', 'B', 93),
(15.55210, 9.999999, 9.999999, 43.90975, 105001019011, 'B', 'B', 'B', 'B', 94),
(15.17226, 9.999999, 9.999999, 43.89060, 105001017965, 'B', 'B', 'A', 'C', 95),
(14.76329, 9.999999, 9.999999, 43.88374, 105001003298, 'B', 'C', 'A', 'C', 96),
(15.31135, 9.999999, 9.999999, 43.87285, 105001019330, 'B', 'B', 'B', 'B', 97),
(14.59046, 9.999999, 9.999999, 43.83712, 205001021452, 'B', 'C', 'A', 'B', 98),
(16.53588, 9.999999, 9.999999, 43.83087, 105001002135, 'B', 'A', 'C', 'C', 99),
(15.31633, 9.999999, 9.999999, 43.82777, 105001013439, 'B', 'B', 'B', 'B', 100),
(14.30097, 9.999999, 9.999999, 43.80186, 305001015287, 'B', 'C', 'C', 'B', 101),
(13.54688, 9.999999, 9.999999, 43.76904, 105001001651, 'B', 'D', 'A', 'B', 102),
(16.03933, 9.999999, 9.999999, 43.73827, 305001022232, 'B', 'A', 'C', 'C', 103),
(15.72366, 9.999999, 9.999999, 43.69061, 105001018759, 'B', 'A', 'B', 'C', 104),
(14.85031, 9.971362, 9.999999, 43.64099, 105001022101, 'B', 'B', 'C', 'B', 105),
(14.57197, 9.999999, 9.999999, 43.53245, 105001005495, 'B', 'C', 'B', 'B', 106),
(14.40191, 9.763008, 9.999999, 43.48072, 105001000175, 'B', 'C', 'D', 'B', 107),
(15.26136, 9.999999, 9.999999, 43.47403, 105001008486, 'B', 'B', 'B', 'B', 108),
(14.56679, 9.999999, 9.999999, 43.43411, 105001024073, 'B', 'C', 'B', 'B', 109),
(14.20833, 9.999999, 9.999999, 43.43049, 105001000353, 'B', 'C', 'B', 'B', 110),
(14.29408, 9.999999, 9.999999, 43.33141, 105001012696, 'B', 'C', 'B', 'B', 111),
(15.96798, 9.999999, 9.999999, 43.30761, 105001002003, 'B', 'A', 'B', 'C', 112),
(14.87124, 9.671130, 9.999999, 43.25774, 205001009916, 'B', 'B', 'D', 'B', 113),
(14.93352, 9.999999, 9.999999, 43.25735, 105001010588, 'B', 'B', 'C', 'B', 114),
(14.55941, 9.999999, 9.999999, 43.24886, 105001000418, 'B', 'C', 'B', 'B', 115),
(15.49461, 9.999999, 9.999999, 43.15038, 205001014308, 'B', 'B', 'B', 'C', 116),
(15.50516, 9.999999, 9.999999, 43.09233, 205001010281, 'B', 'B', 'C', 'C', 117),
(16.17619, 9.999999, 9.999999, 43.08865, 105001003221, 'B', 'A', 'B', 'C', 118),
(14.80580, 9.999999, 9.999999, 43.07783, 105001007188, 'B', 'B', 'B', 'B', 119),
(15.76398, 9.541325, 9.999999, 43.04482, 105001019453, 'C', 'A', 'D', 'B', 120),
(14.31075, 9.932243, 9.999999, 42.95467, 305001019690, 'C', 'C', 'C', 'B', 121),
(14.60551, 9.999999, 9.999999, 42.91666, 105001001121, 'C', 'C', 'B', 'C', 122),
(15.42040, 9.999999, 9.999999, 42.90639, 105001003387, 'C', 'B', 'C', 'C', 123),
(16.06524, 9.999999, 9.999999, 42.88029, 105001005339, 'C', 'A', 'C', 'C', 124),
(15.31636, 9.999999, 9.999999, 42.83233, 105001019194, 'C', 'B', 'B', 'C', 125),
(13.05223, 9.926314, 9.999999, 42.76605, 205001007735, 'C', 'E', 'C', 'B', 126),
(15.40821, 9.999999, 9.999999, 42.72285, 105001006246, 'C', 'B', 'C', 'C', 127),
(14.18362, 9.918334, 9.999999, 42.65741, 205001006232, 'C', 'C', 'C', 'B', 128),
(14.30831, 9.999999, 9.999999, 42.54177, 105001000132, 'C', 'C', 'B', 'C', 129),
(15.36166, 9.999999, 9.999999, 42.52296, 105001001023, 'C', 'B', 'A', 'D', 130),
(13.95647, 9.670747, 9.999999, 42.51971, 105001015148, 'C', 'D', 'D', 'B', 131),
(14.47650, 9.999999, 9.999999, 42.45442, 105001000795, 'C', 'C', 'B', 'C', 132),
(16.06757, 9.748873, 9.999999, 42.44696, 105001023965, 'C', 'A', 'D', 'C', 133),
(14.86793, 9.999999, 9.999999, 42.39064, 105001000981, 'C', 'B', 'C', 'C', 134),
(14.47104, 9.999999, 9.999999, 42.36492, 105001010111, 'C', 'C', 'C', 'C', 135),
(14.19994, 9.999999, 9.999999, 42.36458, 105001002101, 'C', 'C', 'A', 'C', 136),
(15.77010, 8.760565, 9.999999, 42.30133, 305001018022, 'C', 'A', 'E', 'B', 137),
(14.86966, 9.999999, 9.999999, 42.23626, 105001021636, 'C', 'B', 'C', 'C', 138),
(14.86325, 9.944036, 9.999999, 42.22635, 105001012165, 'C', 'B', 'C', 'C', 139),
(15.14463, 9.999999, 9.999999, 42.17718, 105001019305, 'C', 'B', 'C', 'C', 140),
(15.13280, 9.952031, 9.999999, 42.15899, 105001001805, 'C', 'B', 'C', 'C', 141),
(15.79173, 9.042910, 9.999999, 42.15362, 105001019534, 'C', 'A', 'E', 'C', 142),
(14.74485, 9.931765, 9.999999, 42.13463, 105001021199, 'C', 'C', 'C', 'C', 143),
(15.30902, 9.999999, 9.999999, 42.09079, 105001000868, 'C', 'B', 'B', 'C', 144),
(14.74787, 9.999999, 9.999999, 42.05391, 105001002348, 'C', 'C', 'B', 'C', 145),
(14.55362, 9.941082, 9.999999, 42.00767, 105001013633, 'C', 'C', 'C', 'C', 146),
(13.91253, 9.999999, 9.999999, 41.99402, 205001001389, 'C', 'D', 'A', 'C', 147),
(14.87025, 9.319097, 9.999999, 41.97590, 105001005878, 'C', 'B', 'E', 'B', 148),
(15.59611, 9.999999, 9.999999, 41.96156, 105001009652, 'C', 'A', 'B', 'D', 149),
(16.38094, 8.349318, 9.999999, 41.90931, 105001012700, 'C', 'A', 'E', 'C', 150),
(14.31359, 9.999999, 9.999999, 41.72232, 105001000141, 'C', 'C', 'B', 'C', 151),
(15.21854, 9.079768, 9.999999, 41.71416, 105001013013, 'C', 'B', 'E', 'C', 152),
(13.54337, 9.999999, 9.999999, 41.69805, 105001000205, 'C', 'D', 'C', 'B', 153),
(15.93491, 8.191042, 9.999999, 41.65207, 105001017876, 'C', 'A', 'E', 'C', 154),
(14.17225, 9.999999, 9.999999, 41.57726, 305001015686, 'C', 'C', 'C', 'C', 155),
(15.16113, 9.348871, 9.999999, 41.56805, 105001011690, 'C', 'B', 'E', 'C', 156),
(13.69532, 9.999999, 9.999999, 41.47282, 105001006483, 'C', 'D', 'B', 'C', 157),
(13.12012, 9.999999, 9.999999, 41.41099, 105001008451, 'C', 'E', 'B', 'B', 158),
(13.92042, 9.752600, 9.999999, 41.30176, 105001014052, 'C', 'D', 'D', 'C', 159),
(15.71927, 9.999999, 9.999999, 41.18036, 105001008249, 'C', 'A', 'B', 'D', 160),
(14.87499, 9.717688, 9.999999, 41.16410, 105001000043, 'C', 'B', 'D', 'C', 161),
(13.73035, 9.999999, 9.999999, 41.14471, 205001002199, 'C', 'D', 'C', 'C', 162),
(15.24013, 9.999999, 9.999999, 41.13926, 105001002976, 'C', 'B', 'B', 'D', 163),
(16.05717, 9.999999, 9.999999, 41.11765, 105001019062, 'C', 'A', 'B', 'D', 164),
(15.32333, 9.999999, 9.999999, 40.98178, 105001002488, 'C', 'B', 'C', 'D', 165),
(13.50995, 9.694912, 9.999999, 40.95879, 105001005525, 'C', 'D', 'D', 'B', 166),
(13.39578, 9.952209, 9.999999, 40.92793, 105001002780, 'C', 'E', 'C', 'C', 167),
(14.41321, 9.999999, 9.999999, 40.88945, 105001000566, 'C', 'C', 'B', 'D', 168),
(14.52774, 9.682343, 9.999999, 40.85642, 205001002768, 'D', 'C', 'D', 'C', 169),
(14.78439, 9.999999, 9.999999, 40.85375, 105001009709, 'D', 'C', 'B', 'D', 170),
(13.79214, 9.999999, 9.999999, 40.84026, 105001000809, 'D', 'D', 'B', 'D', 171),
(13.82279, 9.999999, 9.999999, 40.77325, 105001025780, 'D', 'D', 'B', 'C', 172),
(14.55411, 9.999999, 9.999999, 40.64129, 205001010264, 'D', 'C', 'C', 'D', 173),
(13.28076, 9.999999, 9.999999, 40.58054, 105001007439, 'D', 'E', 'B', 'C', 174),
(13.70468, 9.811848, 9.999999, 40.43864, 105001001279, 'D', 'D', 'D', 'C', 175),
(14.40395, 9.694529, 9.999999, 40.24437, 105001021873, 'D', 'C', 'D', 'D', 176),
(14.08948, 9.999999, 9.999999, 40.22724, 105001002011, 'D', 'D', 'C', 'D', 177),
(13.46508, 9.727930, 9.999999, 40.09110, 105001001368, 'D', 'E', 'D', 'C', 178),
(14.17447, 9.445062, 9.999999, 40.01582, 105001019798, 'D', 'C', 'E', 'C', 179),
(14.34496, 9.999999, 9.999999, 39.96978, 105001003280, 'D', 'C', 'C', 'D', 180),
(15.36388, 9.898322, 9.999999, 39.88436, 205001006119, 'D', 'B', 'C', 'D', 181),
(14.13729, 9.999999, 9.999999, 39.63413, 105001007111, 'D', 'D', 'C', 'D', 182),
(15.29648, 9.999999, 9.999999, 39.51912, 105001001252, 'D', 'B', 'B', 'E', 183),
(12.81713, 9.999999, 9.999999, 39.48493, 105001011011, 'D', 'E', 'B', 'C', 184),
(15.04664, 9.580245, 9.999999, 39.30857, 105001015229, 'D', 'B', 'D', 'D', 185),
(13.83727, 9.939626, 9.999999, 38.60757, 105001000256, 'D', 'D', 'C', 'D', 186),
(12.70367, 9.999999, 9.999999, 38.42924, 105001019925, 'D', 'E', 'C', 'D', 187),
(14.95624, 8.880032, 9.999999, 38.25034, 105001015211, 'D', 'B', 'E', 'D', 188),
(15.33141, 9.999999, 9.999999, 38.17096, 105001012092, 'E', 'B', 'C', 'E', 189),
(14.16190, 9.999999, 9.999999, 38.06087, 105001002526, 'E', 'C', 'C', 'E', 190),
(15.03270, 7.740191, 9.999999, 37.83101, 105001002071, 'E', 'B', 'E', 'D', 191),
(14.95831, 9.954833, 9.999999, 37.65116, 105001001660, 'E', 'B', 'C', 'E', 192),
(14.64238, 9.999999, 9.999999, 37.37844, 105001013072, 'E', 'C', 'B', 'E', 193),
(15.60769, 9.609399, 9.999999, 37.28206, 105001015831, 'E', 'A', 'D', 'E', 194),
(14.33034, 9.930119, 9.999999, 36.67292, 105001019089, 'E', 'C', 'C', 'E', 195),
(12.98499, 9.738579, 9.999999, 36.57985, 205001018745, 'E', 'E', 'D', 'E', 196),
(14.89634, 9.999999, 9.999999, 36.29400, 105001013447, 'E', 'B', 'C', 'E', 197),
(15.16377, 9.779094, 9.291544, 34.23441, 105001015172, 'E', 'B', 'D', 'E', 198);

-- --------------------------------------------------------

--
-- Estructura de tabla para la tabla `IndicadorMultivariado`
--

CREATE TABLE IF NOT EXISTS `IndicadorMultivariado` (
  `AmbienteEscolar1` decimal(7,5) DEFAULT NULL,
  `Rendimiento1` decimal(7,6) DEFAULT NULL,
  `Progreso1` decimal(7,6) DEFAULT NULL,
  `IndicadorEducacion` decimal(7,5) DEFAULT NULL,
  `dane` bigint(12) DEFAULT NULL
) ENGINE=MyISAM DEFAULT CHARSET=utf8;

--
-- Volcado de datos para la tabla `IndicadorMultivariado`
--

INSERT INTO `IndicadorMultivariado` (`AmbienteEscolar1`, `Rendimiento1`, `Progreso1`, `IndicadorEducacion`, `dane`) VALUES
(14.62774, 9.828021, 9.999999, 45.86610, 105001000001),
(14.87499, 9.717688, 9.999999, 41.16410, 105001000043),
(16.14830, 9.999999, 9.999999, 48.84252, 105001000108),
(14.30831, 9.999999, 9.999999, 42.54177, 105001000132),
(14.31359, 9.999999, 9.999999, 41.72232, 105001000141),
(14.40191, 9.763008, 9.999999, 43.48072, 105001000175),
(13.54337, 9.999999, 9.999999, 41.69805, 105001000205),
(13.83727, 9.939626, 9.999999, 38.60757, 105001000256),
(14.20833, 9.999999, 9.999999, 43.43049, 105001000353),
(16.09581, 9.999999, 9.999999, 45.16744, 105001000396),
(14.55941, 9.999999, 9.999999, 43.24886, 105001000418),
(16.12941, 9.999999, 9.999999, 55.02164, 105001000485),
(14.41321, 9.999999, 9.999999, 40.88945, 105001000566),
(14.32976, 9.999999, 9.999999, 50.65718, 105001000621),
(14.47650, 9.999999, 9.999999, 42.45442, 105001000795),
(13.79214, 9.999999, 9.999999, 40.84026, 105001000809),
(16.00918, 9.999999, 9.999999, 51.21690, 105001000841),
(15.30902, 9.999999, 9.999999, 42.09079, 105001000868),
(14.28853, 9.999999, 9.999999, 45.24122, 105001000876),
(15.33523, 9.999999, 9.999999, 46.61513, 105001000931),
(14.86793, 9.999999, 9.999999, 42.39064, 105001000981),
(15.11296, 9.999999, 9.999999, 47.41755, 105001000990),
(15.36166, 9.999999, 9.999999, 42.52296, 105001001023),
(14.60551, 9.999999, 9.999999, 42.91666, 105001001121),
(16.50990, 9.999999, 9.999999, 44.69626, 105001001155),
(14.18678, 9.999999, 9.999999, 45.56299, 105001001198),
(14.97059, 9.999999, 9.999999, 47.33709, 105001001236),
(15.29648, 9.999999, 9.999999, 39.51912, 105001001252),
(13.70468, 9.811848, 9.999999, 40.43864, 105001001279),
(17.12478, 9.999999, 9.999999, 48.48515, 105001001317),
(13.46508, 9.727930, 9.999999, 40.09110, 105001001368),
(13.82478, 9.999999, 9.999999, 44.71616, 105001001473),
(14.54001, 9.999999, 9.999999, 47.77815, 105001001490),
(14.54647, 9.999999, 9.999999, 50.71934, 105001001562),
(14.56463, 9.999999, 9.999999, 52.04235, 105001001635),
(13.54688, 9.999999, 9.999999, 43.76904, 105001001651),
(14.95831, 9.954833, 9.999999, 37.65116, 105001001660),
(15.06663, 9.999999, 9.999999, 44.58715, 105001001686),
(14.73011, 9.999999, 9.999999, 46.96913, 105001001791),
(15.13280, 9.952031, 9.999999, 42.15899, 105001001805),
(15.30917, 9.999999, 9.999999, 50.56170, 105001001848),
(15.96798, 9.999999, 9.999999, 43.30761, 105001002003),
(14.08948, 9.999999, 9.999999, 40.22724, 105001002011),
(15.22557, 9.999999, 9.999999, 49.25015, 105001002020),
(13.03641, 9.999999, 9.999999, 49.35152, 105001002038),
(15.03270, 7.740191, 9.999999, 37.83101, 105001002071),
(14.19994, 9.999999, 9.999999, 42.36458, 105001002101),
(14.32943, 9.999999, 9.999999, 45.03741, 105001002119),
(16.53588, 9.999999, 9.999999, 43.83087, 105001002135),
(16.23027, 9.999999, 9.999999, 45.22747, 105001002305),
(14.74787, 9.999999, 9.999999, 42.05391, 105001002348),
(16.40862, 9.999999, 9.999999, 44.54932, 105001002356),
(14.89673, 9.999999, 9.999999, 48.05247, 105001002461),
(14.15939, 9.999999, 9.999999, 44.95789, 105001002470),
(15.32333, 9.999999, 9.999999, 40.98178, 105001002488),
(15.20789, 9.999999, 9.999999, 48.35757, 105001002496),
(14.16190, 9.999999, 9.999999, 38.06087, 105001002526),
(13.39578, 9.952209, 9.999999, 40.92793, 105001002780),
(15.60617, 9.999999, 9.999999, 48.43291, 105001002798),
(15.11398, 9.999999, 9.999999, 51.19532, 105001002895),
(15.24013, 9.999999, 9.999999, 41.13926, 105001002976),
(14.00047, 9.999999, 9.999999, 48.35939, 105001003123),
(13.35853, 9.873122, 9.999999, 44.02799, 105001003131),
(16.17619, 9.999999, 9.999999, 43.08865, 105001003221),
(15.56023, 9.999999, 9.999999, 47.65912, 105001003271),
(14.34496, 9.999999, 9.999999, 39.96978, 105001003280),
(14.76329, 9.999999, 9.999999, 43.88374, 105001003298),
(15.42040, 9.999999, 9.999999, 42.90639, 105001003387),
(16.73936, 9.999999, 9.999999, 46.47955, 105001003425),
(13.55304, 9.999999, 9.999999, 53.31391, 105001003441),
(15.21420, 9.999999, 9.999999, 44.84259, 105001003450),
(16.41551, 9.999999, 9.999999, 55.14955, 105001004472),
(14.86820, 9.999999, 9.999999, 51.83747, 105001004791),
(15.64427, 9.999999, 9.999999, 44.16529, 105001005291),
(16.06524, 9.999999, 9.999999, 42.88029, 105001005339),
(14.68159, 9.999999, 9.999999, 44.60796, 105001005347),
(15.58991, 9.999999, 9.999999, 44.04837, 105001005410),
(14.57197, 9.999999, 9.999999, 43.53245, 105001005495),
(13.50995, 9.694912, 9.999999, 40.95879, 105001005525),
(14.87025, 9.319097, 9.999999, 41.97590, 105001005878),
(16.21896, 9.999999, 9.999999, 49.17221, 105001006068),
(14.54449, 9.999999, 9.999999, 48.30975, 105001006092),
(14.79208, 9.999999, 9.999999, 46.94070, 105001006181),
(15.40821, 9.999999, 9.999999, 42.72285, 105001006246),
(13.69532, 9.999999, 9.999999, 41.47282, 105001006483),
(16.30123, 9.999999, 9.999999, 45.33303, 105001006718),
(16.05994, 9.999999, 9.999999, 46.95748, 105001006980),
(14.13729, 9.999999, 9.999999, 39.63413, 105001007111),
(14.80580, 9.999999, 9.999999, 43.07783, 105001007188),
(15.91167, 9.999999, 9.999999, 43.97739, 105001007218),
(15.86821, 9.999999, 9.999999, 51.21765, 105001007421),
(13.28076, 9.999999, 9.999999, 40.58054, 105001007439),
(14.58285, 9.999999, 9.999999, 44.91940, 105001007889),
(15.01024, 9.638973, 9.999999, 44.06744, 105001007978),
(15.71927, 9.999999, 9.999999, 41.18036, 105001008249),
(14.21607, 9.999999, 9.999999, 43.91612, 105001008389),
(13.12012, 9.999999, 9.999999, 41.41099, 105001008451),
(15.26136, 9.999999, 9.999999, 43.47403, 105001008486),
(15.59611, 9.999999, 9.999999, 41.96156, 105001009652),
(15.38033, 9.999999, 9.999999, 48.12561, 105001009695),
(14.78439, 9.999999, 9.999999, 40.85375, 105001009709),
(14.94418, 9.999999, 9.999999, 45.01629, 105001009865),
(14.47104, 9.999999, 9.999999, 42.36492, 105001010111),
(15.35665, 9.999999, 9.999999, 50.98616, 105001010367),
(16.61152, 9.999999, 9.999999, 45.96084, 105001010448),
(14.93352, 9.999999, 9.999999, 43.25735, 105001010588),
(15.16291, 9.999999, 9.999999, 44.53288, 105001010855),
(12.81713, 9.999999, 9.999999, 39.48493, 105001011011),
(15.06463, 9.999999, 9.999999, 50.85513, 105001011061),
(16.90270, 9.999999, 9.999999, 45.29268, 105001011070),
(15.51863, 9.999999, 9.999999, 45.21954, 105001011088),
(15.84326, 9.999999, 9.999999, 46.27512, 105001011363),
(15.75316, 9.999999, 9.999999, 45.85479, 105001011461),
(15.06507, 9.999999, 9.999999, 45.68914, 105001011606),
(14.55437, 9.999999, 9.999999, 44.81321, 105001011631),
(15.16113, 9.348871, 9.999999, 41.56805, 105001011690),
(14.35335, 9.999999, 9.999999, 46.74211, 105001011711),
(15.49360, 9.999999, 9.999999, 46.72012, 105001011886),
(15.33141, 9.999999, 9.999999, 38.17096, 105001012092),
(15.32610, 9.999999, 9.999999, 46.97739, 105001012106),
(14.86325, 9.944036, 9.999999, 42.22635, 105001012165),
(14.29408, 9.999999, 9.999999, 43.33141, 105001012696),
(16.38094, 8.349318, 9.999999, 41.90931, 105001012700),
(15.21854, 9.079768, 9.999999, 41.71416, 105001013013),
(14.64238, 9.999999, 9.999999, 37.37844, 105001013072),
(15.74416, 9.999999, 9.999999, 49.93334, 105001013145),
(14.80682, 9.999999, 9.999999, 51.37436, 105001013340),
(15.31633, 9.999999, 9.999999, 43.82777, 105001013439),
(14.89634, 9.999999, 9.999999, 36.29400, 105001013447),
(14.55362, 9.941082, 9.999999, 42.00767, 105001013633),
(13.92042, 9.752600, 9.999999, 41.30176, 105001014052),
(15.59268, 9.999999, 9.999999, 45.75558, 105001014397),
(15.87757, 9.999999, 9.999999, 49.06477, 105001014851),
(15.75806, 9.999999, 9.999999, 45.10094, 105001015091),
(13.95647, 9.670747, 9.999999, 42.51971, 105001015148),
(15.16377, 9.779094, 9.291544, 34.23441, 105001015172),
(14.95624, 8.880032, 9.999999, 38.25034, 105001015211),
(15.04664, 9.580245, 9.999999, 39.30857, 105001015229),
(15.60769, 9.609399, 9.999999, 37.28206, 105001015831),
(13.54636, 9.999999, 9.999999, 45.47904, 105001016420),
(14.05996, 9.999999, 9.999999, 44.90882, 105001017132),
(15.93491, 8.191042, 9.999999, 41.65207, 105001017876),
(15.17226, 9.999999, 9.999999, 43.89060, 105001017965),
(15.72366, 9.999999, 9.999999, 43.69061, 105001018759),
(15.55210, 9.999999, 9.999999, 43.90975, 105001019011),
(16.05717, 9.999999, 9.999999, 41.11765, 105001019062),
(14.33034, 9.930119, 9.999999, 36.67292, 105001019089),
(15.31636, 9.999999, 9.999999, 42.83233, 105001019194),
(15.14463, 9.999999, 9.999999, 42.17718, 105001019305),
(15.31135, 9.999999, 9.999999, 43.87285, 105001019330),
(15.45823, 9.999999, 9.999999, 46.49857, 105001019429),
(15.76398, 9.541325, 9.999999, 43.04482, 105001019453),
(15.79173, 9.042910, 9.999999, 42.15362, 105001019534),
(14.41004, 9.999999, 9.999999, 45.22255, 105001019674),
(14.17447, 9.445062, 9.999999, 40.01582, 105001019798),
(12.70367, 9.999999, 9.999999, 38.42924, 105001019925),
(16.24962, 9.999999, 9.999999, 44.94688, 105001020028),
(15.33219, 9.999999, 9.999999, 50.22580, 105001020052),
(16.29138, 9.999999, 9.999999, 45.63086, 105001020273),
(14.74485, 9.931765, 9.999999, 42.13463, 105001021199),
(15.50908, 9.999999, 9.999999, 48.88913, 105001021547),
(14.86966, 9.999999, 9.999999, 42.23626, 105001021636),
(14.40395, 9.694529, 9.999999, 40.24437, 105001021873),
(14.85031, 9.971362, 9.999999, 43.64099, 105001022101),
(16.06757, 9.748873, 9.999999, 42.44696, 105001023965),
(14.56679, 9.999999, 9.999999, 43.43411, 105001024073),
(13.82279, 9.999999, 9.999999, 40.77325, 105001025780),
(13.91253, 9.999999, 9.999999, 41.99402, 205001001389),
(14.79259, 9.999999, 9.999999, 44.66387, 205001001672),
(15.74168, 9.682343, 9.999999, 44.54789, 205001001966),
(13.73035, 9.999999, 9.999999, 41.14471, 205001002199),
(14.52774, 9.682343, 9.999999, 40.85642, 205001002768),
(15.36388, 9.898322, 9.999999, 39.88436, 205001006119),
(18.12456, 9.999999, 9.999999, 49.57834, 205001006224),
(14.18362, 9.918334, 9.999999, 42.65741, 205001006232),
(15.84205, 9.999999, 9.999999, 46.77450, 205001006526),
(13.05223, 9.926314, 9.999999, 42.76605, 205001007735),
(15.10537, 9.999999, 9.999999, 44.94292, 205001009797),
(14.87124, 9.671130, 9.999999, 43.25774, 205001009916),
(14.55411, 9.999999, 9.999999, 40.64129, 205001010264),
(15.50516, 9.999999, 9.999999, 43.09233, 205001010281),
(14.35802, 9.999999, 9.999999, 48.45627, 205001011031),
(15.10303, 9.999999, 9.999999, 46.05215, 205001012534),
(15.49461, 9.999999, 9.999999, 43.15038, 205001014308),
(12.98499, 9.738579, 9.999999, 36.57985, 205001018745),
(15.56771, 9.999999, 9.999999, 49.02910, 205001019318),
(15.47460, 9.999999, 9.999999, 44.99013, 105001025844),
(15.49654, 9.999999, 9.999999, 46.63532, 205001019989),
(14.59046, 9.999999, 9.999999, 43.83712, 205001021452),
(13.56977, 9.999999, 9.999999, 47.00488, 305001004854),
(16.96494, 9.999999, 9.999999, 52.50562, 305001007594),
(14.30097, 9.999999, 9.999999, 43.80186, 305001015287),
(14.17225, 9.999999, 9.999999, 41.57726, 305001015686),
(15.54243, 9.999999, 9.999999, 44.70715, 305001016542),
(15.77010, 8.760565, 9.999999, 42.30133, 305001018022),
(15.35062, 9.999999, 9.999999, 47.76553, 305001018839),
(14.31075, 9.932243, 9.999999, 42.95467, 305001019690),
(16.03933, 9.999999, 9.999999, 43.73827, 305001022232);

-- --------------------------------------------------------

--
-- Estructura de tabla para la tabla `IndicadorMultivariadoBonus`
--

CREATE TABLE IF NOT EXISTS `IndicadorMultivariadoBonus` (
  `AmbienteEscolar1` decimal(7,5) DEFAULT NULL,
  `Rendimiento1` decimal(7,6) DEFAULT NULL,
  `Progreso1` decimal(7,6) DEFAULT NULL,
  `IndicadorEducacion` decimal(7,5) DEFAULT NULL,
  `dane` bigint(12) DEFAULT NULL,
  `bonus` int(2) DEFAULT NULL,
  `IndicadorBonus` decimal(7,5) DEFAULT NULL,
  `nombre` varchar(61) DEFAULT NULL
) ENGINE=MyISAM DEFAULT CHARSET=utf8;

--
-- Volcado de datos para la tabla `IndicadorMultivariadoBonus`
--

INSERT INTO `IndicadorMultivariadoBonus` (`AmbienteEscolar1`, `Rendimiento1`, `Progreso1`, `IndicadorEducacion`, `dane`, `bonus`, `IndicadorBonus`, `nombre`) VALUES
(14.62774, 9.828021, 9.999999, 45.86610, 105001000001, 9, 54.86610, 'INST EDUC JOSE MARIA VELAZ'),
(14.87499, 9.717688, 9.999999, 41.16410, 105001000043, 5, 46.16410, 'INST EDUC BARRIO SANTA CRUZ'),
(16.14830, 9.999999, 9.999999, 48.84252, 105001000108, 0, 48.84252, 'INST EDUC CEFA'),
(14.30831, 9.999999, 9.999999, 42.54177, 105001000132, 0, 42.54177, 'INST EDUC JOSE MARIA BERNAL'),
(14.31359, 9.999999, 9.999999, 41.72232, 105001000141, 0, 41.72232, 'INST EDUC CAMILO TORRES RESTREPO'),
(14.40191, 9.763008, 9.999999, 43.48072, 105001000175, 4, 47.48072, 'INST EDUC GABRIEL RESTREPO MORENO'),
(13.54337, 9.999999, 9.999999, 41.69805, 105001000205, 5, 46.69805, 'INST EDUC SAN AGUSTIN'),
(13.83727, 9.939626, 9.999999, 38.60757, 105001000256, 7, 45.60757, 'INST EDUC HECTOR ABAD GOMEZ'),
(14.20833, 9.999999, 9.999999, 43.43049, 105001000353, 0, 43.43049, 'INST EDUC JUAN DE LA CRUZ POSADA'),
(16.09581, 9.999999, 9.999999, 45.16744, 105001000396, 7, 52.16744, 'INST EDUC JOSE ACEVEDO Y GOMEZ'),
(14.55941, 9.999999, 9.999999, 43.24886, 105001000418, 6, 49.24886, 'INST EDUC LA MILAGROSA'),
(16.12941, 9.999999, 9.999999, 55.02164, 105001000485, 0, 55.02164, 'INST EDUC LA SALLE DE CAMPOAMOR'),
(14.41321, 9.999999, 9.999999, 40.88945, 105001000566, 7, 47.88945, 'INST EDUC CARACAS'),
(14.32976, 9.999999, 9.999999, 50.65718, 105001000621, 10, 60.65718, 'INST EDUC ESCUELA NORMAL SUPERIOR DE MEDELLIN'),
(14.47650, 9.999999, 9.999999, 42.45442, 105001000795, 0, 42.45442, 'INST EDUC ALFREDO COCK ARANGO'),
(13.79214, 9.999999, 9.999999, 40.84026, 105001000809, 6, 46.84026, 'INST EDUC PERPETUO SOCORRO'),
(16.00918, 9.999999, 9.999999, 51.21690, 105001000841, 0, 51.21690, 'INST EDUC JESUS MARIA   EL ROSAL'),
(15.30902, 9.999999, 9.999999, 42.09079, 105001000868, 6, 48.09079, 'INST EDUC REPUBLICA DE VENEZUELA'),
(14.28853, 9.999999, 9.999999, 45.24122, 105001000876, 5, 50.24122, 'INST EDUC JAVIERA LONDOÑO-SEVILLA'),
(15.33523, 9.999999, 9.999999, 46.61513, 105001000931, 0, 46.61513, 'INST EDUC DIEGO ECHAVARRIA MISAS'),
(14.86793, 9.999999, 9.999999, 42.39064, 105001000981, 7, 49.39064, 'INST EDUC GILBERTO ALZATE AVENDAÑO'),
(15.11296, 9.999999, 9.999999, 47.41755, 105001000990, 7, 54.41755, 'INST EDUC GONZALO RESTREPO JARAMILLO'),
(15.36166, 9.999999, 9.999999, 42.52296, 105001001023, 5, 47.52296, 'INST EDUC ANTONIO RICAURTE'),
(14.60551, 9.999999, 9.999999, 42.91666, 105001001121, 8, 50.91666, 'INST EDUC JOSE ROBERTO VASQUEZ'),
(16.50990, 9.999999, 9.999999, 44.69626, 105001001155, 7, 51.69626, 'INST EDUC SAN JUAN BAUTISTA DE LA SALLE'),
(14.18678, 9.999999, 9.999999, 45.56299, 105001001198, 6, 51.56299, 'INST  EDUC AURES'),
(14.97059, 9.999999, 9.999999, 47.33709, 105001001236, 10, 57.33709, 'INST EDUC REPUBLICA DE BARBADOS'),
(15.29648, 9.999999, 9.999999, 39.51912, 105001001252, 9, 48.51912, 'INST EDUC CRISTOBAL COLON'),
(13.70468, 9.811848, 9.999999, 40.43864, 105001001279, 6, 46.43864, 'INST EDUC CIRO MENDIA'),
(17.12478, 9.999999, 9.999999, 48.48515, 105001001317, 0, 48.48515, 'INST EDUC MADRE MARIA MAZARELLO'),
(13.46508, 9.727930, 9.999999, 40.09110, 105001001368, 2, 42.09110, 'INST EDUC ALVARO MARIN VELASCO'),
(13.82478, 9.999999, 9.999999, 44.71616, 105001001473, 4, 48.71616, 'INST EDUC MANUELA BELTRAN'),
(14.54001, 9.999999, 9.999999, 47.77815, 105001001490, 0, 47.77815, 'INST EDUC LOLA GONZALEZ'),
(14.54647, 9.999999, 9.999999, 50.71934, 105001001562, 0, 50.71934, 'INST EDUC JAVIERA LONDOÑO'),
(14.56463, 9.999999, 9.999999, 52.04235, 105001001635, 0, 52.04235, 'INST EDUC YERMO Y PARRES'),
(13.54688, 9.999999, 9.999999, 43.76904, 105001001651, 0, 43.76904, 'INST EDUC JOSE CELESTINO MUTIS'),
(14.95831, 9.954833, 9.999999, 37.65116, 105001001660, 5, 42.65116, 'INST EDUC JOSE ANTONIO GALAN'),
(15.06663, 9.999999, 9.999999, 44.58715, 105001001686, 12, 56.58715, 'INST EDUC RICARDO URIBE ESCOBAR'),
(14.73011, 9.999999, 9.999999, 46.96913, 105001001791, 9, 55.96913, 'INST EDUC GERARDO VALENCIA CANO'),
(15.13280, 9.952031, 9.999999, 42.15899, 105001001805, 10, 52.15899, 'INST EDUC FE Y ALEGRIA POPULAR NRO. 1'),
(15.30917, 9.999999, 9.999999, 50.56170, 105001001848, 0, 50.56170, 'INST EDUC SOR JUANA INES DE LA CRUZ'),
(15.96798, 9.999999, 9.999999, 43.30761, 105001002003, 0, 43.30761, 'INST EDUC SAN ROBERTO BELARMINO'),
(14.08948, 9.999999, 9.999999, 40.22724, 105001002011, 0, 40.22724, 'INST EDUC FEDERICO OZANAM'),
(15.22557, 9.999999, 9.999999, 49.25015, 105001002020, 0, 49.25015, 'INST EDUC RAFAEL URIBE URIBE'),
(13.03641, 9.999999, 9.999999, 49.35152, 105001002038, 8, 57.35152, 'INST EDUC JOSE EUSEBIO CARO'),
(15.03270, 7.740191, 9.999999, 37.83101, 105001002071, 0, 37.83101, 'INST EDUC BENJAMIN HERRERA'),
(14.19994, 9.999999, 9.999999, 42.36458, 105001002101, 7, 49.36458, 'INST EDUC JUAN DE DIOS COCK'),
(14.32943, 9.999999, 9.999999, 45.03741, 105001002119, 0, 45.03741, 'INST EDUC MARCO FIDEL SUAREZ'),
(16.53588, 9.999999, 9.999999, 43.83087, 105001002135, 10, 53.83087, 'INST EDUC RAMON MUNERA LOPERA'),
(16.23027, 9.999999, 9.999999, 45.22747, 105001002305, 6, 51.22747, 'INST EDUC MARISCAL ROBLEDO'),
(14.74787, 9.999999, 9.999999, 42.05391, 105001002348, 6, 48.05391, 'INST EDUC FE Y ALEGRIA SANTO DOMINGO SAVIO'),
(16.40862, 9.999999, 9.999999, 44.54932, 105001002356, 9, 53.54932, 'INST EDUC GABRIEL GARCIA MARQUEZ'),
(14.89673, 9.999999, 9.999999, 48.05247, 105001002461, 0, 48.05247, 'INST EDUC LUCRECIO JARAMILLO VELEZ'),
(14.15939, 9.999999, 9.999999, 44.95789, 105001002470, 7, 51.95789, 'INST EDUC SAN VICENTE DE PAUL'),
(15.32333, 9.999999, 9.999999, 40.98178, 105001002488, 6, 46.98178, 'INST EDUC PEDRO LUIS VILLA'),
(15.20789, 9.999999, 9.999999, 48.35757, 105001002496, 0, 48.35757, 'INST EDUC CRISTO REY'),
(14.16190, 9.999999, 9.999999, 38.06087, 105001002526, 4, 42.06087, 'INST EDUC SAMUEL BARRIENTOS RESTREPO'),
(13.39578, 9.952209, 9.999999, 40.92793, 105001002780, 11, 51.92793, 'INST EDUC SAN FRANCISCO DE ASIS'),
(15.60617, 9.999999, 9.999999, 48.43291, 105001002798, 0, 48.43291, 'INST EDUC MATER DEI'),
(15.11398, 9.999999, 9.999999, 51.19532, 105001002895, 0, 51.19532, 'INST EDUC FRANCISCO ANTONIO ZEA'),
(15.24013, 9.999999, 9.999999, 41.13926, 105001002976, 6, 47.13926, 'INST EDUC LA PIEDAD'),
(14.00047, 9.999999, 9.999999, 48.35939, 105001003123, 0, 48.35939, 'INST EDUC FATIMA NUTIBARA'),
(13.35853, 9.873122, 9.999999, 44.02799, 105001003131, 4, 48.02799, 'INST EDUC REPUBLICA DE HONDURAS'),
(16.17619, 9.999999, 9.999999, 43.08865, 105001003221, 8, 51.08865, 'INST EDUC MANUEL JOSE CAYZEDO'),
(15.56023, 9.999999, 9.999999, 47.65912, 105001003271, 0, 47.65912, 'INST EDUC OCTAVIO HARRY'),
(14.34496, 9.999999, 9.999999, 39.96978, 105001003280, 0, 39.96978, 'INST EDUC MARIA MONTESSORI'),
(14.76329, 9.999999, 9.999999, 43.88374, 105001003298, 9, 52.88374, 'INST EDUC LORENZA VILLEGAS DE SANTOS'),
(15.42040, 9.999999, 9.999999, 42.90639, 105001003387, 6, 48.90639, 'INST EDUC SANTA ROSA DE LIMA'),
(16.73936, 9.999999, 9.999999, 46.47955, 105001003425, 0, 46.47955, 'INST EDUC JOSE MARIA BRAVO MARQUEZ'),
(13.55304, 9.999999, 9.999999, 53.31391, 105001003441, 10, 63.31391, 'INS TEC INDUSTRIAL PASCUAL BRAVO'),
(15.21420, 9.999999, 9.999999, 44.84259, 105001003450, 0, 44.84259, 'INST EDUC ROSALIA SUAREZ'),
(16.41551, 9.999999, 9.999999, 55.14955, 105001004472, 0, 55.14955, 'INST EDUC LA PRESENTACION'),
(14.86820, 9.999999, 9.999999, 51.83747, 105001004791, 0, 51.83747, 'INST EDUC SANTO ANGEL'),
(15.64427, 9.999999, 9.999999, 44.16529, 105001005291, 0, 44.16529, 'INST EDUC CAMPO VALDES'),
(16.06524, 9.999999, 9.999999, 42.88029, 105001005339, 7, 49.88029, 'INST EDUC MONSEÑOR FRANCISCO CRISTOBAL TORO'),
(14.68159, 9.999999, 9.999999, 44.60796, 105001005347, 7, 51.60796, 'INST EDUC TULIO OSPINA'),
(15.58991, 9.999999, 9.999999, 44.04837, 105001005410, 0, 44.04837, 'INST EDUC JUAN DE DIOS CARVAJAL'),
(14.57197, 9.999999, 9.999999, 43.53245, 105001005495, 8, 51.53245, 'INST EDUC REPUBLICA DE URUGUAY'),
(13.50995, 9.694912, 9.999999, 40.95879, 105001005525, 4, 44.95879, 'INST EDUC ENRIQUE OLAYA HERRERA'),
(14.87025, 9.319097, 9.999999, 41.97590, 105001005878, 6, 47.97590, 'INST EDUC FRANCISCO MIRANDA'),
(16.21896, 9.999999, 9.999999, 49.17221, 105001006068, 0, 49.17221, 'INST EDUC DINAMARCA'),
(14.54449, 9.999999, 9.999999, 48.30975, 105001006092, 0, 48.30975, 'INST EDUC JULIO CESAR GARCIA'),
(14.79208, 9.999999, 9.999999, 46.94070, 105001006181, 4, 50.94070, 'INST EDUC PEDRO OCTAVIO AMADO'),
(15.40821, 9.999999, 9.999999, 42.72285, 105001006246, 5, 47.72285, 'INST EDUC JORGE ROBLEDO'),
(13.69532, 9.999999, 9.999999, 41.47282, 105001006483, 0, 41.47282, 'INST EDUC RODRIGO CORREA PALACIO'),
(16.30123, 9.999999, 9.999999, 45.33303, 105001006718, 5, 50.33303, 'INST EDUC ASIA IGNACIANA'),
(16.05994, 9.999999, 9.999999, 46.95748, 105001006980, 0, 46.95748, 'INST EDUC CONCEJO DE MEDELLIN'),
(14.13729, 9.999999, 9.999999, 39.63413, 105001007111, 7, 46.63413, 'INST EDUC SEBASTIAN DE BELALCAZAR'),
(14.80580, 9.999999, 9.999999, 43.07783, 105001007188, 10, 53.07783, 'INST EDUC BENEDIKTA ZUR NIEDEN'),
(15.91167, 9.999999, 9.999999, 43.97739, 105001007218, 10, 53.97739, 'INST EDUC MARIA DE LOS ANGELES CANO MARQUEZ'),
(15.86821, 9.999999, 9.999999, 51.21765, 105001007421, 0, 51.21765, 'INST EDUC OCTAVIO CALDERON MEJIA'),
(13.28076, 9.999999, 9.999999, 40.58054, 105001007439, 0, 40.58054, 'INST EDUC PEDRO CLAVER AGUIRRE'),
(14.58285, 9.999999, 9.999999, 44.91940, 105001007889, 8, 52.91940, 'INST EDUC JUVENIL NUEVO FUTURO'),
(15.01024, 9.638973, 9.999999, 44.06744, 105001007978, 2, 46.06744, 'INST EDUC PABLO NERUDA'),
(15.71927, 9.999999, 9.999999, 41.18036, 105001008249, 6, 47.18036, 'INST EDUC BELLO HORIZONTE'),
(14.21607, 9.999999, 9.999999, 43.91612, 105001008389, 6, 49.91612, 'INST EDUC LORETO'),
(13.12012, 9.999999, 9.999999, 41.41099, 105001008451, 6, 47.41099, 'INST EDUC RAMON GIRALDO CEBALLOS'),
(15.26136, 9.999999, 9.999999, 43.47403, 105001008486, 0, 43.47403, 'INST EDUC CAPILLA DEL ROSARIO'),
(15.59611, 9.999999, 9.999999, 41.96156, 105001009652, 8, 49.96156, 'INST EDUC SAN LORENZO DE ABURRA'),
(15.38033, 9.999999, 9.999999, 48.12561, 105001009695, 8, 56.12561, 'INST EDUC SAN JUAN BOSCO'),
(14.78439, 9.999999, 9.999999, 40.85375, 105001009709, 5, 45.85375, 'INST EDUC FELIX HENAO BOTERO'),
(14.94418, 9.999999, 9.999999, 45.01629, 105001009865, 0, 45.01629, 'INST EDUC HERNAN TORO AGUDELO'),
(14.47104, 9.999999, 9.999999, 42.36492, 105001010111, 0, 42.36492, 'INST EDUC MAESTRO FERNANDO BOTERO'),
(15.35665, 9.999999, 9.999999, 50.98616, 105001010367, 0, 50.98616, 'INST EDUC SANTOS ANGELES CUSTODIOS'),
(16.61152, 9.999999, 9.999999, 45.96084, 105001010448, 0, 45.96084, 'INST EDUC LA ESPERANZA'),
(14.93352, 9.999999, 9.999999, 43.25735, 105001010588, 11, 54.25735, 'INST EDUC FE Y ALEGRIA LA CIMA'),
(15.16291, 9.999999, 9.999999, 44.53288, 105001010855, 0, 44.53288, 'INST EDUC  ANA DE CASTRILLON'),
(12.81713, 9.999999, 9.999999, 39.48493, 105001011011, 7, 46.48493, 'INST EDUC TOMAS CARRASQUILLA NO. 2'),
(15.06463, 9.999999, 9.999999, 50.85513, 105001011061, 0, 50.85513, 'INST EDUC JOSE ASUNCION SILVA'),
(16.90270, 9.999999, 9.999999, 45.29268, 105001011070, 6, 51.29268, 'INST EDUC MERCEDITAS GOMEZ MARTINEZ'),
(15.51863, 9.999999, 9.999999, 45.21954, 105001011088, 7, 52.21954, 'INST EDUC CIUDADELA LAS AMERICAS'),
(15.84326, 9.999999, 9.999999, 46.27512, 105001011363, 5, 51.27512, 'INST EDUC DOCE DE OCTUBRE'),
(15.75316, 9.999999, 9.999999, 45.85479, 105001011461, 7, 52.85479, 'INST EDUC FE Y ALEGRIA AURES'),
(15.06507, 9.999999, 9.999999, 45.68914, 105001011606, 8, 53.68914, 'INST EDUC HORACIO MUÑOZ SUESCUN'),
(14.55437, 9.999999, 9.999999, 44.81321, 105001011631, 6, 50.81321, 'INST EDUC ASAMBLEA DEPARTAMENTAL'),
(15.16113, 9.348871, 9.999999, 41.56805, 105001011690, 4, 45.56805, 'INST EDUC FEDERICO CARRASQUILLA'),
(14.35335, 9.999999, 9.999999, 46.74211, 105001011711, 5, 51.74211, 'INST EDUC FE Y ALEGRIA VILLA DE LA CANDELARIA'),
(15.49360, 9.999999, 9.999999, 46.72012, 105001011886, 10, 56.72012, 'INST EDUC AMERICA'),
(15.33141, 9.999999, 9.999999, 38.17096, 105001012092, 6, 44.17096, 'INST EDUC BARRIO SANTANDER'),
(15.32610, 9.999999, 9.999999, 46.97739, 105001012106, 0, 46.97739, 'INST EDUC JUAN MARIA CESPEDES'),
(14.86325, 9.944036, 9.999999, 42.22635, 105001012165, 4, 46.22635, 'INST EDUC GUADALUPE'),
(14.29408, 9.999999, 9.999999, 43.33141, 105001012696, 7, 50.33141, 'INST EDUC ALFONSO LOPEZ PUMAREJO'),
(16.38094, 8.349318, 9.999999, 41.90931, 105001012700, 4, 45.90931, 'INST EDUC SAN PABLO'),
(15.21854, 9.079768, 9.999999, 41.71416, 105001013013, 9, 50.71416, 'INST EDUC PICACHITO'),
(14.64238, 9.999999, 9.999999, 37.37844, 105001013072, 0, 37.37844, 'INST EDUC MAESTRO PEDRO NEL GOMEZ'),
(15.74416, 9.999999, 9.999999, 49.93334, 105001013145, 10, 59.93334, 'INST EDUC SANTA TERESA'),
(14.80682, 9.999999, 9.999999, 51.37436, 105001013340, 9, 60.37436, 'INST EDUC INEM JOSE FELIX DE RESTREPO'),
(15.31633, 9.999999, 9.999999, 43.82777, 105001013439, 0, 43.82777, 'INST EDUC FELIX DE BEDOUT MORENO'),
(14.89634, 9.999999, 9.999999, 36.29400, 105001013447, 5, 41.29400, 'INST EDUC JOSE HORACIO BETANCUR'),
(14.55362, 9.941082, 9.999999, 42.00767, 105001013633, 6, 48.00767, 'INST EDUC LOMA HERMOSA'),
(13.92042, 9.752600, 9.999999, 41.30176, 105001014052, 5, 46.30176, 'INST EDUC NUEVO HORIZONTE'),
(15.59268, 9.999999, 9.999999, 45.75558, 105001014397, 8, 53.75558, 'INST EDUC LUIS LOPEZ DE MESA'),
(15.87757, 9.999999, 9.999999, 49.06477, 105001014851, 10, 59.06477, 'INST EDUC JESUS REY'),
(15.75806, 9.999999, 9.999999, 45.10094, 105001015091, 6, 51.10094, 'INST EDUC FE Y ALEGRIA GRANIZAL'),
(13.95647, 9.670747, 9.999999, 42.51971, 105001015148, 4, 46.51971, 'INST EDUC CAMILO MORA CARRASQUILLA'),
(15.16377, 9.779094, 9.291544, 34.23441, 105001015172, 7, 41.23441, 'INST EDUC EDUARDO SANTOS'),
(14.95624, 8.880032, 9.999999, 38.25034, 105001015211, 5, 43.25034, 'INST EDUC LA LIBERTAD'),
(15.04664, 9.580245, 9.999999, 39.30857, 105001015229, 8, 47.30857, 'INST EDUC VILLA TURBAY'),
(15.60769, 9.609399, 9.999999, 37.28206, 105001015831, 9, 46.28206, 'INST EDUC VALLEJUELOS'),
(13.54636, 9.999999, 9.999999, 45.47904, 105001016420, 8, 53.47904, 'INST EDUC TRICENTENARIO'),
(14.05996, 9.999999, 9.999999, 44.90882, 105001017132, 6, 50.90882, 'INST EDUC FE Y ALEGRIA SAN JOSE'),
(15.93491, 8.191042, 9.999999, 41.65207, 105001017876, 5, 46.65207, 'INST EDUC FRANCISCO LUIS HERNANDEZ BETANCUR'),
(15.17226, 9.999999, 9.999999, 43.89060, 105001017965, 0, 43.89060, 'INST EDUC MANUEL JOSE GOMEZ S'),
(15.72366, 9.999999, 9.999999, 43.69061, 105001018759, 6, 49.69061, 'INST EDUC FE Y ALEGRIA EL LIMONAR'),
(15.55210, 9.999999, 9.999999, 43.90975, 105001019011, 9, 52.90975, 'INST EDUC ESTELLA VELEZ LONDOÑO ANTES SAUL LONDOÑO LONDOÑO'),
(16.05717, 9.999999, 9.999999, 41.11765, 105001019062, 0, 41.11765, 'INST EDUC ALFONSO MORA NARANJO'),
(14.33034, 9.930119, 9.999999, 36.67292, 105001019089, 8, 44.67292, 'INST EDUC VIDA PARA TODOS'),
(15.31636, 9.999999, 9.999999, 42.83233, 105001019194, 4, 46.83233, 'INST EDUC EL PEDREGAL'),
(15.14463, 9.999999, 9.999999, 42.17718, 105001019305, 4, 46.17718, 'INST EDUC LA AVANZADA'),
(15.31135, 9.999999, 9.999999, 43.87285, 105001019330, 7, 50.87285, 'INST EDUC BARRIO SANTA MARGARITA'),
(15.45823, 9.999999, 9.999999, 46.49857, 105001019429, 6, 52.49857, 'INST EDUC LUIS CARLOS GALAN SARMIENTO'),
(15.76398, 9.541325, 9.999999, 43.04482, 105001019453, 8, 51.04482, 'INST EDUC VILLA DEL SOCORRO'),
(15.79173, 9.042910, 9.999999, 42.15362, 105001019534, 6, 48.15362, 'INST EDUC RODRIGO LARA BONILLA'),
(14.41004, 9.999999, 9.999999, 45.22255, 105001019674, 7, 52.22255, 'INST EDUC MIRAFLORES'),
(14.17447, 9.445062, 9.999999, 40.01582, 105001019798, 4, 44.01582, 'INST EDUC ALFONSO LOPEZ'),
(12.70367, 9.999999, 9.999999, 38.42924, 105001019925, 6, 44.42924, 'INST EDUC ALCALDIA DE MEDELLIN'),
(16.24962, 9.999999, 9.999999, 44.94688, 105001020028, 0, 44.94688, 'INST EDUC EL SALVADOR'),
(15.33219, 9.999999, 9.999999, 50.22580, 105001020052, 0, 50.22580, 'INST EDUC RAFAEL GARCIA HERREROS'),
(16.29138, 9.999999, 9.999999, 45.63086, 105001020273, 6, 51.63086, 'INST EDUC CIUDAD DON BOSCO'),
(14.74485, 9.931765, 9.999999, 42.13463, 105001021199, 8, 50.13463, 'INST EDUC LA INDEPENDENCIA'),
(15.50908, 9.999999, 9.999999, 48.88913, 105001021547, 9, 57.88913, 'INST EDUC VILLA FLORA'),
(14.86966, 9.999999, 9.999999, 42.23626, 105001021636, 7, 49.23626, 'INST EDUC KENNEDY'),
(14.40395, 9.694529, 9.999999, 40.24437, 105001021873, 8, 48.24437, 'INST EDUC SOL DE ORIENTE'),
(14.85031, 9.971362, 9.999999, 43.64099, 105001022101, 8, 51.64099, 'INST EDUC LAS NIEVES'),
(16.06757, 9.748873, 9.999999, 42.44696, 105001023965, 4, 46.44696, 'INST EDUC FINCA LA MESA'),
(14.56679, 9.999999, 9.999999, 43.43411, 105001024073, 6, 49.43411, 'INST EDUC CASD'),
(13.82279, 9.999999, 9.999999, 40.77325, 105001025780, 7, 47.77325, 'INST EDUC PBRO ANTONIO JOSE BERNAL LONDOÑO'),
(15.47460, 9.999999, 9.999999, 44.99013, 105001025844, 16, 60.99013, 'INST EDUC ANTONIO DERKA - SANTO DOMINGO'),
(13.91253, 9.999999, 9.999999, 41.99402, 205001001389, 16, 57.99402, 'CENT EDUC MEDIA LUNA'),
(14.79259, 9.999999, 9.999999, 44.66387, 205001001672, 5, 49.66387, 'INST EDUC MONSEÑOR VICTOR WIEDEMANN'),
(15.74168, 9.682343, 9.999999, 44.54789, 205001001966, 15, 59.54789, 'CENT EDUC LA ALDEA'),
(13.73035, 9.999999, 9.999999, 41.14471, 205001002199, 4, 45.14471, 'INST EDUC CARLOS ALBERTO CALDERON'),
(14.52774, 9.682343, 9.999999, 40.85642, 205001002768, 19, 59.85642, 'CENT EDUC EL SALADO'),
(15.36388, 9.898322, 9.999999, 39.88436, 205001006119, 9, 48.88436, 'CENT EDUC JUAN ANDRES PATINO'),
(18.12456, 9.999999, 9.999999, 49.57834, 205001006224, 16, 65.57834, 'CENT EDUC PERMANENTE MAZO'),
(14.18362, 9.918334, 9.999999, 42.65741, 205001006232, 7, 49.65741, 'INST EDUC  SAN CRISTOBAL'),
(15.84205, 9.999999, 9.999999, 46.77450, 205001006526, 6, 52.77450, 'INST EDUC MARINA ORTH'),
(13.05223, 9.926314, 9.999999, 42.76605, 205001007735, 2, 44.76605, 'INST EDUC HECTOR ROGELIO MONTOYA'),
(15.10537, 9.999999, 9.999999, 44.94292, 205001009797, 9, 53.94292, 'INST EDUC MANUEL J. BETANCUR'),
(14.87124, 9.671130, 9.999999, 43.25774, 205001009916, 14, 57.25774, 'CENT EDUC EL MANZANILLO'),
(14.55411, 9.999999, 9.999999, 40.64129, 205001010264, 5, 45.64129, 'INST EDUC PRESBITERO JUAN J. ESCOBAR'),
(15.50516, 9.999999, 9.999999, 43.09233, 205001010281, 7, 50.09233, 'INST  EDUC ALFONSO UPEGUI OROZCO'),
(14.35802, 9.999999, 9.999999, 48.45627, 205001011031, 7, 55.45627, 'INST EDUC SANTA ELENA'),
(15.10303, 9.999999, 9.999999, 46.05215, 205001012534, 5, 51.05215, 'INST EDUC SAN ANTONIO DE PRADO'),
(15.49461, 9.999999, 9.999999, 43.15038, 205001014308, 12, 55.15038, 'CENT EDUC LAS PLAYAS'),
(12.98499, 9.738579, 9.999999, 36.57985, 205001018745, 4, 40.57985, 'INST EDUC EL LIMONAR'),
(15.56771, 9.999999, 9.999999, 49.02910, 205001019318, 7, 56.02910, 'INST EDUC SAN JOSE OBRERO'),
(15.49654, 9.999999, 9.999999, 46.63532, 205001019989, 11, 57.63532, 'CENT EDUC TRAVESIAS EL MORRO'),
(14.59046, 9.999999, 9.999999, 43.83712, 205001021452, 9, 52.83712, 'CENT EDUC PEDREGAL ALTO'),
(13.56977, 9.999999, 9.999999, 47.00488, 305001004854, 8, 55.00488, 'INST EDUC ALVERNIA'),
(16.96494, 9.999999, 9.999999, 52.50562, 305001007594, 10, 62.50562, 'INST EDUC SANTA JUANA DE LESTONAC'),
(14.30097, 9.999999, 9.999999, 43.80186, 305001015287, 10, 53.80186, 'INST EDUC LA CANDELARIA'),
(14.17225, 9.999999, 9.999999, 41.57726, 305001015686, 0, 41.57726, 'INST EDUC MAESTRO ARENAS BETANCUR'),
(15.54243, 9.999999, 9.999999, 44.70715, 305001016542, 10, 54.70715, 'INST EDUC EL TRIUNFO SANTA TERESA'),
(15.77010, 8.760565, 9.999999, 42.30133, 305001018022, 6, 48.30133, 'INST EDUC FE Y ALEGRIA LUIS AMIGO'),
(15.35062, 9.999999, 9.999999, 47.76553, 305001018839, 0, 47.76553, 'INST EDUC MADRE LAURA'),
(14.31075, 9.932243, 9.999999, 42.95467, 305001019690, 8, 50.95467, 'INST EDUC ARZOBISPO TULIO BOTERO SALAZAR'),
(16.03933, 9.999999, 9.999999, 43.73827, 305001022232, 8, 51.73827, 'INST EDUC  BARRIO OLAYA HERRERA');

-- --------------------------------------------------------

--
-- Estructura de tabla para la tabla `Progreso2`
--

CREATE TABLE IF NOT EXISTS `Progreso2` (
  `dane` bigint(12) DEFAULT NULL,
  `Progresolen11` decimal(8,6) DEFAULT NULL,
  `Progresomat11` decimal(7,5) DEFAULT NULL,
  `Progresolen5` decimal(7,5) DEFAULT NULL,
  `Progresolen9` decimal(7,5) DEFAULT NULL,
  `Progresomat5` decimal(7,5) DEFAULT NULL,
  `Progresomat9` decimal(8,6) DEFAULT NULL,
  `colegio` varchar(45) DEFAULT NULL
) ENGINE=MyISAM DEFAULT CHARSET=utf8;

--
-- Volcado de datos para la tabla `Progreso2`
--

INSERT INTO `Progreso2` (`dane`, `Progresolen11`, `Progresomat11`, `Progresolen5`, `Progresolen9`, `Progresomat5`, `Progresomat9`, `colegio`) VALUES
(105001000141, 32.107530, 35.33332, 60.98409, 54.99740, 38.91196, 52.811040, 'INST EDUC CAMILO TORRES RESTREPO'),
(105001000175, 50.079020, 52.55022, 50.25091, 51.27511, 50.37714, 51.020090, 'INST EDUC GABRIEL RESTREPO MORENO'),
(105001000396, 37.612900, 52.55022, 56.81988, 57.05645, 44.87715, 57.056450, 'INST EDUC JOSE ACEVEDO Y GOMEZ'),
(105001000418, 50.869170, 50.16667, 39.86132, 56.06320, 58.34931, 31.865880, 'INST EDUC LA MILAGROSA'),
(105001000485, 60.890110, 63.71774, 76.83761, 72.81884, 74.89516, 72.818840, 'INST EDUC LA SALLE DE CAMPOAMOR'),
(105001000566, 3.204301, 55.95052, 45.85112, 68.75519, 50.00000, 43.118280, 'INST EDUC CARACAS'),
(105001000868, 42.532700, 50.05107, 51.41257, 26.48387, 54.28402, 26.483870, 'INST EDUC REPUBLICA DE VENEZUELA'),
(105001000876, 60.890110, 50.85007, 56.72604, 51.85687, 53.74805, 50.474090, 'INST EDUC JAVIERA LONDOÑO-SEVILLA'),
(105001001155, 51.817360, 54.67541, 44.66644, 26.00550, 53.09793, 45.059960, 'INST EDUC SAN JUAN BAUTISTA DE LA SALLE'),
(105001001236, 60.890110, 50.10484, 62.73996, 46.98526, 59.07509, 62.230360, 'INST EDUC REPUBLICA DE BARBADOS'),
(105001001252, 10.086020, 52.55022, 36.59131, 55.95338, 28.54492, 43.901890, 'INST EDUC CRISTOBAL COLON'),
(105001001279, 42.532700, 50.05107, 47.74434, 31.35982, 43.40525, 48.903520, 'INST EDUC CIRO MENDIA'),
(105001001473, 60.890110, 50.85007, 58.90958, 56.62478, 55.53006, 36.433650, 'INST EDUC MANUELA BELTRAN'),
(105001001651, 37.612900, 56.54557, 54.05738, 58.29776, 56.78852, 41.954350, 'INST EDUC JOSE CELESTINO MUTIS'),
(105001001660, 37.612900, 31.33151, 23.32435, 31.93456, 28.58911, 50.419810, 'INST EDUC JOSE ANTONIO GALAN'),
(105001001686, 37.554500, 54.67541, 32.50911, 64.11205, 55.27041, 73.184080, 'INST EDUC RICARDO URIBE ESCOBAR'),
(105001001791, 46.714150, 56.63058, 66.33516, 55.48241, 65.20660, 34.065170, 'INST EDUC GERARDO VALENCIA CANO'),
(105001001805, 50.079020, 50.72992, 51.29347, 30.25806, 53.28463, 25.032260, 'INST EDUC FE Y ALEGRIA POPULAR NRO. 1'),
(105001001848, 42.872340, 49.75956, 65.41885, 77.29032, 63.59212, 80.193550, 'INST EDUC SOR JUANA INES DE LA CRUZ'),
(105001002011, 33.250000, 40.14207, 39.98083, 66.45726, 37.17724, 42.533010, 'INST EDUC FEDERICO OZANAM'),
(105001002038, 59.075090, 83.31451, 52.00727, 73.95112, 52.35373, 69.874340, 'INST EDUC JOSE EUSEBIO CARO'),
(105001002119, 37.612900, 50.85007, 73.99450, 42.50390, 63.89894, 46.251950, 'INST EDUC MARCO FIDEL SUAREZ'),
(105001002135, 48.058360, 52.55022, 44.12097, 29.70376, 50.00000, 40.833950, 'INST EDUC RAMON MUNERA LOPERA'),
(105001002348, 42.872340, 50.85007, 51.29443, 24.01049, 50.64721, 40.317630, 'INST EDUC FE Y ALEGRIA SANTO DOMINGO SAVIO'),
(105001002488, 50.079020, 54.67541, 17.54095, 50.33524, 17.69079, 50.000000, 'INST EDUC PEDRO LUIS VILLA'),
(105001002526, 10.086020, 50.85007, 38.25855, 39.64458, 50.48661, 33.272020, 'INST EDUC SAMUEL BARRIENTOS RESTREPO'),
(105001002780, 50.711140, 31.33151, 50.30413, 50.15365, 50.11174, 50.097780, 'INST EDUC SAN FRANCISCO DE ASIS'),
(105001002895, 77.936300, 63.71774, 63.70694, 65.13979, 56.37256, 54.129030, 'INST EDUC FRANCISCO ANTONIO ZEA'),
(105001002976, 10.086020, 32.80204, 52.04018, 53.89634, 55.05701, 53.339720, 'INST EDUC LA PIEDAD'),
(105001003123, 77.830280, 49.03825, 65.98809, 65.32447, 46.96807, 54.276600, 'INST EDUC FATIMA NUTIBARA'),
(105001003131, 51.935890, 52.55022, 51.95968, 61.04787, 50.75368, 65.324470, 'INST EDUC REPUBLICA DE HONDURAS'),
(105001003221, 50.079020, 52.55022, 53.44086, 23.23417, 50.83962, 16.190530, 'INST EDUC MANUEL JOSE CAYZEDO'),
(105001004791, 52.607930, 85.27419, 62.41730, 49.91499, 50.00000, 48.979910, 'INST EDUC SANTO ANGEL'),
(105001005291, 51.935890, 52.55022, 55.79602, 53.10432, 38.91196, 28.841510, 'INST EDUC CAMPO VALDES'),
(105001005339, 37.612900, 50.85007, 37.55437, 36.30693, 50.00000, 49.558290, 'INST EDUC MONSEÑOR FRANCISCO CRISTOBAL TORO'),
(105001005410, 76.620260, 49.70348, 36.77634, 38.29285, 37.00743, 25.122320, 'INST EDUC JUAN DE DIOS CARVAJAL'),
(105001005495, 3.204301, 52.55022, 56.22332, 67.89247, 58.84077, 62.387100, 'INST EDUC REPUBLICA DE URUGUAY'),
(105001005525, 50.018820, 31.33151, 50.16762, 51.02644, 50.42076, 53.489910, 'INST EDUC ENRIQUE OLAYA HERRERA'),
(105001005878, 50.072580, 50.85007, 51.50856, 38.66510, 51.87402, 32.367930, 'INST EDUC FRANCISCO MIRANDA'),
(105001006092, 63.968150, 54.67541, 64.52014, 71.90986, 56.58527, 42.114360, 'INST EDUC JULIO CESAR GARCIA'),
(105001006181, 60.890110, 54.67541, 52.46522, 52.51879, 50.93169, 68.890950, 'INST EDUC PEDRO OCTAVIO AMADO'),
(105001006246, 77.830280, 52.55022, 37.22581, 20.75743, 34.86021, 26.197910, 'INST EDUC JORGE ROBLEDO'),
(105001006483, 37.612900, 35.09288, 52.55471, 50.19769, 55.79602, 50.022810, 'INST EDUC RODRIGO CORREA PALACIO'),
(105001007188, 37.612900, 55.95052, 46.31183, 54.08036, 34.80265, 53.570310, 'INST EDUC BENEDIKTA ZUR NIEDEN'),
(105001007218, 37.612900, 40.14207, 50.13686, 56.12054, 50.54744, 58.840770, 'INST EDUC MARIA DE LOS ANGELES CANO MARQUEZ'),
(105001007421, 77.830280, 56.63058, 60.93706, 77.03649, 64.44892, 34.581950, 'INST EDUC OCTAVIO CALDERON MEJIA'),
(105001007439, 10.086020, 52.55022, 47.67742, 53.80201, 60.18278, 52.534670, 'INST EDUC PEDRO CLAVER AGUIRRE'),
(105001007889, 52.344260, 56.63058, 41.47227, 41.66218, 51.13142, 68.998490, 'INST EDUC JUVENIL NUEVO FUTURO'),
(105001007978, 51.935890, 50.85007, 51.09528, 51.45984, 51.16129, 50.669090, 'INST EDUC PABLO NERUDA'),
(105001011061, 77.830280, 56.63058, 57.33993, 68.34874, 56.18396, 64.820140, 'INST EDUC JOSE ASUNCION SILVA'),
(105001011070, 37.612900, 50.85007, 51.45984, 56.63733, 51.99142, 40.918380, 'INST EDUC MERCEDITAS GOMEZ MARTINEZ'),
(105001011088, 50.711140, 50.51004, 51.26425, 53.76843, 50.78222, 52.449480, 'INST EDUC CIUDADELA LAS AMERICAS'),
(105001011606, 42.872340, 52.55022, 50.88342, 62.31734, 54.19811, 57.185120, 'INST EDUC HORACIO MUÑOZ SUESCUN'),
(105001011711, 60.890110, 51.94645, 68.00000, 59.73222, 55.56580, 40.755530, 'INST EDUC FE Y ALEGRIA VILLA DE LA CANDELARIA'),
(105001012092, 51.935890, 55.95052, 28.19292, 53.06027, 41.93597, -48.009560, 'INST EDUC BARRIO SANTANDER'),
(105001012106, 50.869170, 50.85007, 64.47213, 66.89780, 41.48867, 63.518250, 'INST EDUC JUAN MARIA CESPEDES'),
(105001013145, 83.174360, 68.51821, 43.96825, 62.59488, 35.52787, 50.000000, 'INST EDUC SANTA TERESA'),
(105001013439, 60.890110, 55.69550, 53.65401, 52.58694, 42.50390, 3.836016, 'INST EDUC FELIX DE BEDOUT MORENO'),
(105001014851, 77.936300, 56.63058, 47.53653, 49.22392, 47.98859, 47.413060, 'INST EDUC JESUS REY'),
(105001015148, 50.072580, 50.10484, 55.46422, 53.97541, 30.35847, 60.601080, 'INST EDUC CAMILO MORA CARRASQUILLA'),
(105001015172, 50.869170, 31.33151, 25.12232, 48.32335, 17.51691, -38.862230, 'INST EDUC EDUARDO SANTOS'),
(105001015211, 10.086020, 50.85007, 26.75700, 46.22491, 46.91851, 56.934750, 'INST EDUC LA LIBERTAD'),
(105001017876, 50.000000, 31.33151, 50.41904, 50.00000, 50.22810, 50.005370, 'INST EDUC FRANCISCO LUIS HERNANDEZ BETANCUR'),
(105001018759, 53.042110, 50.21236, 35.71875, 34.46698, 47.11728, 50.000000, 'INST EDUC FE Y ALEGRIA EL LIMONAR'),
(105001019674, 42.872340, 54.67541, 45.52688, 64.12241, 45.05996, 60.984090, 'INST EDUC MIRAFLORES'),
(105001020273, 55.215860, 50.00000, 20.13203, 51.79228, 52.58065, 51.294430, 'INST EDUC CIUDAD DON BOSCO'),
(105001021547, 37.612900, 49.75956, 61.40495, 73.05108, 57.05603, 78.583340, 'INST EDUC VILLA FLORA'),
(105001021873, 42.872340, 31.33151, 51.44513, 50.46095, 51.19485, 31.744480, 'INST EDUC SOL DE ORIENTE'),
(205001001672, 48.058360, 50.85007, 61.13553, 39.32541, 48.87348, 53.703640, 'INST EDUC MONSEÑOR VICTOR WIEDEMANN'),
(205001002199, 60.890110, 31.33151, 39.44008, 61.59951, 24.00107, 61.135530, 'INST EDUC CARLOS ALBERTO CALDERON'),
(205001006232, 50.869170, 50.85007, 53.88346, 47.31158, 48.42564, 39.246300, 'INST EDUC  SAN CRISTOBAL'),
(205001007735, 51.935890, 50.85007, 53.04024, 53.90601, 50.53764, 53.906010, 'INST EDUC HECTOR ROGELIO MONTOYA'),
(205001010264, 37.612900, 52.46522, 52.84457, 35.14503, 28.02024, 38.621730, 'INST EDUC PRESBITERO JUAN J. ESCOBAR'),
(205001019318, 86.130870, 57.31064, 47.14876, 70.57021, 35.07778, 55.445050, 'INST EDUC SAN JOSE OBRERO'),
(305001004854, 63.968150, 46.15300, 65.74802, 56.16298, 58.27239, 57.703720, 'INST EDUC ALVERNIA'),
(305001007594, 48.058360, 55.95052, 70.11975, 55.77050, 68.37269, 67.311490, 'INST EDUC SANTA JUANA DE LESTONAC'),
(305001015287, 50.869170, 52.55022, 60.01917, 35.85310, 54.45296, 46.393930, 'INST EDUC LA CANDELARIA'),
(305001018022, 50.079020, 50.85007, 50.90868, 28.79784, 51.30376, 42.049190, 'INST EDUC FE Y ALEGRIA LUIS AMIGO'),
(305001018839, 37.612900, 49.75956, 53.28463, 67.81055, 45.47432, 76.715840, 'INST EDUC MADRE LAURA'),
(305001019690, 60.890110, 54.67541, 53.88041, 23.18262, 53.11685, 37.297030, 'INST EDUC ARZOBISPO TULIO BOTERO SALAZAR');

-- --------------------------------------------------------

--
-- Estructura de tabla para la tabla `Rendimiento`
--

CREATE TABLE IF NOT EXISTS `Rendimiento` (
  `dane` bigint(12) DEFAULT NULL,
  `tema_matematica` decimal(5,3) DEFAULT NULL,
  `tema_lenguaje` decimal(5,3) DEFAULT NULL,
  `prmat_alto_07_p` decimal(8,7) DEFAULT NULL,
  `prlen_alto_07_p` decimal(8,7) DEFAULT NULL,
  `tema_lenguaje_d` decimal(5,3) DEFAULT NULL,
  `tema_matematica_d` decimal(5,3) DEFAULT NULL,
  `prmat_alto_10_p` decimal(8,7) DEFAULT NULL,
  `prlen_alto_10_p` decimal(8,7) DEFAULT NULL,
  `aprobación5` decimal(8,5) DEFAULT NULL,
  `aprobación9` decimal(8,5) DEFAULT NULL,
  `rtextra` decimal(8,5) DEFAULT NULL,
  `avanzado_m9` int(1) DEFAULT NULL,
  `avanzado_m5` int(2) DEFAULT NULL,
  `avanzado_l9` int(2) DEFAULT NULL,
  `avanzado_l5` int(2) DEFAULT NULL
) ENGINE=MyISAM DEFAULT CHARSET=utf8;

--
-- Volcado de datos para la tabla `Rendimiento`
--

INSERT INTO `Rendimiento` (`dane`, `tema_matematica`, `tema_lenguaje`, `prmat_alto_07_p`, `prlen_alto_07_p`, `tema_lenguaje_d`, `tema_matematica_d`, `prmat_alto_10_p`, `prlen_alto_10_p`, `aprobación5`, `aprobación9`, `rtextra`, `avanzado_m9`, `avanzado_m5`, `avanzado_l9`, `avanzado_l5`) VALUES
(105001000132, 44.480, 49.190, 0.0000000, 0.0000000, 47.275, 45.160, 1.2820510, 0.0000000, 85.00000, 60.86956, 98.71795, 0, 13, 2, 4),
(105001000141, 47.670, 47.140, 0.0000000, 0.0000000, 45.105, 42.330, 0.0000000, 0.0000000, 100.00000, 100.00000, 92.10526, 0, 3, 0, 7),
(105001000175, 44.480, 45.010, 0.0000000, 0.0000000, 44.050, 42.420, 0.0000000, 0.0000000, 77.23391, 91.52542, 78.86179, 0, 4, 0, 4),
(105001000353, 44.480, 47.140, 0.0000000, 0.0000000, 46.270, 42.420, 0.0000000, 0.0000000, 95.45576, 91.33372, 94.94949, 1, 7, 1, 15),
(105001000396, 44.480, 47.140, 0.0000000, 0.0000000, 46.160, 42.420, 0.0000000, 0.0000000, 97.07317, 89.34911, 72.07792, 0, 5, 0, 9),
(105001000418, 40.820, 45.010, 0.0000000, 0.0000000, 46.160, 43.715, 2.0000000, 0.0000000, 90.69768, 81.92091, 95.00000, 0, 6, 0, 6),
(105001000485, 47.670, 47.140, 0.0000000, 0.0000000, 46.270, 47.590, 1.2269940, 0.0000000, 97.69231, 79.08497, 87.73006, 7, 28, 4, 24),
(105001000566, 44.480, 47.140, 0.0000000, 0.0000000, 43.930, 45.160, 0.0000000, 0.0000000, 93.69928, 94.73685, 73.52941, 0, 9, 6, 9),
(105001000795, 44.480, 45.010, 0.0000000, 0.0000000, 44.050, 39.530, 0.0000000, 0.0000000, 97.59780, 99.32433, 87.85047, 0, 9, 0, 7),
(105001000841, 53.200, 55.250, 6.4102570, 2.5641030, 50.310, 50.140, 2.3255810, 0.0000000, 95.38461, 88.81579, 100.00000, 2, 16, 3, 26),
(105001000868, 40.820, 45.010, 0.0000000, 0.0000000, 43.930, 42.330, 0.0000000, 0.0000000, 96.42857, 95.38461, 84.05797, 0, 8, 0, 12),
(105001000876, 44.480, 47.140, 0.0000000, 0.0000000, 46.270, 42.330, 0.0000000, 0.0000000, 95.91837, 86.42857, 80.18018, 0, 8, 0, 7),
(105001000931, 44.480, 49.190, 0.4219409, 0.4219409, 46.270, 47.590, 1.4084510, 0.0000000, 92.56757, 78.49829, 95.30516, 0, 10, 0, 18),
(105001000981, 44.480, 45.010, 0.0000000, 0.0000000, 44.050, 42.420, 0.3367003, 0.0000000, 93.27592, 74.29578, 80.80808, 1, 8, 1, 11),
(105001000990, 44.480, 47.140, 0.0000000, 0.0000000, 46.270, 42.330, 0.0000000, 0.0000000, 98.86364, 97.83784, 91.30435, 1, 15, 7, 15),
(105001001023, 47.670, 49.190, 0.0000000, 0.0000000, 44.050, 42.420, 0.0000000, 0.0000000, 97.70115, 98.68421, 98.50746, 0, 13, 0, 11),
(105001001121, 44.480, 49.190, 0.0000000, 0.0000000, 46.160, 42.420, 0.0000000, 0.0000000, 97.88733, 80.00000, 94.73685, 1, 11, 1, 11),
(105001001155, 44.480, 45.010, 0.0000000, 0.0000000, 46.215, 45.010, 1.7241380, 0.0000000, 88.52459, 87.61062, 87.93104, 2, 2, 0, 3),
(105001001198, 44.480, 47.140, 0.0000000, 0.0000000, 46.270, 45.010, 0.0000000, 0.0000000, 87.80488, 85.71429, 87.50000, 0, 2, 0, 8),
(105001001236, 40.820, 47.140, 0.0000000, 0.0000000, 46.270, 42.420, 2.3255810, 0.0000000, 85.61151, 85.13514, 88.37209, 0, 10, 0, 12),
(105001001252, 44.480, 47.140, 0.0000000, 0.0000000, 44.050, 42.420, 0.0000000, 0.0000000, 94.87180, 81.05263, 92.30769, 0, 6, 1, 4),
(105001001279, 40.820, 45.010, 0.0000000, 0.5714285, 43.930, 42.330, 0.0000000, 0.0000000, 97.89916, 61.59539, 69.42675, 0, 9, 0, 11),
(105001001368, 40.820, 48.165, 0.0000000, 0.0000000, 44.050, 40.930, 0.0000000, 0.0000000, 94.11765, 86.79245, 79.41177, 0, 0, 0, 6),
(105001001473, 44.480, 47.140, 0.0000000, 0.0000000, 46.270, 42.330, 1.3513510, 0.0000000, 90.79755, 86.09272, 85.13514, 0, 7, 0, 10),
(105001001490, 44.480, 49.190, 0.0000000, 0.0000000, 48.280, 45.160, 0.0000000, 0.7272727, 96.47887, 90.78213, 97.09091, 1, 14, 3, 17),
(105001001562, 44.480, 49.190, 0.0000000, 0.3717472, 50.310, 47.590, 0.3125000, 0.3125000, 100.00000, 97.43590, 95.31250, 1, 9, 4, 9),
(105001001635, 46.075, 49.190, 0.7692308, 0.0000000, 48.370, 47.590, 2.5316460, 0.0000000, 96.03175, 87.10043, 98.10126, 5, 22, 4, 16),
(105001001651, 44.480, 47.140, 0.0000000, 0.0000000, 46.160, 46.375, 0.0000000, 0.0000000, 92.10526, 97.61904, 93.90244, 4, 9, 2, 7),
(105001001660, 44.480, 47.140, 0.0000000, 0.0000000, 46.160, 39.530, 0.0000000, 0.0000000, 89.38053, 75.00000, 86.30137, 0, 3, 0, 4),
(105001001686, 44.480, 45.010, 0.0000000, 0.0000000, 41.640, 45.010, 0.0000000, 0.0000000, 88.46153, 77.41935, 87.50000, 0, 10, 0, 0),
(105001001791, 44.480, 51.210, 0.0000000, 0.0000000, 46.160, 47.590, 1.9607840, 0.0000000, 92.18384, 70.58823, 96.07843, 0, 18, 0, 13),
(105001001805, 42.650, 45.010, 0.0000000, 0.0000000, 44.050, 42.330, 0.0000000, 0.0000000, 95.17544, 84.42623, 89.15663, 0, 2, 0, 3),
(105001001848, 47.670, 49.190, 1.6949150, 0.0000000, 46.270, 45.160, 4.2253520, 0.0000000, 83.05085, 86.17021, 98.59155, 8, 15, 5, 18),
(105001002003, 44.480, 51.210, 0.0000000, 0.0000000, 46.270, 45.160, 0.0000000, 0.0000000, 100.00000, 81.39535, 94.11765, 0, 6, 4, 7),
(105001002011, 47.670, 49.190, 0.5524862, 0.0000000, 46.160, 42.420, 0.4149378, 0.0000000, 94.68085, 89.08450, 75.93361, 0, 8, 2, 3),
(105001002038, 47.670, 47.140, 0.0000000, 0.0000000, 46.215, 50.420, 0.0000000, 0.0000000, 94.26230, 91.66667, 90.47619, 0, 13, 10, 8),
(105001002071, 44.480, 45.010, 0.0000000, 0.0000000, 41.640, 36.500, 0.0000000, 0.0000000, 91.39785, 73.61111, 22.22222, 2, 0, 2, 2),
(105001002101, 47.670, 49.190, 0.0000000, 0.0000000, 46.215, 42.420, 1.3513510, 0.0000000, 92.07317, 84.11215, 100.00000, 2, 11, 0, 6),
(105001002119, 44.480, 47.140, 0.0000000, 0.0000000, 46.160, 42.330, 0.9661835, 0.0000000, 88.65079, 77.27273, 73.42995, 1, 12, 1, 23),
(105001002135, 44.480, 51.210, 0.0000000, 0.0000000, 46.270, 42.420, 0.0000000, 1.6949150, 92.54340, 94.62366, 79.66102, 0, 2, 0, 2),
(105001002305, 44.480, 45.010, 0.0000000, 0.0000000, 46.160, 42.330, 0.0000000, 0.0000000, 97.77778, 87.17949, 85.33334, 0, 2, 0, 5),
(105001002348, 44.480, 49.190, 1.5267180, 0.0000000, 46.270, 42.330, 0.6535948, 0.0000000, 82.85715, 94.31818, 88.23530, 0, 4, 0, 6),
(105001002356, 44.480, 47.140, 0.0000000, 0.0000000, 46.160, 42.420, 0.0000000, 0.0000000, 98.69546, 91.08911, 86.88525, 0, 3, 0, 5),
(105001002461, 44.480, 45.010, 0.0000000, 0.0000000, 46.270, 47.700, 3.1250000, 1.0416670, 100.00000, 78.89909, 88.54167, 2, 15, 6, 19),
(105001002470, 44.480, 45.010, 0.0000000, 0.0000000, 46.270, 42.420, 0.4291846, 0.0000000, 97.20732, 90.13926, 95.27897, 0, 5, 1, 5),
(105001002488, 44.480, 45.010, 0.0000000, 0.0000000, 44.050, 45.010, 0.0000000, 0.0000000, 98.88889, 82.14286, 87.50000, 2, 4, 0, 5),
(105001002496, 47.670, 47.140, 4.0816330, 0.0000000, 46.270, 47.590, 2.3529410, 1.1764710, 100.00000, 88.88889, 88.23530, 0, 10, 0, 5),
(105001002526, 44.480, 47.140, 0.0000000, 0.0000000, 44.050, 42.330, 0.5102041, 0.0000000, 97.48808, 96.34146, 76.53061, 0, 6, 0, 6),
(105001002780, 44.480, 45.010, 0.0000000, 0.0000000, 45.105, 39.530, 0.0000000, 0.0000000, 97.56097, 72.30769, 90.47619, 0, 2, 0, 4),
(105001002798, 44.480, 50.200, 0.0000000, 0.0000000, 50.400, 50.280, 6.5217390, 0.0000000, 89.13044, 93.18182, 93.47826, 0, 21, 7, 24),
(105001002895, 47.670, 49.190, 0.0000000, 0.6289308, 48.370, 47.590, 2.5974030, 0.0000000, 94.98046, 69.23077, 93.50649, 3, 7, 2, 19),
(105001002976, 46.075, 47.140, 0.0000000, 0.0000000, 44.050, 42.330, 0.0000000, 0.0000000, 88.76405, 82.55814, 97.56097, 0, 8, 0, 6),
(105001003123, 47.670, 47.140, 0.0000000, 0.0000000, 48.280, 45.085, 1.4285710, 0.0000000, 97.05882, 83.56164, 90.00000, 0, 13, 3, 16),
(105001003131, 44.480, 45.010, 0.0000000, 0.0000000, 46.270, 42.420, 0.0000000, 0.0000000, 80.34188, 90.00000, 82.35294, 0, 2, 0, 4),
(105001003221, 44.480, 45.010, 0.0000000, 0.0000000, 44.050, 42.420, 0.0000000, 0.0000000, 94.44444, 97.10145, 91.66667, 2, 4, 2, 7),
(105001003271, 40.820, 45.010, 0.0000000, 0.0000000, 48.325, 45.085, 1.9230770, 0.0000000, 95.38461, 74.64789, 80.76923, 0, 8, 2, 13),
(105001003280, 44.480, 47.140, 0.0000000, 0.5025126, 44.050, 39.530, 0.0000000, 0.0000000, 98.95833, 83.33333, 73.04964, 0, 11, 0, 11),
(105001003298, 44.480, 49.190, 0.0000000, 0.0000000, 46.160, 42.330, 0.0000000, 0.0000000, 98.92473, 95.39170, 98.15951, 1, 6, 5, 18),
(105001003387, 44.480, 45.010, 0.0000000, 0.0000000, 44.050, 42.330, 0.0000000, 0.0000000, 90.63492, 81.18279, 88.96552, 0, 7, 1, 3),
(105001003425, 44.480, 49.190, 0.0000000, 0.0000000, 46.270, 45.010, 1.4851490, 0.0000000, 92.43243, 80.92105, 87.62376, 0, 12, 1, 11),
(105001003450, 47.670, 49.190, 0.0000000, 0.0000000, 48.280, 42.420, 0.0000000, 1.2195120, 99.29578, 90.38461, 96.34146, 0, 11, 7, 11),
(105001004472, 50.540, 49.190, 0.0000000, 0.0000000, 49.340, 45.085, 0.0000000, 0.0000000, 90.58823, 97.40260, 100.00000, 2, 26, 14, 45),
(105001004791, 47.670, 53.220, 0.0000000, 0.0000000, 52.290, 52.660, 5.3763440, 1.0752690, 83.66013, 91.59664, 96.77420, 3, 33, 11, 35),
(105001005291, 44.480, 45.010, 0.0000000, 0.0000000, 46.270, 42.420, 0.0000000, 0.0000000, 76.08696, 69.44444, 92.64706, 0, 7, 0, 11),
(105001005339, 44.480, 47.140, 0.0000000, 0.0000000, 46.160, 42.330, 1.0309280, 0.0000000, 97.10624, 90.60403, 81.44330, 0, 4, 0, 6),
(105001005347, 44.480, 47.140, 0.0000000, 0.7575758, 46.270, 42.420, 0.0000000, 0.8547009, 91.96912, 81.24574, 93.16239, 0, 13, 2, 10),
(105001005410, 46.075, 47.140, 0.0000000, 0.0000000, 47.275, 45.085, 1.2820510, 0.0000000, 97.43590, 79.48718, 96.15385, 0, 9, 0, 4),
(105001005495, 44.480, 47.140, 0.0000000, 0.0000000, 43.930, 42.420, 0.0000000, 0.0000000, 88.23530, 84.07643, 97.72727, 0, 12, 4, 11),
(105001005525, 44.480, 42.760, 0.0000000, 0.0000000, 44.050, 39.530, 0.0000000, 0.0000000, 91.07143, 87.67123, 92.10526, 0, 0, 0, 0),
(105001005878, 44.480, 42.760, 0.0000000, 0.0000000, 46.160, 42.330, 0.6329114, 0.0000000, 80.00000, 61.67664, 69.62025, 0, 3, 1, 3),
(105001006068, 46.075, 45.010, 0.0000000, 0.0000000, 46.160, 42.420, 0.0000000, 0.0000000, 95.00000, 76.31579, 96.20254, 2, 7, 6, 34),
(105001006092, 44.480, 49.190, 2.4096380, 0.0000000, 48.280, 45.010, 0.0000000, 0.0000000, 90.21739, 96.66666, 98.66667, 0, 8, 4, 11),
(105001006181, 44.480, 47.140, 1.1494250, 0.0000000, 46.270, 45.010, 1.4285710, 0.0000000, 96.87500, 90.90910, 94.28571, 0, 5, 0, 3),
(105001006246, 44.480, 47.140, 0.0000000, 0.0000000, 48.280, 42.420, 1.6949150, 0.0000000, 95.29412, 76.78571, 84.74577, 0, 2, 0, 7),
(105001006483, 47.670, 47.140, 0.0000000, 0.0000000, 46.160, 40.975, 0.0000000, 0.0000000, 97.05882, 91.89189, 92.30769, 0, 4, 0, 4),
(105001006718, 42.650, 45.010, 0.0000000, 0.0000000, 46.270, 42.420, 1.0752690, 0.0000000, 85.79203, 93.58974, 92.47312, 0, 5, 1, 10),
(105001006980, 47.670, 49.190, 1.7492710, 0.2915452, 48.280, 45.010, 2.1671830, 0.0000000, 96.96970, 55.91398, 83.59133, 2, 8, 3, 9),
(105001007111, 44.480, 47.140, 0.0000000, 0.0000000, 44.050, 40.930, 0.0000000, 0.0000000, 91.01124, 85.89743, 84.78262, 0, 6, 0, 2),
(105001007188, 44.480, 47.140, 0.0000000, 0.0000000, 46.160, 45.160, 0.0000000, 0.0000000, 93.50649, 86.07595, 89.76378, 1, 5, 0, 7),
(105001007218, 47.670, 47.140, 0.0000000, 0.0000000, 46.160, 42.420, 1.0526320, 0.0000000, 84.09090, 90.19608, 82.10526, 1, 0, 1, 4),
(105001007439, 44.480, 47.140, 0.0000000, 0.0000000, 44.050, 42.420, 0.0000000, 0.0000000, 100.00000, 89.41177, 94.54546, 0, 3, 0, 8),
(105001007889, 44.480, 43.885, 0.0000000, 0.0000000, 48.280, 47.590, 0.0000000, 0.0000000, 93.75000, 92.45283, 88.88889, 2, 6, 0, 2),
(105001007978, 44.480, 45.010, 0.0000000, 0.0000000, 46.270, 42.330, 0.0000000, 0.0000000, 68.54839, 78.84615, 81.57895, 0, 3, 0, 1),
(105001008249, 44.480, 47.140, 0.0000000, 0.0000000, 43.930, 42.330, 0.0000000, 0.0000000, 94.38203, 90.80460, 94.59459, 0, 2, 2, 4),
(105001008389, 44.480, 46.075, 0.0000000, 0.0000000, 46.270, 43.715, 0.0000000, 0.0000000, 94.51219, 94.57364, 90.24390, 0, 6, 0, 8),
(105001008451, 44.480, 45.010, 0.0000000, 0.0000000, 46.270, 45.010, 0.0000000, 0.0000000, 92.35669, 89.76378, 87.50000, 0, 2, 2, 8),
(105001008486, 44.480, 49.190, 0.0000000, 0.0000000, 46.270, 39.530, 1.8181820, 0.0000000, 62.71186, 78.12500, 87.27273, 0, 6, 2, 12),
(105001009652, 40.820, 45.010, 0.0000000, 0.0000000, 46.215, 42.330, 0.0000000, 0.0000000, 98.73418, 98.11321, 89.70589, 0, 4, 0, 9),
(105001009695, 44.480, 49.190, 0.0000000, 0.0000000, 48.280, 45.010, 0.0000000, 0.0000000, 90.10989, 93.82716, 100.00000, 0, 20, 0, 34),
(105001009709, 44.480, 47.140, 0.0000000, 0.0000000, 43.930, 42.420, 0.0000000, 0.0000000, 96.61745, 85.04673, 86.48649, 2, 6, 0, 16),
(105001009865, 47.670, 48.165, 0.0000000, 0.0000000, 46.270, 42.420, 0.0000000, 0.0000000, 94.65649, 85.10638, 86.53846, 0, 8, 2, 16),
(105001010367, 44.480, 49.190, 0.0000000, 0.0000000, 46.270, 45.010, 0.0000000, 0.0000000, 100.00000, 100.00000, 92.06349, 2, 18, 7, 25),
(105001010448, 44.480, 45.010, 0.0000000, 0.0000000, 46.160, 42.420, 0.0000000, 0.0000000, 94.77064, 93.95604, 90.55118, 0, 4, 0, 7),
(105001010588, 44.480, 47.140, 0.0000000, 0.0000000, 46.160, 42.375, 1.5873020, 0.0000000, 94.24453, 98.06950, 83.33333, 0, 4, 0, 6),
(105001011011, 44.480, 47.140, 0.0000000, 0.0000000, 46.215, 39.530, 0.0000000, 0.0000000, 97.61904, 88.88889, 85.29411, 0, 7, 0, 11),
(105001011061, 44.480, 47.140, 0.0000000, 1.4925370, 48.280, 47.590, 0.0000000, 0.0000000, 98.83721, 93.25843, 100.00000, 0, 8, 5, 14),
(105001011070, 44.480, 47.140, 0.0000000, 0.0000000, 46.160, 42.330, 0.0000000, 0.0000000, 94.31159, 85.71429, 90.32258, 0, 3, 1, 4),
(105001011088, 44.480, 45.010, 1.3888890, 0.0000000, 45.105, 40.930, 0.0000000, 0.0000000, 91.30435, 89.90826, 95.00000, 0, 0, 0, 6),
(105001011363, 44.480, 45.010, 0.0000000, 0.0000000, 46.270, 42.330, 0.0000000, 0.0000000, 98.36066, 81.76796, 95.04132, 0, 2, 0, 4),
(105001011606, 44.480, 49.190, 1.2500000, 0.0000000, 46.270, 42.420, 1.3333330, 0.0000000, 91.13240, 89.43089, 90.66666, 1, 7, 5, 4),
(105001011631, 44.480, 49.190, 0.0000000, 0.0000000, 46.270, 43.715, 0.6024096, 0.0000000, 95.83333, 81.25000, 95.18073, 1, 30, 1, 20),
(105001011690, 44.480, 42.760, 0.0000000, 0.0000000, 46.160, 42.330, 0.8474576, 0.0000000, 89.33333, 66.95652, 66.94915, 0, 7, 0, 0),
(105001011711, 42.650, 47.140, 0.0000000, 0.0000000, 46.270, 42.420, 0.0000000, 0.0000000, 100.00000, 91.00000, 95.58823, 0, 4, 2, 16),
(105001011886, 44.480, 49.190, 0.0000000, 0.0000000, 48.280, 45.010, 2.3529410, 0.0000000, 92.82375, 95.80838, 94.11765, 0, 3, 0, 2),
(105001012092, 44.480, 45.010, 0.0000000, 0.0000000, 46.270, 45.160, 0.0000000, 0.0000000, 78.47787, 91.12904, 85.71429, 1, 5, 0, 2),
(105001012106, 44.480, 45.010, 0.0000000, 0.0000000, 46.160, 42.330, 0.0000000, 0.0000000, 98.88889, 92.30769, 74.05063, 1, 12, 1, 16),
(105001012165, 44.480, 45.010, 0.0000000, 0.0000000, 44.050, 42.420, 1.9607840, 0.0000000, 94.10409, 90.38631, 85.29411, 0, 1, 0, 3),
(105001012696, 47.670, 49.190, 1.0810810, 0.0000000, 46.160, 45.160, 0.0000000, 0.0000000, 98.06451, 69.65174, 87.66234, 0, 6, 0, 10),
(105001012700, 44.480, 43.885, 0.0000000, 0.0000000, 45.105, 39.530, 0.0000000, 0.0000000, 71.08434, 81.87500, 38.63636, 0, 2, 0, 4),
(105001013072, 44.480, 47.140, 0.0000000, 0.0000000, 44.050, 40.930, 0.0000000, 0.0000000, 87.25383, 82.79570, 93.10345, 0, 6, 0, 7),
(105001013145, 46.075, 49.190, 0.0000000, 0.0000000, 50.310, 47.590, 0.0000000, 0.0000000, 90.83970, 90.90910, 94.31818, 4, 10, 8, 12),
(105001013340, 47.670, 49.190, 1.2850470, 0.2336449, 50.310, 47.810, 2.1301770, 0.1183432, 89.97150, 78.40467, 98.57988, 2, 12, 4, 17),
(105001013439, 44.480, 47.140, 0.0000000, 0.0000000, 46.270, 45.085, 1.9230770, 0.0000000, 97.26027, 92.30769, 92.30769, 0, 3, 0, 10),
(105001013447, 46.075, 45.010, 0.0000000, 0.0000000, 43.930, 42.330, 0.0000000, 0.0000000, 98.80952, 100.00000, 88.46153, 0, 0, 0, 2),
(105001013633, 40.820, 42.760, 0.0000000, 0.0000000, 48.280, 42.330, 0.0000000, 0.0000000, 100.00000, 85.71429, 88.23530, 0, 3, 0, 1),
(105001014052, 44.480, 45.010, 0.0000000, 0.0000000, 46.160, 42.330, 0.0000000, 1.2048190, 93.12222, 81.57895, 81.92771, 0, 1, 0, 1),
(105001014397, 44.480, 47.140, 0.0000000, 0.0000000, 46.270, 45.010, 0.6493506, 0.0000000, 91.66667, 96.22642, 94.15585, 0, 6, 1, 9),
(105001014851, 44.480, 49.190, 0.6451613, 0.0000000, 48.370, 47.590, 0.6535948, 0.0000000, 98.82353, 85.52631, 99.34641, 1, 17, 3, 13),
(105001014869, 47.670, 47.140, 0.6849315, 0.0000000, 46.160, 42.420, 0.0000000, 0.0000000, 95.28796, 78.97196, 89.61039, 2, 1, 1, 5),
(105001015091, 44.480, 47.140, 0.0000000, 0.0000000, 47.275, 39.530, 0.0000000, 0.0000000, 95.12195, 84.81013, 84.61539, 0, 2, 0, 8),
(105001015148, 40.820, 42.760, 0.0000000, 0.0000000, 46.160, 42.420, 0.0000000, 0.0000000, 93.61702, 72.22222, 78.26087, 0, 9, 0, 0),
(105001015172, 44.480, 45.010, 0.0000000, 0.0000000, 46.160, 39.530, 0.0000000, 0.0000000, 95.83333, 95.23810, 76.36363, 0, 2, 2, 4),
(105001015211, 44.480, 47.140, 0.0000000, 0.0000000, 44.050, 42.330, 0.0000000, 0.0000000, 84.52381, 72.54902, 52.08334, 0, 2, 0, 2),
(105001015229, 44.480, 46.075, 0.0000000, 0.0000000, 44.050, 40.930, 0.0000000, 0.0000000, 94.23077, 79.31035, 82.50000, 0, 0, 0, 0),
(105001015831, 44.480, 45.010, 0.0000000, 0.0000000, 44.050, 42.420, 0.0000000, 0.0000000, 94.44444, 85.29411, 77.41935, 0, 3, 0, 0),
(105001016420, 47.670, 47.140, 0.0000000, 0.0000000, 46.160, 45.160, 0.0000000, 0.0000000, 99.10714, 82.88288, 89.69072, 0, 12, 4, 8),
(105001017876, 44.480, 42.760, 0.0000000, 0.0000000, 41.640, 38.015, 0.0000000, 0.0000000, 96.07843, 91.17647, 41.66667, 0, 0, 0, 0),
(105001017965, 44.480, 48.165, 2.7777780, 0.0000000, 46.160, 45.010, 0.0000000, 0.0000000, 97.22222, 91.57895, 97.22222, 0, 9, 1, 9),
(105001018759, 40.820, 45.010, 0.0000000, 0.0000000, 48.280, 45.160, 2.6315790, 0.0000000, 93.87756, 86.20689, 94.73685, 0, 3, 0, 6),
(105001019011, 44.480, 48.165, 0.0000000, 0.0000000, 46.160, 45.160, 0.0000000, 0.0000000, 84.21053, 78.33334, 90.47619, 0, 4, 0, 6),
(105001019062, 44.480, 47.140, 0.0000000, 0.0000000, 44.050, 42.330, 0.0000000, 0.0000000, 100.00000, 75.92593, 72.66187, 0, 14, 1, 10),
(105001019089, 44.480, 42.760, 0.0000000, 0.0000000, 46.270, 39.530, 0.0000000, 0.0000000, 92.18241, 93.84615, 90.78947, 0, 2, 0, 2),
(105001019194, 44.480, 45.010, 0.7092198, 0.7092198, 46.160, 42.330, 0.0000000, 0.0000000, 91.15044, 86.48649, 98.37399, 0, 6, 0, 6),
(105001019330, 47.670, 45.010, 0.0000000, 0.0000000, 46.270, 45.010, 0.0000000, 0.0000000, 99.60000, 87.61062, 80.00000, 0, 10, 1, 5),
(105001019429, 44.480, 45.010, 0.5405406, 0.0000000, 44.050, 42.330, 0.0000000, 0.4784689, 98.07692, 93.75000, 87.55981, 0, 7, 1, 9),
(105001019453, 40.820, 45.010, 0.0000000, 0.0000000, 43.930, 39.530, 0.0000000, 0.0000000, 90.96591, 59.49367, 85.09316, 0, 3, 0, 3),
(105001019534, 44.480, 45.010, 0.0000000, 0.0000000, 46.160, 39.530, 0.0000000, 0.0000000, 92.07921, 88.52459, 60.00000, 0, 0, 0, 2),
(105001019674, 44.480, 49.190, 0.0000000, 0.0000000, 46.270, 45.010, 0.8849558, 0.0000000, 90.38461, 81.35593, 95.57522, 5, 13, 2, 10),
(105001019798, 42.650, 45.010, 0.0000000, 0.0000000, 41.640, 36.500, 0.0000000, 0.0000000, 79.34782, 95.06173, 80.00000, 0, 1, 0, 7),
(105001019925, 44.480, 47.140, 0.4524887, 0.4524887, 44.050, 45.010, 0.0000000, 0.0000000, 94.25838, 77.37227, 87.93104, 0, 1, 3, 5),
(105001020028, 44.480, 46.075, 0.0000000, 0.0000000, 46.160, 42.420, 0.0000000, 0.0000000, 95.29412, 93.87756, 86.36364, 0, 5, 0, 11),
(105001020052, 44.480, 47.140, 0.0000000, 0.0000000, 48.370, 45.010, 0.0000000, 0.0000000, 96.15385, 100.00000, 90.90909, 0, 4, 0, 17),
(105001020273, 50.540, 53.220, 0.0000000, 0.0000000, 53.325, 50.420, 6.6666670, 0.0000000, 83.78378, 82.60870, 100.00000, 0, 5, 0, 0),
(105001021199, 44.480, 45.010, 0.0000000, 0.0000000, 46.270, 42.420, 0.0000000, 0.0000000, 98.86364, 98.71795, 80.00000, 0, 2, 1, 2),
(105001021547, 47.670, 47.140, 0.0000000, 0.0000000, 46.160, 45.160, 0.0000000, 0.0000000, 96.55172, 92.18750, 95.55556, 2, 17, 2, 14),
(105001021636, 44.480, 45.010, 0.0000000, 0.5000000, 44.050, 42.420, 0.0000000, 0.0000000, 97.88737, 79.77100, 91.82390, 0, 4, 2, 4),
(105001021873, 44.480, 49.190, 0.0000000, 0.0000000, 46.270, 39.530, 0.0000000, 0.0000000, 76.47578, 73.13432, 78.65169, 0, 4, 0, 2),
(105001022101, 44.480, 47.140, 0.0000000, 0.0000000, 45.105, 42.420, 0.0000000, 0.0000000, 95.16129, 87.80488, 84.37500, 0, 0, 0, 4),
(105001023965, 44.480, 45.010, 0.0000000, 0.0000000, 45.105, 39.530, 0.6944445, 0.0000000, 92.27640, 81.48148, 79.16667, 0, 5, 1, 2),
(205001001672, 44.480, 51.210, 0.0000000, 0.0000000, 46.270, 42.330, 0.0000000, 0.0000000, 88.58268, 69.46107, 82.81250, 0, 10, 0, 12),
(205001002199, 44.480, 47.140, 0.0000000, 0.0000000, 46.270, 39.530, 0.0000000, 0.0000000, 100.00000, 93.05556, 83.78378, 0, 0, 0, 10),
(205001006232, 44.480, 45.010, 0.0000000, 0.0000000, 46.160, 42.330, 0.8928572, 0.0000000, 90.80460, 61.99095, 83.92857, 0, 4, 1, 3),
(205001006526, 40.820, 47.140, 0.0000000, 0.0000000, 46.215, 39.530, 0.0000000, 0.0000000, 100.00000, 95.23810, 100.00000, 0, 3, 5, 10),
(205001007735, 44.480, 45.010, 0.0000000, 0.0000000, 46.270, 42.330, 0.0000000, 0.0000000, 95.00000, 94.00000, 88.37209, 0, 0, 0, 0),
(205001009797, 47.670, 49.190, 1.3245030, 1.3245030, 46.270, 45.010, 0.7575758, 0.7575758, 100.00000, 85.50724, 73.48485, 3, 14, 0, 9),
(205001010264, 44.480, 47.140, 1.8867920, 0.0000000, 46.160, 42.375, 0.0000000, 0.0000000, 93.24324, 89.67741, 88.09524, 1, 1, 1, 6),
(205001010281, 44.480, 42.760, 0.0000000, 0.0000000, 48.280, 39.530, 0.0000000, 0.0000000, 79.68750, 84.93150, 92.68293, 0, 3, 0, 6),
(205001011031, 44.480, 47.140, 0.0000000, 0.0000000, 46.270, 42.420, 0.0000000, 0.0000000, 100.00000, 89.39394, 89.18919, 4, 20, 2, 25),
(205001012534, 44.480, 45.010, 0.6211180, 0.0000000, 46.270, 45.010, 0.6369427, 0.0000000, 91.66239, 93.27354, 89.80891, 2, 8, 1, 10),
(205001018745, 44.480, 47.140, 0.0000000, 0.0000000, 43.930, 39.530, 0.0000000, 0.0000000, 95.65218, 93.65079, 72.22222, 0, 4, 0, 6),
(205001019318, 44.480, 48.165, 0.0000000, 1.0638300, 50.310, 47.810, 0.0000000, 0.0000000, 85.85271, 86.46304, 88.60760, 1, 4, 4, 7),
(305001004854, 47.670, 49.190, 0.0000000, 0.0000000, 48.280, 45.010, 0.0000000, 0.0000000, 97.64706, 90.16393, 95.00000, 0, 5, 2, 19),
(305001007594, 44.480, 51.210, 0.0000000, 2.2471910, 46.270, 45.160, 0.0000000, 0.0000000, 100.00000, 87.50000, 98.76543, 0, 29, 0, 27),
(305001015287, 44.480, 45.010, 0.0000000, 0.0000000, 46.160, 42.420, 0.0000000, 0.0000000, 95.52239, 82.10526, 83.33333, 0, 7, 0, 6),
(305001018022, 44.480, 45.010, 0.0000000, 0.0000000, 44.050, 42.330, 0.0000000, 0.0000000, 85.05747, 80.95238, 51.51515, 0, 2, 0, 0),
(305001018839, 47.670, 47.140, 0.0000000, 0.0000000, 46.160, 45.160, 0.0000000, 0.0000000, 90.72165, 83.09859, 95.91837, 4, 18, 11, 21),
(305001019690, 44.480, 47.140, 0.0000000, 0.0000000, 46.270, 45.010, 0.0000000, 0.0000000, 87.27710, 76.47059, 77.63158, 0, 3, 0, 4),
(305001022232, 47.670, 45.010, 0.0000000, 0.0000000, 46.160, 42.420, 0.0000000, 0.0000000, 95.36423, 76.71233, 86.27451, 0, 2, 0, 2);

/*!40101 SET CHARACTER_SET_CLIENT=@OLD_CHARACTER_SET_CLIENT */;
/*!40101 SET CHARACTER_SET_RESULTS=@OLD_CHARACTER_SET_RESULTS */;
/*!40101 SET COLLATION_CONNECTION=@OLD_COLLATION_CONNECTION */;
