dane,ExpectativasAcademicas,Comunicacion,Participacion,SeguridadRespeto,tema_matematica,tema_lenguaje,prmat_alto_07_p,prlen_alto_07_p,tema_lenguaje_d,tema_matematica_d,prmat_alto_10_p,prlen_alto_10_p,Progresolen11,Progresomat11,aprobación5,aprobación9,rtextra,Progresolen5,Progresolen9,Progresomat5,Progresomat9,avanzado_m9,avanzado_m5,avanzado_l9,avanzado_l5
105001000001,68.07761,68.73938,65.93732,59.24251,40.82,47.14,0,0,50.4,42.42,0,0,86.30035,50.10484,86.4,81.81818,84.84849,50.37714,,50.37714,,,0,,1
105001000043,65.95106,69.25922,67.32922,64.62323,,,,,,,,,,,83.1579,82.53968,,27.69031,50.14516,51.99142,50.58065,0,2,0,2
105001000108,79.73716,67.38742,68.02947,75.50952,47.67,51.21,.5514706,.3676471,50.31,47.59,1.991701,.0829876,50,63.71774,,,97.67635,,,,,,,,
105001000132,67.43816,64.52038,60.57034,64.76394,44.48,49.19,0,0,47.275,45.16,1.282051,0,60.47611,55.95052,85,60.86956,98.71795,35.42351,,29.53445,,0,13,2,4
105001000141,67.14394,68.24818,61.99846,59.14898,47.67,47.14,0,0,45.105,42.33,0,0,32.10753,35.33332,100,100,92.10526,60.98409,54.9974,38.91196,52.81104,0,3,0,7
105001000175,63.62101,67.26794,65.41719,62.32865,44.48,45.01,0,0,44.05,42.42,0,0,50.07902,52.55022,77.23391,91.52542,78.86179,50.25091,51.27511,50.37714,51.02009,0,4,0,4
105001000205,64.17449,60.78682,60.58847,57.38282,,,,,46.27,39.53,0,0,,,86.45833,84.14634,87.27273,50,,39.03519,,0,4,0,9
105001000256,64.92316,63.28634,60.12159,60.11535,47.67,47.14,2.439024,0,44.05,39.53,.5263158,0,10.08602,31.00545,95.90301,92.12924,67.89473,54.52889,,51.69579,,,2,,11
105001000353,66.30527,64.25574,59.2339,65.9668,44.48,47.14,0,0,46.27,42.42,0,0,60.89011,52.55022,95.45576,91.33372,94.94949,41.63601,,38.27924,,1,7,1,15
105001000396,73.89651,73.41563,72.74921,68.79987,44.48,47.14,0,0,46.16,42.42,0,0,37.6129,52.55022,97.07317,89.34911,72.07792,56.81988,57.05645,44.87715,57.05645,0,5,0,9
105001000418,68.0034,63.45958,66.65432,63.30618,40.82,45.01,0,0,46.16,43.715,2,0,50.86917,50.16667,90.69768,81.92091,95,39.86132,56.0632,58.34931,31.86588,0,6,0,6
105001000485,75.69025,73.78712,68.79441,71.55524,47.67,47.14,0,0,46.27,47.59,1.226994,0,60.89011,63.71774,97.69231,79.08497,87.73006,76.83761,72.81884,74.89516,72.81884,7,28,4,24
105001000566,65.79951,64.43022,62.99999,66.13062,44.48,47.14,0,0,43.93,45.16,0,0,3.204301,55.95052,93.69928,94.73685,73.52941,45.85112,68.75519,50,43.11828,0,9,6,9
105001000621,66.006,63.92692,65.80299,61.45601,47.67,53.22,4.301075,0,52.38,52.66,1.149425,0,52.60793,85.27419,98.47328,84.17722,98.85057,,,,,,18,,24
105001000795,69.92966,64.44991,63.18926,62.20466,44.48,45.01,0,0,44.05,39.53,0,0,50.07902,31.33151,97.5978,99.32433,87.85047,,52.3199,,55.56776,0,9,0,7
105001000809,64.27267,63.09082,60.92968,59.25048,44.48,47.14,0,0,46.16,40.93,0,0,37.6129,50.51004,,92.68293,98.48485,34.42844,,45.19495,,0,9,5,6
105001000841,74.84978,71.03238,66.2183,76.3874,53.2,55.25,6.410257,2.564103,50.31,50.14,2.325581,0,49.98387,49.99194,95.38461,88.81579,100,64.74244,,72.64423,,2,16,3,26
105001000868,70.35963,70.29757,69.37768,64.5736,40.82,45.01,0,0,43.93,42.33,0,0,42.5327,50.05107,96.42857,95.38461,84.05797,51.41257,26.48387,54.28402,26.48387,0,8,0,12
105001000876,70.44957,65.13692,64.36418,55.5261,44.48,47.14,0,0,46.27,42.33,0,0,60.89011,50.85007,95.91837,86.42857,80.18018,56.72604,51.85687,53.74805,50.47409,0,8,0,7
105001000931,72.46591,66.78783,66.88673,69.64766,44.48,49.19,.4219409,.4219409,46.27,47.59,1.408451,0,42.87234,56.63058,92.56757,78.49829,95.30516,,43.77668,,66.09131,0,10,0,18
105001000981,69.53774,66.63773,67.69731,62.81049,44.48,45.01,0,0,44.05,42.42,.3367003,0,50.07902,52.55022,93.27592,74.29578,80.80808,,55.7705,,16.68548,1,8,1,11
105001000990,71.61782,68.19583,64.45238,67.32256,44.48,47.14,0,0,46.27,42.33,0,0,60.89011,50.85007,98.86364,97.83784,91.30435,,62.80713,,51.28071,1,15,7,15
105001001023,70.55129,68.782,68.15242,68.65403,47.67,49.19,0,0,44.05,42.42,0,0,26.12233,40.14207,97.70115,98.68421,98.50746,41.09042,,57.0612,,0,13,0,11
105001001121,70.76617,64.94969,63.58085,62.7922,44.48,49.19,0,0,46.16,42.42,0,0,33.25,52.55022,97.88733,80,94.73685,,42.87234,,47.50532,1,11,1,11
105001001155,77.09894,75.75311,70.96965,72.78015,44.48,45.01,0,0,46.215,45.01,1.724138,0,51.81736,54.67541,88.52459,87.61062,87.93104,44.66644,26.0055,53.09793,45.05996,2,2,0,3
105001001198,65.12747,62.16711,62.07535,66.05333,44.48,47.14,0,0,46.27,45.01,0,0,60.89011,54.67541,87.80488,85.71429,87.5,57.48404,,53.12337,,0,2,0,8
105001001236,68.49877,67.70169,64.21774,69.02032,40.82,47.14,0,0,46.27,42.42,2.325581,0,60.89011,50.10484,85.61151,85.13514,88.37209,62.73996,46.98526,59.07509,62.23036,0,10,0,12
105001001252,70.25191,71.42447,69.83117,62.58316,44.48,47.14,0,0,44.05,42.42,0,0,10.08602,52.55022,94.8718,81.05263,92.30769,36.59131,55.95338,28.54492,43.90189,0,6,1,4
105001001279,61.763,61.85161,60.56133,62.37589,40.82,45.01,0,.5714285,43.93,42.33,0,0,42.5327,50.05107,97.89916,61.59539,69.42675,47.74434,31.35982,43.40525,48.90352,0,9,0,11
105001001317,79.99194,77.30323,73.2498,77.39099,50.54,53.22,2.702703,0,50.31,47.7,3.448276,0,49.94413,49.9581,93.33334,94.80519,96.55172,,,,,,,,
105001001368,63.08799,61.64272,58.48816,58.5556,40.82,48.165,0,0,44.05,40.93,0,0,23.13208,50.04032,94.11765,86.79245,79.41177,49.42215,,49.77957,,0,0,0,6
105001001473,63.87436,62.66994,60.72145,61.14187,44.48,47.14,0,0,46.27,42.33,1.351351,0,60.89011,50.85007,90.79755,86.09272,85.13514,58.90958,56.62478,55.53006,36.43365,0,7,0,10
105001001490,68.89594,61.90056,65.38733,65.16447,44.48,49.19,0,0,48.28,45.16,0,.7272727,63.96815,55.95052,96.47887,90.78213,97.09091,,47.77368,,61.97648,1,14,3,17
105001001562,70.46182,64.22105,61.49772,65.26426,44.48,49.19,0,.3717472,50.31,47.59,.3125,.3125,83.17436,56.63058,100,97.4359,95.3125,,68.44311,,66.76646,1,9,4,9
105001001635,67.6189,64.8082,65.46296,63.69308,46.075,49.19,.7692308,0,48.37,47.59,2.531646,0,77.9363,68.51821,96.03175,87.10043,98.10126,,78.22883,,53.5286,5,22,4,16
105001001651,65.99158,60.66924,59.65522,56.50459,44.48,47.14,0,0,46.16,46.375,0,0,37.6129,56.54557,92.10526,97.61904,93.90244,54.05738,58.29776,56.78852,41.95435,4,9,2,7
105001001660,69.32881,70.91994,66.36967,61.43663,44.48,47.14,0,0,46.16,39.53,0,0,37.6129,31.33151,89.38053,75,86.30137,23.32435,31.93456,28.58911,50.41981,0,3,0,4
105001001686,71.9817,67.84272,65.77175,64.79306,44.48,45.01,0,0,41.64,45.01,0,0,37.5545,54.67541,88.46153,77.41935,87.5,32.50911,64.11205,55.27041,73.18408,0,10,0,0
105001001791,69.12766,66.41017,62.19014,67.243,44.48,51.21,0,0,46.16,47.59,1.960784,0,46.71415,56.63058,92.18384,70.58823,96.07843,66.33516,55.48241,65.2066,34.06517,0,18,0,13
105001001805,69.20962,70.65967,69.59401,61.66253,42.65,45.01,0,0,44.05,42.33,0,0,50.07902,50.72992,95.17544,84.42623,89.15663,51.29347,30.25806,53.28463,25.03226,0,2,0,3
105001001848,72.42432,67.1657,64.62215,71.38964,47.67,49.19,1.694915,0,46.27,45.16,4.225352,0,42.87234,49.75956,83.05085,86.17021,98.59155,65.41885,77.29032,63.59212,80.19355,8,15,5,18
105001001881,74.04916,72.42011,70.01382,70.72358,,,,,,,,,,,97.72991,91.20879,,,,,,,,,
105001002003,75.6965,73.74723,69.56084,67.37867,44.48,51.21,0,0,46.27,45.16,0,0,48.05836,55.95052,100,81.39535,94.11765,35.47986,,29.07572,,0,6,4,7
105001002011,68.99065,63.28571,61.32606,58.96675,47.67,49.19,.5524862,0,46.16,42.42,.4149378,0,33.25,40.14207,94.68085,89.0845,75.93361,39.98083,66.45726,37.17724,42.53301,0,8,2,3
105001002020,70.68806,67.77143,66.00427,69.42262,44.48,45.01,0,0,,,,,,,98.78049,85.06493,,67.92999,73.56983,46.90322,67.02265,1,14,4,19
105001002038,61.69485,56.86932,59.55549,55.80635,47.67,47.14,0,0,46.215,50.42,0,0,59.07509,83.31451,94.2623,91.66667,90.47619,52.00727,73.95112,52.35373,69.87434,0,13,10,8
105001002071,69.03188,67.82332,69.16833,63.66788,44.48,45.01,0,0,41.64,36.5,0,0,37.5545,28.99795,91.39785,73.61111,22.22222,,47.23387,,41.70161,2,0,2,2
105001002101,65.76753,64.978,60.69828,63.86394,47.67,49.19,0,0,46.215,42.42,1.351351,0,41.80319,40.14207,92.07317,84.11215,100,49.35746,,46.31241,,2,11,0,6
105001002119,67.93415,64.36774,61.7095,63.4353,44.48,47.14,0,0,46.16,42.33,.9661835,0,37.6129,50.85007,88.65079,77.27273,73.42995,73.9945,42.5039,63.89894,46.25195,1,12,1,23
105001002135,78.16733,75.21792,72.20929,71.19365,44.48,51.21,0,0,46.27,42.42,0,1.694915,48.05836,52.55022,92.5434,94.62366,79.66102,44.12097,29.70376,50,40.83395,0,2,0,2
105001002305,73.70952,72.64172,72.84265,72.58533,44.48,45.01,0,0,46.16,42.33,0,0,50.86917,50.85007,97.77778,87.17949,85.33334,55.23774,,41.68816,,0,2,0,5
105001002348,66.61977,66.78024,68.12097,63.19666,44.48,49.19,1.526718,0,46.27,42.33,.6535948,0,42.87234,50.85007,82.85715,94.31818,88.2353,51.29443,24.01049,50.64721,40.31763,0,4,0,6
105001002356,80.15968,75.82259,71.22014,66.63608,44.48,47.14,0,0,46.16,42.42,0,0,37.6129,52.55022,98.69546,91.08911,86.88525,51.68306,,42.62878,,0,3,0,5
105001002461,69.44183,65.9958,63.53237,69.18729,44.48,45.01,0,0,46.27,47.7,3.125,1.041667,51.93589,57.22564,100,78.89909,88.54167,,68.14516,,57.72849,2,15,6,19
105001002470,66.36845,61.8623,63.01808,63.24267,44.48,45.01,0,0,46.27,42.42,.4291846,0,51.93589,52.55022,97.20732,90.13926,95.27897,,53.7783,,59.65566,0,5,1,5
105001002488,71.08318,70.79278,68.59869,64.33068,44.48,45.01,0,0,44.05,45.01,0,0,50.07902,54.67541,98.88889,82.14286,87.5,17.54095,50.33524,17.69079,50,2,4,0,5
105001002496,70.48094,68.3243,68.61728,65.57517,47.67,47.14,4.081633,0,46.27,47.59,2.352941,1.176471,60.89011,63.71774,100,88.88889,88.2353,,58.70968,,55.22581,0,10,0,5
105001002526,65.82133,63.90319,64.06173,60.31719,44.48,47.14,0,0,44.05,42.33,.5102041,0,10.08602,50.85007,97.48808,96.34146,76.53061,38.25855,39.64458,50.48661,33.27202,0,6,0,6
105001002780,63.56579,64.4778,56.62955,55.40994,44.48,45.01,0,0,45.105,39.53,0,0,50.71114,31.33151,97.56097,72.30769,90.47619,50.30413,50.15365,50.11174,50.09778,0,2,0,4
105001002798,71.90284,71.26527,65.96913,71.69092,44.48,50.2,0,0,50.4,50.28,6.521739,0,59.64365,57.39565,89.13044,93.18182,93.47826,49.06299,,48.79781,,0,21,7,24
105001002895,70.42378,67.95866,65.99232,67.24525,47.67,49.19,0,.6289308,48.37,47.59,2.597403,0,77.9363,63.71774,94.98046,69.23077,93.50649,63.70694,65.13979,56.37256,54.12903,3,7,2,19
105001002976,69.4484,69.09654,67.9086,67.40716,46.075,47.14,0,0,44.05,42.33,0,0,10.08602,32.80204,88.76405,82.55814,97.56097,52.04018,53.89634,55.05701,53.33972,0,8,0,6
105001003123,66.96498,64.52546,58.39308,61.58163,47.67,47.14,0,0,48.28,45.085,1.428571,0,77.83028,49.03825,97.05882,83.56164,90,65.98809,65.32447,46.96807,54.2766,0,13,3,16
105001003131,61.88074,58.91743,60.36875,58.81763,44.48,45.01,0,0,46.27,42.42,0,0,51.93589,52.55022,80.34188,90,82.35294,51.95968,61.04787,50.75368,65.32447,0,2,0,4
105001003221,76.35852,73.87595,71.52731,68.3806,44.48,45.01,0,0,44.05,42.42,0,0,50.07902,52.55022,94.44444,97.10145,91.66667,53.44086,23.23417,50.83962,16.19053,2,4,2,7
105001003271,73.16912,70.78136,69.08899,66.11163,40.82,45.01,0,0,48.325,45.085,1.923077,0,53.35817,50.2043,95.38461,74.64789,80.76923,,66.14199,,68.92509,0,8,2,13
105001003280,66.60493,67.04051,63.41311,60.19641,44.48,47.14,0,.5025126,44.05,39.53,0,0,10.08602,31.33151,98.95833,83.33333,73.04964,,58.29839,,67.51881,0,11,0,11
105001003298,68.82972,63.95752,64.80399,68.08923,44.48,49.19,0,0,46.16,42.33,0,0,33.25,50.85007,98.92473,95.3917,98.15951,,54.72308,,46.28816,1,6,5,18
105001003387,73.66975,70.08162,70.61718,61.66108,44.48,45.01,0,0,44.05,42.33,0,0,50.07902,50.85007,90.63492,81.18279,88.96552,,46.52951,,28.02024,0,7,1,3
105001003425,79.57437,73.01574,70.83721,77.88612,44.48,49.19,0,0,46.27,45.01,1.485149,0,42.87234,54.67541,92.43243,80.92105,87.62376,,49.39891,,48.94809,0,12,1,11
105001003441,67.38572,59.46839,59.84905,56.13708,47.67,49.19,1.351351,0,50.4,55.62,5.617978,0,88.41241,87.23387,,80.95238,98.8764,,,,,8,,5,
105001003450,72.83395,67.30186,65.6195,67.61047,47.67,49.19,0,0,48.28,42.42,0,1.219512,63.96815,40.14207,99.29578,90.38461,96.34146,47.17368,,42.88361,,0,11,7,11
105001004472,77.86079,72.90368,69.81088,74.65044,50.54,49.19,0,0,49.34,45.085,0,0,81.42834,49.70667,90.58823,97.4026,100,69.23499,,75.9305,,2,26,14,45
105001004791,72.98604,65.75423,61.29147,67.25874,47.67,53.22,0,0,52.29,52.66,5.376344,1.075269,52.60793,85.27419,83.66013,91.59664,96.7742,62.4173,49.91499,50,48.97991,3,33,11,35
105001005291,73.81323,71.00333,68.79401,67.14575,44.48,45.01,0,0,46.27,42.42,0,0,51.93589,52.55022,76.08696,69.44444,92.64706,55.79602,53.10432,38.91196,28.84151,0,7,0,11
105001005339,72.85081,75.66913,75.0094,64.11073,44.48,47.14,0,0,46.16,42.33,1.030928,0,37.6129,50.85007,97.10624,90.60403,81.4433,37.55437,36.30693,50,49.55829,0,4,0,6
105001005347,65.65382,66.88254,64.99322,66.57073,44.48,47.14,0,.7575758,46.27,42.42,0,.8547009,60.89011,52.55022,91.96912,81.24574,93.16239,,38.50489,,42.13492,0,13,2,10
105001005380,67.84377,70.96503,68.16737,60.33562,,,,,,,,,,,75.68396,,,,,,,,,,
105001005410,71.62813,68.50412,69.5191,70.75396,46.075,47.14,0,0,47.275,45.085,1.282051,0,76.62026,49.70348,97.4359,79.48718,96.15385,36.77634,38.29285,37.00743,25.12232,0,9,0,4
105001005495,68.97793,65.6833,65.83757,60.73234,44.48,47.14,0,0,43.93,42.42,0,0,3.204301,52.55022,88.2353,84.07643,97.72727,56.22332,67.89247,58.84077,62.3871,0,12,4,11
105001005525,63.80748,62.0948,57.00581,59.82512,44.48,42.76,0,0,44.05,39.53,0,0,50.01882,31.33151,91.07143,87.67123,92.10526,50.16762,51.02644,50.42076,53.48991,0,0,0,0
105001005878,69.26619,63.43705,67.02742,67.74767,44.48,42.76,0,0,46.16,42.33,.6329114,0,50.07258,50.85007,80,61.67664,69.62025,51.50856,38.6651,51.87402,32.36793,0,3,1,3
105001006068,75.78587,73.12725,70.11789,72.49341,46.075,45.01,0,0,46.16,42.42,0,0,50.86917,38.73238,95,76.31579,96.20254,80.3947,,52.51603,,2,7,6,34
105001006092,68.76069,65.37081,60.7464,66.80536,44.48,49.19,2.409638,0,48.28,45.01,0,0,63.96815,54.67541,90.21739,96.66666,98.66667,64.52014,71.90986,56.58527,42.11436,0,8,4,11
105001006181,70.69241,66.6557,64.63734,63.45175,44.48,47.14,1.149425,0,46.27,45.01,1.428571,0,60.89011,54.67541,96.875,90.9091,94.28571,52.46522,52.51879,50.93169,68.89095,0,5,0,3
105001006246,71.72303,71.96504,69.22242,63.18344,44.48,47.14,0,0,48.28,42.42,1.694915,0,77.83028,52.55022,95.29412,76.78571,84.74577,37.22581,20.75743,34.86021,26.19791,0,2,0,7
105001006483,63.14412,61.7915,60.41005,60.7687,47.67,47.14,0,0,46.16,40.975,0,0,37.6129,35.09288,97.05882,91.89189,92.30769,52.55471,50.19769,55.79602,50.02281,0,4,0,4
105001006718,76.29577,72.47375,70.03648,74.43282,42.65,45.01,0,0,46.27,42.42,1.075269,0,51.93589,51.94645,85.79203,93.58974,92.47312,,40.83944,,45.61886,0,5,1,10
105001006980,77.6556,71.36644,73.20613,65.40892,47.67,49.19,1.749271,.2915452,48.28,45.01,2.167183,0,63.96815,46.153,96.9697,55.91398,83.59133,,63.26819,,42.53889,2,8,3,9
105001007111,66.20095,63.05758,60.56594,64.47556,44.48,47.14,0,0,44.05,40.93,0,0,10.08602,50.51004,91.01124,85.89743,84.78262,,,,,0,6,0,2
105001007188,70.41151,65.04269,64.75366,65.8355,44.48,47.14,0,0,46.16,45.16,0,0,37.6129,55.95052,93.50649,86.07595,89.76378,46.31183,54.08036,34.80265,53.57031,1,5,0,7
105001007218,73.94738,72.70853,71.22239,67.59535,47.67,47.14,0,0,46.16,42.42,1.052632,0,37.6129,40.14207,84.0909,90.19608,82.10526,50.13686,56.12054,50.54744,58.84077,1,0,1,4
105001007421,77.1104,70.74101,68.21939,68.75323,44.48,47.14,0,0,48.28,47.59,0,0,77.83028,56.63058,98.73418,,94.73685,60.93706,77.03649,64.44892,34.58195,0,20,2,11
105001007439,59.23926,62.45396,59.08289,57.75525,44.48,47.14,0,0,44.05,42.42,0,0,10.08602,52.55022,100,89.41177,94.54546,47.67742,53.80201,60.18278,52.53467,0,3,0,8
105001007889,66.97778,65.58018,63.54054,66.19788,44.48,43.885,0,0,48.28,47.59,0,0,52.34426,56.63058,93.75,92.45283,88.88889,41.47227,41.66218,51.13142,68.99849,2,6,0,2
105001007978,69.16975,68.60779,69.07986,62.22084,44.48,45.01,0,0,46.27,42.33,0,0,51.93589,50.85007,68.54839,78.84615,81.57895,51.09528,51.45984,51.16129,50.66909,0,3,0,1
105001008249,75.78704,68.60913,68.61863,69.33383,44.48,47.14,0,0,43.93,42.33,0,0,3.204301,50.85007,94.38203,90.8046,94.59459,57.05645,,31.51106,,0,2,2,4
105001008389,67.32115,64.39826,61.90729,61.5792,44.48,46.075,0,0,46.27,43.715,0,0,61.03226,54.50539,94.51219,94.57364,90.2439,50.65472,,35.8776,,0,6,0,8
105001008451,61.29272,61.9013,58.50689,53.31554,44.48,45.01,0,0,46.27,45.01,0,0,51.93589,54.67541,92.35669,89.76378,87.5,50.70572,,27.17856,,0,2,2,8
105001008486,74.19608,67.02691,67.19371,65.40299,44.48,49.19,0,0,46.27,39.53,1.818182,0,42.87234,31.33151,62.71186,78.125,87.27273,57.22581,,56.95339,,0,6,2,12
105001009652,74.03514,69.53638,69.97217,66.22906,40.82,45.01,0,0,46.215,42.33,0,0,51.81736,50.05107,98.73418,98.11321,89.70589,,19.40146,,30.38555,0,4,0,9
105001009695,69.98434,67.44294,66.59343,73.13779,44.48,49.19,0,0,48.28,45.01,0,0,63.96815,54.67541,90.10989,93.82716,100,49.75956,,49.16038,,0,20,0,34
105001009709,67.68205,68.19932,65.22505,64.40977,44.48,47.14,0,0,43.93,42.42,0,0,3.204301,52.55022,96.61745,85.04673,86.48649,,50.54099,,50.60109,2,6,0,16
105001009865,71.14523,67.33195,66.53763,62.98752,47.67,48.165,0,0,46.27,42.42,0,0,42.86321,40.14207,94.65649,85.10638,86.53846,,58.18608,,67.63155,0,8,2,16
105001010111,67.22665,63.90145,63.47788,65.65635,,,,,44.05,39.53,0,0,,,89.56522,78.37838,85.29411,42.27151,,48.03585,,0,16,0,5
105001010367,72.65508,68.32257,63.01791,72.61498,44.48,49.19,0,0,46.27,45.01,0,0,42.87234,54.67541,100,100,92.06349,,66.98792,,100.9638,2,18,7,25
105001010448,78.87188,75.36131,72.79828,71.03245,44.48,45.01,0,0,46.16,42.42,0,0,50.86917,52.55022,94.77064,93.95604,90.55118,,39.94012,,53.58457,0,4,0,7
105001010588,70.34659,66.54921,65.56603,65.8001,44.48,47.14,0,0,46.16,42.375,1.587302,0,37.6129,52.46522,94.24453,98.0695,83.33333,,,,,0,4,0,6
105001010855,70.175,67.52643,64.63004,70.66562,47.67,51.21,0,0,46.16,42.42,0,0,46.71415,40.14207,95.97701,74.44444,88.88889,54.28402,,56.98473,,,9,,6
105001011011,60.7964,56.01826,52.84317,61.31276,44.48,47.14,0,0,46.215,39.53,0,0,59.07509,31.33151,97.61904,88.88889,85.29411,41.18396,,41.7218,,0,7,0,11
105001011061,72.15289,67.11811,65.57767,65.62862,44.48,47.14,0,1.492537,48.28,47.59,0,0,77.83028,56.63058,98.83721,93.25843,100,57.33993,68.34874,56.18396,64.82014,0,8,5,14
105001011070,80.02045,76.57378,75.05121,71.53479,44.48,47.14,0,0,46.16,42.33,0,0,37.6129,50.85007,94.31159,85.71429,90.32258,51.45984,56.63733,51.99142,40.91838,0,3,1,4
105001011088,71.54013,69.18002,69.72356,68.36,44.48,45.01,1.388889,0,45.105,40.93,0,0,50.71114,50.51004,91.30435,89.90826,95,51.26425,53.76843,50.78222,52.44948,0,0,0,6
105001011363,75.48724,70.3642,67.89536,71.02391,44.48,45.01,0,0,46.27,42.33,0,0,51.93589,50.85007,98.36066,81.76796,95.04132,,57.58552,,57.26945,0,2,0,4
105001011461,72.49315,70.786,68.66703,71.37663,,,,,46.27,42.42,0,0,,,,91.35802,91.83673,53.85471,,53.01474,,0,5,2,10
105001011606,71.72633,67.45187,66.48869,64.68354,44.48,49.19,1.25,0,46.27,42.42,1.333333,0,42.87234,52.55022,91.1324,89.43089,90.66666,50.88342,62.31734,54.19811,57.18512,1,7,5,4
105001011631,68.59856,63.09319,65.05945,64.7989,44.48,49.19,0,0,46.27,43.715,.6024096,0,42.87234,54.50539,95.83333,81.25,95.18073,,41.47301,,45.73651,1,30,1,20
105001011690,72.70512,69.2204,66.77245,63.05577,44.48,42.76,0,0,46.16,42.33,.8474576,0,50.07258,50.85007,89.33333,66.95652,66.94915,,33.80439,,34.96122,0,7,0,0
105001011711,67.43496,64.38559,61.98971,64.17612,42.65,47.14,0,0,46.27,42.42,0,0,60.89011,51.94645,100,91,95.58823,68,59.73222,55.5658,40.75553,0,4,2,16
105001011886,71.61578,70.69577,68.29587,67.65337,44.48,49.19,0,0,48.28,45.01,2.352941,0,63.96815,54.67541,92.82375,95.80838,94.11765,,51.78106,,48.00392,0,3,0,2
105001012092,73.01017,69.3906,65.19685,67.83972,44.48,45.01,0,0,46.27,45.16,0,0,51.93589,55.95052,78.47787,91.12904,85.71429,28.19292,53.06027,41.93597,-48.00956,1,5,0,2
105001012106,71.6651,70.27631,64.35313,69.30361,44.48,45.01,0,0,46.16,42.33,0,0,50.86917,50.85007,98.88889,92.30769,74.05063,64.47213,66.8978,41.48867,63.51825,1,12,1,16
105001012165,72.45088,68.10714,68.43827,56.5976,44.48,45.01,0,0,44.05,42.42,1.960784,0,50.07902,52.55022,94.10409,90.38631,85.29411,,43.70256,,29.53332,0,1,0,3
105001012696,67.80783,64.82982,60.82832,63.35751,47.67,49.19,1.081081,0,46.16,45.16,0,0,33.25,49.75956,98.06451,69.65174,87.66234,,57.05376,,54.8172,0,6,0,10
105001012700,78.30194,78.1902,72.95653,63.46847,44.48,43.885,0,0,45.105,39.53,0,0,50.57104,31.33151,71.08434,81.875,38.63636,,50.53764,,50.36559,0,2,0,4
105001013013,69.49812,72.69357,67.834,62.75334,,,,,44.05,39.53,0,0,,,89.76378,72.61904,66,40.0196,,50.72992,,0,1,0,3
105001013072,66.05361,66.54422,67.11111,63.18429,44.48,47.14,0,0,44.05,40.93,0,0,10.08602,50.51004,87.25383,82.7957,93.10345,,20.7679,,26.81592,0,6,0,7
105001013145,76.15298,68.97577,68.5208,69.08673,46.075,49.19,0,0,50.31,47.59,0,0,83.17436,68.51821,90.8397,90.9091,94.31818,43.96825,62.59488,35.52787,50,4,10,8,12
105001013340,73.34827,64.12927,67.18286,60.52723,47.67,49.19,1.285047,.2336449,50.31,47.81,2.130177,.1183432,83.17436,79.39516,89.9715,78.40467,98.57988,,49.81158,,47.3621,2,12,4,17
105001013439,74.62337,67.94734,65.92876,66.42339,44.48,47.14,0,0,46.27,45.085,1.923077,0,60.89011,55.6955,97.26027,92.30769,92.30769,53.65401,52.58694,42.5039,3.836016,0,3,0,10
105001013447,69.9277,67.11388,67.41563,62.69451,46.075,45.01,0,0,43.93,42.33,0,0,42.5327,32.80204,98.80952,100,88.46153,19.08969,,19.22401,,0,0,0,2
105001013633,69.46674,65.62762,62.28751,64.02076,40.82,42.76,0,0,48.28,42.33,0,0,50.22043,50.05107,100,85.71429,88.2353,,39.92483,,37.40604,0,3,0,1
105001014052,65.13887,64.98358,62.73967,56.47221,44.48,45.01,0,0,46.16,42.33,0,1.204819,50.86917,50.85007,93.12222,81.57895,81.92771,,36.19682,,40.20419,0,1,0,1
105001014397,75.32943,69.19637,67.44762,67.97782,44.48,47.14,0,0,46.27,45.01,.6493506,0,60.89011,54.67541,91.66667,96.22642,94.15585,,44.14643,,39.75625,0,6,1,9
105001014851,78.73088,68.71057,68.70034,68.81744,44.48,49.19,.6451613,0,48.37,47.59,.6535948,0,77.9363,56.63058,98.82353,85.52631,99.34641,47.53653,49.22392,47.98859,47.41306,1,17,3,13
105001015091,73.32196,72.87517,68.85747,67.79166,44.48,47.14,0,0,47.275,39.53,0,0,76.62026,31.33151,95.12195,84.81013,84.61539,,51.44136,,47.2169,0,2,0,8
105001015148,64.38392,62.69376,61.96155,61.73811,40.82,42.76,0,0,46.16,42.42,0,0,50.07258,50.10484,93.61702,72.22222,78.26087,55.46422,53.97541,30.35847,60.60108,0,9,0,0
105001015172,72.67847,66.47285,69.93956,62.64317,44.48,45.01,0,0,46.16,39.53,0,0,50.86917,31.33151,95.83333,95.2381,76.36363,25.12232,48.32335,17.51691,-38.86223,0,2,2,4
105001015211,70.04279,69.57966,65.49586,63.14398,44.48,47.14,0,0,44.05,42.33,0,0,10.08602,50.85007,84.52381,72.54902,52.08334,26.757,46.22491,46.91851,56.93475,0,2,0,2
105001015229,67.01521,69.6911,68.35498,65.14288,44.48,46.075,0,0,44.05,40.93,0,0,10.55562,50.51004,94.23077,79.31035,82.5,34.7934,,51.11745,,0,0,0,0
105001015831,71.22948,70.96145,69.65755,68.53989,44.48,45.01,0,0,44.05,42.42,0,0,50.07902,52.55022,94.44444,85.29411,77.41935,6.692958,,12.68348,,0,3,0,0
105001016420,65.52331,60.59429,57.71269,59.43845,47.67,47.14,0,0,46.16,45.16,0,0,37.6129,49.75956,99.10714,82.88288,89.69072,,65.08495,,79.68328,0,12,4,8
105001017132,63.51913,66.97661,60.94009,61.06168,,,,,46.215,42.33,0,0,,,98.4252,75,82.85715,62.25754,,51.32513,,,4,,13
105001017876,74.98864,71.06236,72.17058,67.63848,44.48,42.76,0,0,41.64,38.015,0,0,50,31.33151,96.07843,91.17647,41.66667,50.41904,50,50.2281,50.00537,0,0,0,0
105001017965,70.3063,68.92191,65.3019,68.26208,44.48,48.165,2.777778,0,46.16,45.01,0,0,31.52831,54.67541,97.22222,91.57895,97.22222,,48.52892,,46.66554,0,9,1,9
105001018759,74.10046,67.97868,68.15843,72.74249,40.82,45.01,0,0,48.28,45.16,2.631579,0,53.04211,50.21236,93.87756,86.20689,94.73685,35.71875,34.46698,47.11728,50,0,3,0,6
105001019011,70.83223,71.14448,69.79956,67.49516,44.48,48.165,0,0,46.16,45.16,0,0,31.52831,55.95052,84.21053,78.33334,90.47619,,,,,0,4,0,6
105001019062,75.80272,70.63071,72.66901,69.08606,44.48,47.14,0,0,44.05,42.33,0,0,10.08602,50.85007,100,75.92593,72.66187,,44.96795,,39.9359,0,14,1,10
105001019089,65.94748,67.71714,66.30759,56.47641,44.48,42.76,0,0,46.27,39.53,0,0,50.14516,31.33151,92.18241,93.84615,90.78947,26.04888,,18.45742,,0,2,0,2
105001019143,68.1228,67.95938,63.96189,59.94349,,,,,,,,,,,,63.41463,,,,,,,,,
105001019194,74.13998,67.98348,66.84991,65.8772,44.48,45.01,.7092198,.7092198,46.16,42.33,0,0,50.86917,50.85007,91.15044,86.48649,98.37399,,29.73245,,35.06601,0,6,0,6
105001019305,67.37964,69.50484,67.04841,68.47512,,,,,46.16,42.33,0,0,,,94.42756,90,84.61539,27.41694,53.39426,50.93508,58.29708,0,2,0,3
105001019330,69.28514,70.34737,69.19227,66.07648,47.67,45.01,0,0,46.27,45.01,0,0,51.93589,46.153,99.6,87.61062,80,,42.41448,,46.83937,0,10,1,5
105001019429,73.68419,67.08116,71.30908,65.13933,44.48,45.01,.5405406,0,44.05,42.33,0,.4784689,50.07902,50.85007,98.07692,93.75,87.55981,,48.96278,,72.34904,0,7,1,9
105001019453,74.98605,70.48477,69.56172,67.89359,40.82,45.01,0,0,43.93,39.53,0,0,42.5327,50.00269,90.96591,59.49367,85.09316,,53.88041,,38.459,0,3,0,3
105001019534,75.3579,70.56197,67.46973,70.3918,44.48,45.01,0,0,46.16,39.53,0,0,50.86917,31.33151,92.07921,88.52459,60,,51.5929,,51.14208,0,0,0,2
105001019674,68.38164,64.95538,61.56293,64.0302,44.48,49.19,0,0,46.27,45.01,.8849558,0,42.87234,54.67541,90.38461,81.35593,95.57522,45.52688,64.12241,45.05996,60.98409,5,13,2,10
105001019798,65.70781,68.93964,62.42284,56.71017,42.65,45.01,0,0,41.64,36.5,0,0,37.5545,33.12361,79.34782,95.06173,80,50.06989,,50.51004,,0,1,0,7
105001019925,60.91112,60.24696,55.34857,50.90773,44.48,47.14,.4524887,.4524887,44.05,45.01,0,0,10.08602,54.67541,94.25838,77.37227,87.93104,,45.46399,,44.95998,0,1,3,5
105001020028,76.2604,74.17155,71.72169,69.42763,44.48,46.075,0,0,46.16,42.42,0,0,38.73018,52.55022,95.29412,93.87756,86.36364,58.84077,,35.66867,,0,5,0,11
105001020052,72.67477,69.41085,62.33923,71.60753,44.48,47.14,0,0,48.37,45.01,0,0,82.67032,54.67541,96.15385,100,90.90909,65.12514,,60.58581,,0,4,0,17
105001020273,77.05367,73.09952,73.66724,68.29621,50.54,53.22,0,0,53.325,50.42,6.666667,0,55.21586,50,83.78378,82.6087,100,20.13203,51.79228,52.58065,51.29443,0,5,0,0
105001021199,68.06131,67.58393,64.5973,64.60731,44.48,45.01,0,0,46.27,42.42,0,0,51.93589,52.55022,98.86364,98.71795,80,,50.60109,,22.18644,0,2,1,2
105001021547,72.83746,70.07265,66.1212,69.79859,47.67,47.14,0,0,46.16,45.16,0,0,37.6129,49.75956,96.55172,92.1875,95.55556,61.40495,73.05108,57.05603,78.58334,2,17,2,14
105001021636,68.73636,64.90685,66.44675,67.32712,44.48,45.01,0,.5,44.05,42.42,0,0,50.07902,52.55022,97.88737,79.771,91.8239,,39.7543,,28.22788,0,4,2,4
105001021873,69.56873,63.92838,64.21131,60.56017,44.48,49.19,0,0,46.27,39.53,0,0,42.87234,31.33151,76.47578,73.13432,78.65169,51.44513,50.46095,51.19485,31.74448,0,4,0,2
105001022101,70.05917,66.7047,64.07892,66.01068,44.48,47.14,0,0,45.105,42.42,0,0,32.10753,52.55022,95.16129,87.80488,84.375,,53.19762,,63.32341,0,0,0,4
105001023965,73.17029,71.94987,71.17829,72.67648,44.48,45.01,0,0,45.105,39.53,.6944445,0,50.71114,31.33151,92.2764,81.48148,79.16667,,,,,0,5,1,2
105001024073,69.77411,65.27475,65.81845,60.17048,44.48,47.14,0,0,46.16,42.42,1.290323,0,37.6129,52.55022,,,94.83871,,,,,,,,
105001025763,66.02661,65.55411,63.7846,58.25024,,,,,43.93,39.53,0,0,,,93.18182,94.28571,84.31373,,,,,0,2,0,1
105001025771,73.59651,71.02261,70.85072,63.83522,,,,,44.05,39.53,0,0,,,84.57143,95.88235,67.16418,,,,,0,2,0,2
105001025780,64.91181,64.35318,61.85862,56.52538,47.67,47.14,.6849315,0,46.16,42.42,0,0,37.6129,40.14207,95.28796,78.97196,89.61039,,,,,2,1,1,5
105001025798,70.29825,69.09047,70.55714,59.84345,,,,,46.16,45.01,.9090909,0,,,95.27299,81.11888,84.54546,,,,,0,5,0,2
105001025844,72.88417,69.54995,67.4734,68.05557,44.48,45.01,0,0,,,,,,,,,,46.98526,51.88562,57.32238,37.94544,1,28,0,3
105001025984,69.92888,59.57534,61.41975,66.46486,,,,,,,,,,,,,,,,,,,,,
105001025992,60.62157,58.91711,59.45679,59.271,,,,,44.05,42.42,0,0,,,93.84615,87.2093,80.39216,,,,,,,,
105001026000,67.02991,66.13761,63.40557,60.42396,,,,,,,,,,,,,,,,,,,,,
105001026131,66.53088,65.42899,61.78586,61.95996,,,,,,,,,,,90.76103,95.12195,,,,,,,,,
205001001389,67.78784,61.60962,55.77084,65.31566,,,,,,,,,,,93.19985,,,38.26616,,45.21198,,,19,,6
205001001672,68.15843,67.90729,67.76537,61.35092,44.48,51.21,0,0,46.27,42.33,0,0,48.05836,50.85007,88.58268,69.46107,82.8125,61.13553,39.32541,48.87348,53.70364,0,10,0,12
205001001966,71.01449,67.53796,67.29469,78.3701,,,,,,,,,,,100,,,59.4086,,37.88298,,,0,,0
205001002199,65.57559,60.39404,59.87474,60.83515,44.48,47.14,0,0,46.27,39.53,0,0,60.89011,31.33151,100,93.05556,83.78378,39.44008,61.59951,24.00107,61.13553,0,0,0,10
205001002768,65.31723,63.22949,61.85185,71.83112,,,,,,,,,,,100,,,50.0419,,19.1639,,,0,,0
205001006119,69.15727,65.59854,67.22839,75.22144,,,,,,,,,,,97.77778,,,29.4298,,29.67742,,,0,,4
205001006224,86.15905,78.67394,78.51764,82.63847,,,,,,,,,,,100,,,57.22581,,56.22332,,,9,,18
205001006232,68.90289,62.82137,62.2011,60.5188,44.48,45.01,0,0,46.16,42.33,.8928572,0,50.86917,50.85007,90.8046,61.99095,83.92857,53.88346,47.31158,48.42564,39.2463,0,4,1,3
205001006526,71.52711,71.14284,72.31582,69.63921,40.82,47.14,0,0,46.215,39.53,0,0,59.07509,50.00269,100,95.2381,100,54.68506,,52.89421,,0,3,5,10
205001007735,59.49753,57.60795,53.62471,64.9061,44.48,45.01,0,0,46.27,42.33,0,0,51.93589,50.85007,95,94,88.37209,53.04024,53.90601,50.53764,53.90601,0,0,0,0
205001009797,71.46257,68.50224,64.1893,67.30334,47.67,49.19,1.324503,1.324503,46.27,45.01,.7575758,.7575758,42.87234,46.153,100,85.50724,73.48485,,55.78415,,59.25463,3,14,0,9
205001009916,69.53354,66.8746,64.75575,66.07476,,,,,,,,,,,99.1453,,,50.12165,,50.21505,,,0,,0
205001010264,67.92757,65.80688,64.60706,62.93814,44.48,47.14,1.886792,0,46.16,42.375,0,0,37.6129,52.46522,93.24324,89.67741,88.09524,52.84457,35.14503,28.02024,38.62173,1,1,1,6
205001010281,71.46039,71.15823,69.1002,66.58389,44.48,42.76,0,0,48.28,39.53,0,0,50.22043,31.33151,79.6875,84.9315,92.68293,52.78799,,51.89638,,0,3,0,6
205001011031,67.20719,63.39909,64.96502,62.1987,44.48,47.14,0,0,46.27,42.42,0,0,60.89011,52.55022,100,89.39394,89.18919,,64.40379,,67.67738,4,20,2,25
205001012534,71.50048,67.71312,66.59615,65.29992,44.48,45.01,.621118,0,46.27,45.01,.6369427,0,51.93589,54.67541,91.66239,93.27354,89.80891,,56.52336,,52.07561,2,8,1,10
205001014308,71.55395,68.06591,66.14412,73.38654,,,,,,,,,,,97.77778,,,35.21919,,50.53223,,,18,,0
205001018745,62.44396,61.50793,54.31141,54.56937,44.48,47.14,0,0,43.93,39.53,0,0,3.204301,31.33151,95.65218,93.65079,72.22222,50.36559,,50.16727,,0,4,0,6
205001019318,75.9628,69.71971,68.29392,65.08711,44.48,48.165,0,1.06383,50.31,47.81,0,0,86.13087,57.31064,85.85271,86.46304,88.6076,47.14876,70.57021,35.07778,55.44505,1,4,4,7
205001019989,73.82287,66.69246,68.12962,69.96736,,,,,,,,,,,90.46218,,,60.37807,,58.17487,,,9,,6
205001021452,67.29267,60.75024,63.46451,71.75602,,,,,,,,,,,98.86364,,,38.07222,,61.78492,,,13,,13
305001004854,64.88393,58.90339,57.5141,62.91613,47.67,49.19,0,0,48.28,45.01,0,0,63.96815,46.153,97.64706,90.16393,95,65.74802,56.16298,58.27239,57.70372,0,5,2,19
305001007594,78.50778,72.53267,74.76785,79.7313,44.48,51.21,0,2.247191,46.27,45.16,0,0,48.05836,55.95052,100,87.5,98.76543,70.11975,55.7705,68.37269,67.31149,0,29,0,27
305001015287,64.84128,64.25012,62.47374,65.8161,44.48,45.01,0,0,46.16,42.42,0,0,50.86917,52.55022,95.52239,82.10526,83.33333,60.01917,35.8531,54.45296,46.39393,0,7,0,6
305001015686,65.73117,61.95591,62.81917,64.39883,,,,,45.105,45.085,0,0,,,91.73553,96.80851,77.5,47.72605,,29.71309,,0,5,0,11
305001016542,70.70126,69.68291,67.11566,72.34341,,,,,46.16,39.53,0,0,,,100,,87.87878,51.19485,,51.29443,,0,6,0,5
305001018022,75.19741,74.46552,68.78201,63.99325,44.48,45.01,0,0,44.05,42.33,0,0,50.07902,50.85007,85.05747,80.95238,51.51515,50.90868,28.79784,51.30376,42.04919,0,2,0,0
305001018839,73.76749,65.15858,66.36728,70.92735,47.67,47.14,0,0,46.16,45.16,0,0,37.6129,49.75956,90.72165,83.09859,95.91837,53.28463,67.81055,45.47432,76.71584,4,18,11,21
305001019690,66.86842,63.23786,64.83878,61.97606,44.48,47.14,0,0,46.27,45.01,0,0,60.89011,54.67541,87.2771,76.47059,77.63158,53.88041,23.18262,53.11685,37.29703,0,3,0,4
305001022232,75.34148,76.16105,66.93723,69.52119,47.67,45.01,0,0,46.16,42.42,0,0,50.86917,40.14207,95.36423,76.71233,86.27451,,,,,0,2,0,2
305001022640,67.26556,66.62257,67.54466,66.46918,,,,,46.16,39.53,0,0,,,84.67153,88.88889,82.75862,,,,,,3,,2
