dane,nombre,tema_matematica,tema_lenguaje,año_indicador,prmat_bajo_07,prmat_medio_07,prmat_alto_07,prlen_bajo_07,prlen_medio_07,prlen_alto_07,prmat_bajo_07_p,prmat_medio_07_p,prmat_alto_07_p,prlen_bajo_07_p,prlen_medio_07_p,prlen_alto_07_p,tema_lenguaje_d,tema_matematica_d,prmat_bajo_10,prmat_medio_10,prmat_alto_10,prlen_bajo_10,prlen_medio_10,prlen_alto_10,prmat_bajo_10_p,prmat_medio_10_p,prmat_alto_10_p,prlen_bajo_10_p,prlen_medio_10_p,prlen_alto_10_p,Progresolen11,Progresomat11,aprobación5,aprobación9,aprobación11a,aprobación11t,Extraedad,textra,rtextra,categoria_10,categoria_07,varcolegios11,Progresolen5,Progresolen9,Progresomat5,Progresomat9,rango1_l5r,rango2_l5r,rango3_l5r,rango4_l5r,rango5_l5r,rango6_l5r,rango1_m5r,rango2_m5r,rango3_m5r,rango4_m5r,rango5_m5r,rango6_m5r,rango1_l9r,rango2_l9r,rango3_l9r,rango4_l9r,rango5_l9r,rango6_l9r,rango1_m9r,rango2_m9r,rango3_m9r,rango4_m9r,rango5_m9r,rango6_m9r,insuficiente_m9,minimo_m9,satisfactorio_m9,avanzado_m9,insuficiente_m5,minimo_m5,satisfactorio_m5,avanzado_m5,insuficiente_l9,minimo_l9,satisfactorio_l9,avanzado_l9,insuficiente_l5,minimo_l5,satisfactorio_l5,avanzado_l5,bonus_matematica11,bonus_lenguaje11,bonus_total11,bonus_matematica5,bonus_lenguaje5,bonus_total5
105001000001,"INST EDUC JOSE MARIA VELAZ",40.82,47.14,2011,.08,.92,0,0,1,0,8,92,0,0,100,0,50.4,42.42,.0909091,.9090909,0,0,1,0,9.090909,90.9091,0,0,100,0,86.30035,50.10484,.864,.8181818,.8571429,,5,.1515152,.8484849,"Medio","Medio",0,50.37714,,50.37714,,18,26,33,18,4,1,50,14,17,13,6,0,,,,,,,,,,,,,,,,,50,31,19,0,,,,,18,59,22,1,3,2,5,2,2,4
105001000043,"INST EDUC BARRIO SANTA CRUZ",,,,,,,,,,,,,,,,,,,,,,,,,,,,,,,,.831579,.8253968,,,,,,,,,27.69031,50.14516,51.99142,50.58065,35,24,12,16,12,2,35,18,20,14,10,2,39,30,24,7,0,0,48,37,15,0,0,0,48,52,0,0,35,38,24,2,39,54,7,0,35,36,28,2,2,1,3,1,1,2
105001000108,"INST EDUC CEFA",47.67,51.21,2011,.0266544,.9678309,.0055147,.0027574,.9935662,.0036765,2.665441,96.78309,.5514706,.2757353,99.35661,.3676471,50.31,47.59,.0439834,.9360996,.019917,.006639,.9925311,.0008299,4.39834,93.60996,1.991701,.6639004,99.25311,.0829876,50,63.71774,,,1,.970965,28,.0232365,.9767635,"Alto","Alto",0,,,,,,,,,,,,,,,,,,,,,,,,,,,,,,,,,,,,,,,,,,,,,,,,,,
105001000132,"INST EDUC JOSE MARIA BERNAL",44.48,49.19,2011,.08,.92,0,0,1,0,8,92,0,0,100,0,47.275,45.16,.025641,.9615384,.0128205,0,1,0,2.564103,96.15385,1.282051,0,100,0,60.47611,55.95052,.85,.6086956,.9605263,,1,.0128205,.9871795,"Alto","Alto",0,35.42351,,29.53445,,23,26,15,17,15,4,46,15,10,15,2,13,14,27,15,33,10,2,15,31,35,19,0,0,15,66,19,0,46,25,17,13,14,42,43,2,23,41,32,4,,,,,,
105001000141,"INST EDUC CAMILO TORRES RESTREPO",47.67,47.14,2011,.0277778,.9722222,0,.0277778,.9722222,0,2.777778,97.22222,0,2.777778,97.22222,0,45.105,42.33,.131579,.8684211,0,0,1,0,13.1579,86.84211,0,0,100,0,32.10753,35.33332,1,1,1,,3,.0789474,.9210526,"Bajo","Medio",-1,60.98409,54.9974,38.91196,52.81104,3,14,31,28,17,7,35,14,31,14,3,3,11,29,32,18,11,0,18,32,29,7,14,0,18,61,21,0,35,45,17,3,11,61,29,0,3,45,45,7,,,,,,
105001000175,"INST EDUC GABRIEL RESTREPO MORENO",44.48,45.01,2011,.0151515,.9848485,0,.030303,.969697,0,1.515152,98.48485,0,3.030303,96.9697,0,44.05,42.42,.0569106,.9430894,0,.0162602,.9837399,0,5.691057,94.30894,0,1.626016,98.37399,0,50.07902,52.55022,.7723391,.9152542,.9108911,,26,.2113821,.7886178,"Bajo","Bajo",0,50.25091,51.27511,50.37714,51.02009,18,24,29,14,12,4,45,18,19,8,7,4,27,23,30,17,3,0,33,25,24,17,1,0,33,49,18,0,45,37,15,4,27,53,20,0,18,53,26,4,1,1,2,1,1,2
105001000205,"INST EDUC SAN AGUSTIN",,,,,,,,,,,,,,,,46.27,39.53,.0909091,.9090909,0,0,1,0,9.090909,90.9091,0,0,100,0,,,.8645833,.8414634,1,,7,.1272727,.8727273,"Medio",,,50,,39.03519,,22,29,24,10,7,9,36,21,21,13,5,4,12,21,40,21,7,0,39,39,14,7,2,0,39,53,9,0,36,42,18,4,12,61,28,0,22,53,17,9,1,1,2,2,1,3
105001000256,"INST EDUC HECTOR ABAD GOMEZ",47.67,47.14,2011,0,.9756098,.0243902,0,1,0,0,97.56097,2.439024,0,100,0,44.05,39.53,.1421053,.8526316,.0052632,.0315789,.968421,0,14.21053,85.26315,.5263158,3.157895,96.8421,0,10.08602,31.00545,.9590301,.9212924,.9464286,,61,.3210526,.6789473,"Bajo","Medio",-1,54.52889,,51.69579,,18,25,21,15,10,11,45,29,10,12,2,2,,,,,,,,,,,,,,,,,45,39,14,2,,,,,18,46,25,11,2,1,3,2,2,4
105001000353,"INST EDUC JUAN DE LA CRUZ POSADA",44.48,47.14,2011,.0263158,.9736842,0,0,1,0,2.631579,97.36842,0,0,100,0,46.27,42.42,.0606061,.9393939,0,.010101,.989899,0,6.060606,93.93939,0,1.010101,98.9899,0,60.89011,52.55022,.9545575,.9133372,.9789473,,5,.050505,.949495,"Medio","Medio",0,41.63601,,38.27924,,17,22,20,15,12,15,32,20,15,13,13,7,14,22,27,26,11,1,28,33,20,13,4,1,28,53,17,1,32,35,26,7,14,49,37,1,17,42,27,15,,,,,,
105001000396,"INST EDUC JOSE ACEVEDO Y GOMEZ",44.48,47.14,2011,.0168067,.9831933,0,.0084034,.9915966,0,1.680672,98.31933,0,.8403362,99.15966,0,46.16,42.42,.0974026,.9025974,0,0,1,0,9.740259,90.25974,0,0,100,0,37.6129,52.55022,.9707317,.8934911,,.9814815,43,.2792208,.7207792,"Medio","Medio",0,56.81988,57.05645,44.87715,57.05645,14,20,25,22,11,9,38,22,20,9,6,5,20,20,20,24,17,0,15,33,35,14,3,0,15,68,17,0,38,42,15,5,20,40,41,0,14,45,33,9,2,3,5,1,1,2
105001000418,"INST EDUC LA MILAGROSA",40.82,45.01,2011,.0238095,.9761904,0,.0119048,.9880952,0,2.380952,97.61904,0,1.190476,98.80952,0,46.16,43.715,.06,.92,.02,.01,.99,0,6,92,2,1,99,0,50.86917,50.16667,.9069768,.819209,.9074074,.9245283,5,.05,.95,"Medio","Bajo",1,39.86132,56.0632,58.34931,31.86588,23,23,20,16,14,6,29,16,18,17,15,6,10,19,29,35,8,0,15,32,33,16,4,0,15,65,20,0,29,34,32,6,10,48,43,0,23,43,30,6,2,1,3,1,2,3
105001000485,"INST EDUC LA SALLE DE CAMPOAMOR",47.67,47.14,2011,.0122699,.9877301,0,.0122699,.9877301,0,1.226994,98.77301,0,1.226994,98.77301,0,46.27,47.59,.0429448,.9447853,.0122699,.0122699,.9877301,0,4.294478,94.47853,1.226994,1.226994,98.77301,0,60.89011,63.71774,.976923,.7908497,.9577465,.9666666,20,.1226994,.8773006,"Medio","Medio",0,76.83761,72.81884,74.89516,72.81884,4,9,15,21,27,24,15,7,15,19,16,28,5,10,26,37,18,4,2,26,27,32,5,7,2,53,37,7,15,22,35,28,5,36,55,4,4,24,48,24,,,,,,
105001000566,"INST EDUC CARACAS",44.48,47.14,2011,.0119048,.9880952,0,.0119048,.9880952,0,1.190476,98.80952,0,1.190476,98.80952,0,43.93,45.16,.0441176,.9558824,0,.0147059,.9852941,0,4.411765,95.58823,0,1.470588,98.52941,0,3.204301,55.95052,.9369928,.9473684,1,,18,.2647059,.7352941,"Medio","Medio",0,45.85112,68.75519,50,43.11828,12,23,32,19,5,9,47,16,18,7,4,9,2,20,34,30,8,6,6,31,41,22,0,0,6,72,22,0,47,34,11,9,2,54,38,6,12,55,24,9,2,1,3,2,2,4
105001000621,"INST EDUC ESCUELA NORMAL SUPERIOR DE MEDELLIN",47.67,53.22,2011,0,.9569892,.0430108,0,1,0,0,95.69892,4.301075,0,100,0,52.38,52.66,0,.9885057,.0114943,0,1,0,0,98.85057,1.149425,0,100,0,52.60793,85.27419,.9847328,.8417721,.9225352,,1,.0114943,.9885057,"Superior","Superior",0,,,,,3,15,21,21,16,24,23,18,20,15,8,18,,,,,,,,,,,,,,,,,23,38,23,18,,,,,3,36,37,24,2,3,5,2,3,5
105001000795,"INST EDUC ALFREDO COCK ARANGO",44.48,45.01,2011,.0392157,.9607843,0,.0326797,.9673203,0,3.921569,96.07843,0,3.267974,96.73203,0,44.05,39.53,.1214953,.8785047,0,.0093458,.9906542,0,12.14953,87.85047,0,.9345794,99.06542,0,50.07902,31.33151,.975978,.9932432,1,1,13,.1214953,.8785047,"Bajo","Bajo",0,,52.3199,,55.56776,16,28,24,17,7,7,30,22,15,17,7,9,16,23,33,26,2,0,30,39,27,4,1,0,30,66,5,0,30,37,24,9,16,56,28,0,16,52,24,7,,,,,,
105001000809,"INST EDUC PERPETUO SOCORRO",44.48,47.14,2011,.0285714,.9714286,0,0,1,0,2.857143,97.14286,0,0,100,0,46.16,40.93,.1212121,.8787879,0,.0151515,.9848485,0,12.12121,87.87878,0,1.515152,98.48485,0,37.6129,50.51004,,.9268293,,.984375,1,.0151515,.9848485,"Bajo","Medio",-1,34.42844,,45.19495,,21,26,23,13,11,6,32,15,23,13,8,9,2,25,21,41,7,5,27,27,32,11,2,0,27,59,13,0,32,38,21,9,2,46,48,5,21,49,24,6,2,2,4,1,1,2
105001000841,"INST EDUC JESUS MARIA   EL ROSAL",53.2,55.25,2011,0,.9358974,.0641026,0,.974359,.025641,0,93.58974,6.410257,0,97.4359,2.564103,50.31,50.14,.0232558,.9534883,.0232558,0,1,0,2.325581,95.34883,2.325581,0,100,0,49.98387,49.99194,.9538462,.8881579,.902439,,0,0,1,"Superior","Muy superior",-1,64.74244,,72.64423,,0,16,26,13,19,26,3,13,28,34,6,16,2,3,11,54,28,3,5,14,32,42,6,2,5,46,48,2,3,41,40,16,2,14,82,3,0,42,32,26,,,,,,
105001000868,"INST EDUC REPUBLICA DE VENEZUELA",40.82,45.01,2011,.0909091,.9090909,0,0,1,0,9.090909,90.9091,0,0,100,0,43.93,42.33,.057971,.942029,0,.0144928,.9855072,0,5.797101,94.2029,0,1.449275,98.55073,0,42.5327,50.05107,.9642857,.9538462,.9857143,,11,.1594203,.8405797,"Bajo","Bajo",0,51.41257,26.48387,54.28402,26.48387,13,20,25,18,12,12,23,26,21,18,3,8,44,28,21,8,0,0,51,44,3,3,0,0,51,47,3,0,23,47,21,8,44,49,8,0,13,45,30,12,2,1,3,2,1,3
105001000876,"INST EDUC JAVIERA LONDOÑO-SEVILLA",44.48,47.14,2011,.0183486,.9724771,0,.0091743,.9908257,0,1.834862,97.24771,0,.9174312,99.08257,0,46.27,42.33,.1081081,.8918919,0,.018018,.981982,0,10.81081,89.18919,0,1.801802,98.1982,0,60.89011,50.85007,.9591837,.8642857,1,,22,.1981982,.8018018,"Medio","Bajo",1,56.72604,51.85687,53.74805,50.47409,17,12,29,20,16,7,37,26,11,13,6,8,10,21,27,31,12,0,23,38,22,15,2,0,23,60,17,0,37,37,19,8,10,48,43,0,17,41,36,7,2,1,3,1,1,2
105001000931,"INST EDUC DIEGO ECHAVARRIA MISAS",44.48,49.19,2011,.021097,.9746835,.0042194,.0126582,.9831223,.0042194,2.109705,97.46835,.4219409,1.265823,98.31223,.4219409,46.27,47.59,.0469484,.9389671,.0140845,.0187793,.9812207,0,4.694836,93.89671,1.408451,1.877934,98.12206,0,42.87234,56.63058,.9256757,.7849829,.9726027,,10,.0469484,.9530516,"Medio","Alto",-1,,43.77668,,66.09131,3,7,21,26,24,18,14,20,23,17,16,10,16,21,30,28,6,0,17,36,32,11,4,0,17,68,15,0,14,43,33,10,16,51,34,0,3,28,50,18,,,,,,
105001000981,"INST EDUC GILBERTO ALZATE AVENDAÑO",44.48,45.01,2011,.0243902,.9756098,0,.0091463,.9908537,0,2.439024,97.56097,0,.9146341,99.08537,0,44.05,42.42,.1043771,.8922559,.003367,.013468,.986532,0,10.43771,89.22559,.3367003,1.346801,98.6532,0,50.07902,52.55022,.9327592,.7429578,.6176471,.8903226,57,.1919192,.8080808,"Medio","Bajo",1,,55.7705,,16.68548,6,20,28,25,10,11,31,23,21,8,9,8,13,23,30,27,6,1,20,40,27,11,1,1,20,67,12,1,31,44,17,8,13,53,33,1,6,48,35,11,2,2,4,1,2,3
105001000990,"INST EDUC GONZALO RESTREPO JARAMILLO",44.48,47.14,2011,.0154639,.9845361,0,.0103093,.9896907,0,1.546392,98.45361,0,1.030928,98.96907,0,46.27,42.33,.1242236,.8757764,0,0,1,0,12.42236,87.57764,0,0,100,0,60.89011,50.85007,.9886364,.9783784,.952381,1,14,.0869565,.9130435,"Medio","Medio",0,,62.80713,,51.28071,7,11,25,25,18,15,22,24,20,15,4,15,9,15,29,23,18,7,15,31,43,8,2,1,15,74,10,1,22,44,19,15,9,44,41,7,7,36,43,15,1,1,2,2,3,5
105001001023,"INST EDUC ANTONIO RICAURTE",47.67,49.19,2011,0,1,0,0,1,0,0,100,0,0,100,0,44.05,42.42,.0895522,.9104478,0,0,1,0,8.955224,91.04478,0,0,100,0,26.12233,40.14207,.9770115,.9868421,1,,1,.0149254,.9850746,"Medio","Medio",0,41.09042,,57.0612,,17,25,15,17,15,11,26,19,22,9,11,13,10,18,26,32,14,0,8,34,36,20,2,0,8,70,22,0,26,41,20,13,10,44,46,0,17,40,32,11,1,1,2,1,2,3
105001001121,"INST EDUC JOSE ROBERTO VASQUEZ",44.48,49.19,2011,.015748,.984252,0,0,1,0,1.574803,98.4252,0,0,100,0,46.16,42.42,.0526316,.9473684,0,.0315789,.968421,0,5.263158,94.73685,0,3.157895,96.8421,0,33.25,52.55022,.9788733,.8,1,.9274194,5,.0526316,.9473684,"Medio","Medio",0,,42.87234,,47.50532,7,18,18,31,15,11,31,19,19,12,9,11,11,18,28,33,9,1,26,38,26,7,2,1,26,64,9,1,31,38,21,11,11,46,42,1,7,36,46,11,2,2,4,2,2,4
105001001155,"INST EDUC SAN JUAN BAUTISTA DE LA SALLE",44.48,45.01,2011,.0240964,.9759036,0,.0240964,.9759036,0,2.409638,97.59036,0,2.409638,97.59036,0,46.215,45.01,.0517241,.9310345,.0172414,0,1,0,5.172414,93.10345,1.724138,0,100,0,51.81736,54.67541,.8852459,.8761062,.95,,7,.1206897,.8793104,"Medio","Bajo",1,44.66644,26.0055,53.09793,45.05996,13,24,29,19,11,3,37,21,21,13,7,2,21,36,21,16,5,0,14,37,27,21,0,2,14,64,21,2,37,42,20,2,21,57,21,0,13,53,30,3,2,2,4,1,2,3
105001001198,"INST  EDUC AURES",44.48,47.14,2011,.1304348,.8695652,0,0,1,0,13.04348,86.95652,0,0,100,0,46.27,45.01,.0625,.9375,0,0,1,0,6.25,93.75,0,0,100,0,60.89011,54.67541,.8780488,.8571429,.9705882,,4,.125,.875,"Medio","Bajo",1,57.48404,,53.12337,,15,11,34,26,7,8,36,25,19,13,6,2,14,26,33,16,12,0,26,41,31,2,0,0,26,72,2,0,36,44,19,2,14,59,28,0,15,45,33,8,1,2,3,2,1,3
105001001236,"INST EDUC REPUBLICA DE BARBADOS",40.82,47.14,2011,.0327869,.9672131,0,.0327869,.9672131,0,3.278688,96.72131,0,3.278688,96.72131,0,46.27,42.42,.0697674,.9069768,.0232558,0,1,0,6.976745,90.69768,2.325581,0,100,0,60.89011,50.10484,.8561151,.8513514,,.9302326,5,.1162791,.8837209,"Medio","Bajo",1,62.73996,46.98526,59.07509,62.23036,12,15,24,24,13,12,24,15,23,18,9,10,28,24,17,26,6,0,22,35,31,9,4,0,22,66,13,0,24,38,27,10,28,41,32,0,12,39,37,12,3,2,5,2,3,5
105001001252,"INST EDUC CRISTOBAL COLON",44.48,47.14,2011,.0280374,.9719626,0,.0093458,.9906542,0,2.803738,97.19627,0,.9345794,99.06542,0,44.05,42.42,.1153846,.8846154,0,.025641,.974359,0,11.53846,88.46153,0,2.564103,97.4359,0,10.08602,52.55022,.948718,.8105263,.92,,6,.0769231,.9230769,"Medio","Medio",0,36.59131,55.95338,28.54492,43.90189,14,27,25,22,8,4,45,19,20,6,3,6,10,33,21,30,5,1,26,37,30,7,0,0,26,67,7,0,45,39,9,6,10,54,35,1,14,52,30,4,2,2,4,2,3,5
105001001279,"INST EDUC CIRO MENDIA",40.82,45.01,2011,.0342857,.9657143,0,.0114286,.9828572,.0057143,3.428571,96.57143,0,1.142857,98.28571,.5714285,43.93,42.33,.0828025,.9171975,0,0,1,0,8.280255,91.71975,0,0,100,0,42.5327,50.05107,.9789916,.6159539,.7862595,,48,.3057325,.6942675,"Bajo","Bajo",0,47.74434,31.35982,43.40525,48.90352,3,16,20,33,17,11,22,26,21,14,8,9,21,34,24,20,1,0,33,53,11,4,0,0,33,64,4,0,22,47,22,9,21,58,21,0,3,36,50,11,2,1,3,1,2,3
105001001317,"INST EDUC MADRE MARIA MAZARELLO",50.54,53.22,2011,0,.972973,.027027,0,1,0,0,97.2973,2.702703,0,100,0,50.31,47.7,.0344828,.9310345,.0344828,0,1,0,3.448276,93.10345,3.448276,0,100,0,49.94413,49.9581,.9333333,.9480519,1,,2,.0344828,.9655172,"Superior","Superior",0,,,,,,,,,,,,,,,,,,,,,,,,,,,,,,,,,,,,,,,,,,,,,,,,,,
105001001368,"INST EDUC ALVARO MARIN VELASCO",40.82,48.165,2011,.0294118,.9705882,0,0,1,0,2.941176,97.05882,0,0,100,0,44.05,40.93,.1470588,.8529412,0,0,1,0,14.70588,85.29411,0,0,100,0,23.13208,50.04032,.9411765,.8679245,.8484849,,7,.2058824,.7941176,"Bajo","Bajo",0,49.42215,,49.77957,,24,30,27,6,6,6,59,12,24,6,0,0,21,40,26,13,0,0,44,51,5,0,0,0,44,56,0,0,59,36,6,0,21,66,13,0,24,57,12,6,1,1,2,,,
105001001473,"INST EDUC MANUELA BELTRAN",44.48,47.14,2011,.0246914,.9753087,0,0,1,0,2.469136,97.53087,0,0,100,0,46.27,42.33,.0675676,.9189189,.0135135,0,1,0,6.756756,91.89189,1.351351,0,100,0,60.89011,50.85007,.9079754,.8609272,.9666666,,11,.1486486,.8513514,"Bajo","Bajo",0,58.90958,56.62478,55.53006,36.43365,14,16,32,19,11,10,27,26,21,17,2,7,13,22,31,25,8,0,33,36,17,12,1,0,33,53,13,0,27,47,19,7,13,53,33,0,14,48,30,10,1,1,2,1,1,2
105001001490,"INST EDUC LOLA GONZALEZ",44.48,49.19,2011,.0321429,.9678571,0,.0035714,.9964285,0,3.214286,96.78571,0,.3571429,99.64285,0,48.28,45.16,.0436364,.9563636,0,.0181818,.9745455,.0072727,4.363636,95.63636,0,1.818182,97.45454,.7272727,63.96815,55.95052,.9647887,.9078212,.9431818,.723301,8,.0290909,.9709091,"Alto","Medio",1,,47.77368,,61.97648,6,18,16,26,18,17,20,14,20,19,11,14,5,15,23,39,16,3,10,28,38,17,7,1,10,66,24,1,20,34,30,14,5,38,55,3,6,34,44,17,,,,,,
105001001562,"INST EDUC JAVIERA LONDOÑO",44.48,49.19,2011,.0111524,.9888476,0,0,.9962825,.0037175,1.115242,98.88476,0,0,99.62825,.3717472,50.31,47.59,.03125,.965625,.003125,.00625,.990625,.003125,3.125,96.5625,.3125,.625,99.0625,.3125,83.17436,56.63058,1,.974359,.9333333,.9071429,15,.046875,.953125,"Alto","Alto",0,,68.44311,,66.76646,4,19,19,32,18,9,16,23,25,18,10,9,2,9,17,41,27,4,8,29,41,17,5,1,8,70,22,1,16,48,28,9,2,26,68,4,4,38,50,9,,,,,,
105001001635,"INST EDUC YERMO Y PARRES",46.075,49.19,2011,.0076923,.9846154,.0076923,0,1,0,.7692308,98.46154,.7692308,0,100,0,48.37,47.59,.0379747,.9367089,.0253165,0,1,0,3.797468,93.67088,2.531646,0,100,0,77.9363,68.51821,.9603174,.8710043,.8913044,.9747899,3,.0189873,.9810126,"Alto","Alto",0,,78.22883,,53.5286,8,12,24,20,20,16,13,14,21,21,8,22,0,11,25,38,24,4,6,18,33,31,8,5,6,51,39,5,13,35,29,22,0,36,62,4,8,36,40,16,,,,,,
105001001651,"INST EDUC JOSE CELESTINO MUTIS",44.48,47.14,2011,.0196078,.9803922,0,0,1,0,1.960784,98.03922,0,0,100,0,46.16,46.375,.0365854,.9634146,0,.0121951,.9878049,0,3.658536,96.34146,0,1.219512,98.78049,0,37.6129,56.54557,.9210526,.9761904,.9506173,,5,.0609756,.9390244,"Medio","Medio",0,54.05738,58.29776,56.78852,41.95435,11,27,21,18,16,7,30,26,16,12,7,9,9,11,35,35,9,2,13,36,31,16,0,4,13,67,16,4,30,42,19,9,9,46,44,2,11,48,34,7,,,,,,
105001001660,"INST EDUC JOSE ANTONIO GALAN",44.48,47.14,2011,.0246914,.9753087,0,.0123457,.9876543,0,2.469136,97.53087,0,1.234568,98.76543,0,46.16,39.53,.109589,.890411,0,.0136986,.9863014,0,10.9589,89.0411,0,1.369863,98.63013,0,37.6129,31.33151,.8938053,.75,.9333333,,10,.1369863,.8630137,"Bajo","Medio",-1,23.32435,31.93456,28.58911,50.41981,29,23,27,14,3,4,44,23,22,6,3,3,38,22,18,18,4,0,31,33,24,11,2,0,31,57,13,0,44,45,9,3,38,40,22,0,29,50,17,4,1,2,3,1,1,2
105001001686,"INST EDUC RICARDO URIBE ESCOBAR",44.48,45.01,2011,.025,.975,0,0,1,0,2.5,97.5,0,0,100,0,41.64,45.01,0,1,0,0,1,0,0,100,0,0,100,0,37.5545,54.67541,.8846154,.7741935,.9583333,,3,.125,.875,"Bajo","Bajo",0,32.50911,64.11205,55.27041,73.18408,25,25,25,10,15,0,43,14,24,5,5,10,5,19,14,52,10,0,10,62,10,14,5,0,10,72,19,0,43,38,10,10,5,33,62,0,25,50,25,0,3,4,7,3,2,5
105001001791,"INST EDUC GERARDO VALENCIA CANO",44.48,51.21,2011,0,1,0,0,1,0,0,100,0,0,100,0,46.16,47.59,0,.9803922,.0196078,0,1,0,0,98.03922,1.960784,0,100,0,46.71415,56.63058,.9218384,.7058824,.88,,2,.0392157,.9607843,"Alto","Medio",1,66.33516,55.48241,65.2066,34.06517,6,14,21,32,15,13,9,25,19,22,8,18,11,13,43,19,15,0,9,22,52,15,2,0,9,74,17,0,9,44,30,18,11,56,34,0,6,35,47,13,2,2,4,2,3,5
105001001805,"INST EDUC FE Y ALEGRIA POPULAR NRO. 1",42.65,45.01,2011,.0666667,.9333333,0,.0333333,.9666666,0,6.666667,93.33334,0,3.333333,96.66666,0,44.05,42.33,.1445783,.8554217,0,0,1,0,14.45783,85.54217,0,0,100,0,50.07902,50.72992,.9517544,.8442623,1,.975,9,.1084337,.8915663,"Bajo","Bajo",0,51.29347,30.25806,53.28463,25.03226,26,23,22,17,9,3,36,24,18,13,7,2,18,30,26,23,4,0,40,34,21,5,0,0,40,55,5,0,36,42,20,2,18,56,27,0,26,45,26,3,2,3,5,3,2,5
105001001848,"INST EDUC SOR JUANA INES DE LA CRUZ",47.67,49.19,2011,.0338983,.9491525,.0169492,0,1,0,3.389831,94.91525,1.694915,0,100,0,46.27,45.16,.0422535,.915493,.0422535,.0140845,.9859155,0,4.225352,91.54929,4.225352,1.408451,98.59155,0,42.87234,49.75956,.8305085,.8617021,.9324324,,1,.0140845,.9859155,"Medio","Alto",-1,65.41885,77.29032,63.59212,80.19355,2,12,18,25,25,18,10,17,19,17,22,15,4,8,17,42,24,5,3,14,39,27,10,8,3,53,37,8,10,36,39,15,4,25,66,5,2,30,50,18,,,,,,
105001001881,"INST EDUC CARLOS VIECO ORTIZ",,,,,,,,,,,,,,,,,,,,,,,,,,,,,,,,.9772991,.9120879,1,,,,,,,,,,,,,,,,,,,,,,,,,,,,,,,,,,,,,,,,,,,,,,,,,,,,,,,,,
105001002003,"INST EDUC SAN ROBERTO BELARMINO",44.48,51.21,2011,0,1,0,0,1,0,0,100,0,0,100,0,46.27,45.16,.0735294,.9264706,0,0,1,0,7.352942,92.64706,0,0,100,0,48.05836,55.95052,1,.8139535,1,,4,.0588235,.9411765,"Medio","Medio",0,35.47986,,29.07572,,18,25,21,18,11,7,48,23,14,8,1,6,8,28,25,30,6,4,23,31,31,12,4,0,23,62,16,0,48,37,9,6,8,53,36,4,18,46,29,7,,,,,,
105001002011,"INST EDUC FEDERICO OZANAM",47.67,49.19,2011,.0165746,.9779006,.0055249,.0055249,.9944751,0,1.657459,97.79005,.5524862,.5524862,99.44751,0,46.16,42.42,.0954357,.9004149,.0041494,.0124481,.9875519,0,9.543569,90.0415,.4149378,1.244813,98.75519,0,33.25,40.14207,.9468085,.8908451,.9863946,1,58,.2406639,.7593361,"Medio","Medio",0,39.98083,66.45726,37.17724,42.53301,11,22,26,24,14,3,35,23,18,11,5,8,7,16,26,37,12,2,11,24,40,18,8,0,11,64,26,0,35,41,16,8,7,42,49,2,11,48,38,3,,,,,,
105001002020,"INST EDUC RAFAEL URIBE URIBE",44.48,45.01,2011,0,1,0,0,1,0,0,100,0,0,100,0,,,,,,,,,,,,,,,,,.9878049,.8506494,.8769231,,,,,,"Medio",,67.92999,73.56983,46.90322,67.02265,5,3,27,22,24,19,14,16,22,17,17,14,4,11,25,39,17,4,10,32,37,17,3,1,10,69,20,1,14,38,34,14,4,36,56,4,5,30,46,19,,,,,,
105001002038,"INST EDUC JOSE EUSEBIO CARO",47.67,47.14,2011,0,1,0,0,1,0,0,100,0,0,100,0,46.215,50.42,.047619,.952381,0,0,1,0,4.761905,95.2381,0,0,100,0,59.07509,83.31451,.942623,.9166667,.744186,,4,.0952381,.9047619,"Alto","Bajo",2,52.00727,73.95112,52.35373,69.87434,17,22,22,22,9,8,29,22,20,13,4,13,0,13,38,20,20,10,10,25,33,23,10,0,10,58,33,0,29,42,17,13,0,51,40,10,17,44,31,8,2,2,4,2,2,4
105001002071,"INST EDUC BENJAMIN HERRERA",44.48,45.01,2011,.046729,.953271,0,0,1,0,4.672897,95.3271,0,0,100,0,41.64,36.5,.2592593,.7407407,0,.0740741,.9259259,0,25.92593,74.07407,0,7.407407,92.59259,0,37.5545,28.99795,.9139785,.7361111,.9655172,1,21,.7777778,.2222222,"Inferior","Bajo",-1,,47.23387,,41.70161,11,24,36,21,7,2,37,17,22,9,15,0,14,16,33,31,4,2,18,52,24,4,0,2,18,76,4,2,37,39,24,0,14,49,35,2,11,60,28,2,,,,,,
105001002101,"INST EDUC JUAN DE DIOS COCK",47.67,49.19,2011,.0967742,.9032258,0,0,1,0,9.677419,90.32258,0,0,100,0,46.215,42.42,.1486486,.8378378,.0135135,.027027,.972973,0,14.86487,83.78378,1.351351,2.702703,97.2973,0,41.80319,40.14207,.9207317,.8411215,.9066667,,0,0,1,"Medio","Medio",0,49.35746,,46.31241,,11,19,30,23,12,6,21,16,24,16,13,11,10,16,33,36,5,0,16,41,30,8,3,2,16,71,11,2,21,40,29,11,10,49,41,0,11,49,35,6,2,1,3,2,2,4
105001002119,"INST EDUC MARCO FIDEL SUAREZ",44.48,47.14,2011,.018315,.981685,0,.010989,.989011,0,1.831502,98.1685,0,1.098901,98.9011,0,46.16,42.33,.115942,.8743961,.0096618,.0144928,.9855072,0,11.5942,87.43961,.9661835,1.449275,98.55073,0,37.6129,50.85007,.8865079,.7727273,.8472222,,55,.2657005,.7342995,"Medio","Medio",0,73.9945,42.5039,63.89894,46.25195,6,10,16,26,19,23,13,16,25,17,16,12,18,29,26,19,8,1,28,34,23,10,4,1,28,57,14,1,13,41,33,12,18,55,27,1,6,26,45,23,,,,,,
105001002135,"INST EDUC RAMON MUNERA LOPERA",44.48,51.21,2011,0,1,0,0,1,0,0,100,0,0,100,0,46.27,42.42,.0847458,.9152542,0,.0338983,.9491525,.0169492,8.474577,91.52542,0,3.389831,94.91525,1.694915,48.05836,52.55022,.9254339,.9462366,.9565217,,12,.2033898,.7966102,"Medio","Alto",-1,44.12097,29.70376,50,40.83395,33,24,25,14,2,2,58,21,12,4,3,2,17,23,33,23,4,0,33,33,20,13,0,0,33,53,13,0,58,33,7,2,17,56,27,0,33,49,16,2,3,3,6,2,2,4
105001002305,"INST EDUC MARISCAL ROBLEDO",44.48,45.01,2011,.0869565,.9130435,0,0,1,0,8.695652,91.30435,0,0,100,0,46.16,42.33,.0666667,.9333333,0,.0133333,.9866667,0,6.666667,93.33334,0,1.333333,98.66667,0,50.86917,50.85007,.9777778,.8717949,1,,11,.1466667,.8533334,"Medio","Bajo",1,55.23774,,41.68816,,10,26,24,29,5,5,38,22,14,19,5,2,16,22,33,20,10,0,24,50,20,4,2,0,24,70,6,0,38,36,24,2,16,55,30,0,10,50,34,5,1,2,3,2,1,3
105001002348,"INST EDUC FE Y ALEGRIA SANTO DOMINGO SAVIO",44.48,49.19,2011,.0076336,.9770992,.0152672,0,1,0,.7633588,97.70992,1.526718,0,100,0,46.27,42.33,.0718954,.9215686,.0065359,0,1,0,7.189543,92.15686,.6535948,0,100,0,42.87234,50.85007,.8285714,.9431818,1,1,18,.1176471,.8823529,"Medio","Medio",0,51.29443,24.01049,50.64721,40.31763,19,32,25,9,10,6,60,18,10,6,3,4,26,39,25,8,2,0,38,44,15,3,0,0,38,59,3,0,60,28,9,4,26,64,10,0,19,57,19,6,2,,2,2,2,4
105001002356,"INST EDUC GABRIEL GARCIA MARQUEZ",44.48,47.14,2011,.0217391,.9782609,0,.0434783,.9565217,0,2.173913,97.82609,0,4.347826,95.65218,0,46.16,42.42,.0819672,.9180328,0,0,1,0,8.196721,91.80328,0,0,100,0,37.6129,52.55022,.9869546,.9108911,1,1,8,.1311475,.8688525,"Medio","Medio",0,51.68306,,42.62878,,25,28,19,15,7,5,44,26,15,8,5,3,20,30,30,20,0,0,33,32,28,7,0,0,33,60,7,0,44,41,13,3,20,60,20,0,25,47,22,5,2,3,5,2,2,4
105001002461,"INST EDUC LUCRECIO JARAMILLO VELEZ",44.48,45.01,2011,.024,.976,0,0,1,0,2.4,97.6,0,0,100,0,46.27,47.7,.0833333,.8854167,.03125,.0104167,.9791667,.0104167,8.333334,88.54167,3.125,1.041667,97.91667,1.041667,51.93589,57.22564,1,.7889909,1,,11,.1145833,.8854167,"Alto","Medio",1,,68.14516,,57.72849,6,11,21,28,15,19,23,15,15,23,10,15,8,8,19,38,23,6,6,24,34,30,4,2,6,58,34,2,23,30,33,15,8,27,61,6,6,32,43,19,,,,,,
105001002470,"INST EDUC SAN VICENTE DE PAUL",44.48,45.01,2011,.006993,.993007,0,.013986,.986014,0,.6993007,99.3007,0,1.398601,98.6014,0,46.27,42.42,.0944206,.9012876,.0042918,.0042918,.9957082,0,9.44206,90.12875,.4291846,.4291846,99.57082,0,51.93589,52.55022,.9720732,.9013926,.9609375,,11,.0472103,.9527897,"Medio","Medio",0,,53.7783,,59.65566,11,27,28,18,12,5,35,21,17,14,9,5,21,21,26,26,6,1,26,38,27,9,1,0,26,65,10,0,35,38,23,5,21,47,32,1,11,55,30,5,2,1,3,2,2,4
105001002488,"INST EDUC PEDRO LUIS VILLA",44.48,45.01,2011,.010101,.989899,0,.020202,.979798,0,1.010101,98.9899,0,2.020202,97.9798,0,44.05,45.01,.025,.975,0,0,1,0,2.5,97.5,0,0,100,0,50.07902,54.67541,.9888889,.8214286,1,.8823529,5,.125,.875,"Medio","Bajo",1,17.54095,50.33524,17.69079,50,37,28,15,10,6,5,57,17,13,5,4,4,30,37,14,16,2,0,48,43,5,2,0,2,48,48,2,2,57,30,9,4,30,51,18,0,37,43,16,5,2,1,3,1,2,3
105001002496,"INST EDUC CRISTO REY",47.67,47.14,2011,0,.9591837,.0408163,0,1,0,0,95.91837,4.081633,0,100,0,46.27,47.59,.0705882,.9058824,.0235294,0,.9882353,.0117647,7.058824,90.58823,2.352941,0,98.82353,1.176471,60.89011,63.71774,1,.8888889,1,.9666666,10,.1176471,.8823529,"Alto","Alto",0,,58.70968,,55.22581,16,25,39,10,5,5,29,21,14,17,9,10,11,16,36,34,3,0,10,32,45,12,1,0,10,77,13,0,29,35,26,10,11,52,37,0,16,64,15,5,,,,,,
105001002526,"INST EDUC SAMUEL BARRIENTOS RESTREPO",44.48,47.14,2011,.034188,.965812,0,0,1,0,3.418804,96.5812,0,0,100,0,44.05,42.33,.0918367,.9030612,.005102,.0204082,.9795918,0,9.183674,90.30612,.5102041,2.040816,97.95918,0,10.08602,50.85007,.9748808,.9634146,.9112903,,46,.2346939,.7653061,"Bajo","Alto",-2,38.25855,39.64458,50.48661,33.27202,18,23,19,21,12,6,42,19,16,10,7,6,12,21,27,33,7,0,26,29,28,13,5,0,26,57,18,0,42,35,17,6,12,48,40,0,18,42,33,6,2,,2,1,1,2
105001002780,"INST EDUC SAN FRANCISCO DE ASIS",44.48,45.01,2011,.0277778,.9722222,0,0,1,0,2.777778,97.22222,0,0,100,0,45.105,39.53,.1904762,.8095238,0,.0238095,.9761904,0,19.04762,80.95238,0,2.380952,97.61904,0,50.71114,31.33151,.9756098,.7230769,.8292683,,4,.0952381,.9047619,"Bajo","Bajo",0,50.30413,50.15365,50.11174,50.09778,36,36,9,11,4,4,68,7,9,11,4,2,35,30,18,18,0,0,33,44,18,5,0,0,33,62,5,0,68,16,15,2,35,48,18,0,36,45,15,4,3,3,6,3,2,5
105001002798,"INST EDUC MATER DEI",44.48,50.2,2011,0,1,0,0,1,0,0,100,0,0,100,0,50.4,50.28,.0217391,.9130435,.0652174,0,1,0,2.173913,91.30435,6.521739,0,100,0,59.64365,57.39565,.8913044,.9318182,.9782609,,3,.0652174,.9347826,"Superior","Alto",1,49.06299,,48.79781,,7,3,7,41,17,24,7,7,21,28,17,21,7,7,20,27,33,7,7,13,33,27,20,0,7,46,47,0,7,28,45,21,7,27,60,7,7,10,58,24,,,,,,
105001002895,"INST EDUC FRANCISCO ANTONIO ZEA",47.67,49.19,2011,.0188679,.9811321,0,0,.9937107,.0062893,1.886792,98.11321,0,0,99.37107,.6289308,48.37,47.59,.025974,.9480519,.025974,.0064935,.9935065,0,2.597403,94.80519,2.597403,.6493506,99.35065,0,77.9363,63.71774,.9498046,.6923077,.9342105,,10,.0649351,.9350649,"Alto","Alto",0,63.70694,65.13979,56.37256,54.12903,7,16,26,19,14,19,26,21,27,13,6,7,3,15,21,35,24,2,11,24,40,16,6,3,11,64,22,3,26,48,19,7,3,36,59,2,7,42,33,19,,,,,,
105001002976,"INST EDUC LA PIEDAD",46.075,47.14,2011,.0135135,.9864865,0,0,1,0,1.351351,98.64865,0,0,100,0,44.05,42.33,.1219512,.8780488,0,.0609756,.9390244,0,12.19512,87.80488,0,6.097561,93.90244,0,10.08602,32.80204,.8876405,.8255814,1,,2,.0243902,.9756098,"Medio","Medio",0,52.04018,53.89634,55.05701,53.33972,14,18,31,23,9,6,35,24,17,8,9,8,17,25,23,25,11,0,26,28,28,13,4,0,26,56,17,0,35,41,17,8,17,48,36,0,14,49,32,6,2,2,4,1,1,2
105001003123,"INST EDUC FATIMA NUTIBARA",47.67,47.14,2011,.0253165,.9746835,0,0,1,0,2.531646,97.46835,0,0,100,0,48.28,45.085,.0428571,.9428571,.0142857,.0142857,.9857143,0,4.285715,94.28571,1.428571,1.428571,98.57143,0,77.83028,49.03825,.9705882,.8356164,.8529412,.9722222,7,.1,.9,"Medio","Medio",0,65.98809,65.32447,46.96807,54.2766,10,23,7,32,13,16,25,16,22,19,6,13,10,8,33,35,13,3,12,24,39,24,0,0,12,63,24,0,25,38,25,13,10,41,48,3,10,30,45,16,,,,,,
105001003131,"INST EDUC REPUBLICA DE HONDURAS",44.48,45.01,2011,0,1,0,0,1,0,0,100,0,0,100,0,46.27,42.42,.0588235,.9411765,0,0,1,0,5.882353,94.11765,0,0,100,0,51.93589,52.55022,.8034188,.9,.96,,3,.1764706,.8235294,"Medio","Bajo",1,51.95968,61.04787,50.75368,65.32447,15,29,35,6,12,4,56,16,18,6,2,2,7,7,57,21,7,0,0,64,29,0,7,0,0,93,7,0,56,34,8,2,7,64,28,0,15,64,18,4,,2,2,1,1,2
105001003221,"INST EDUC MANUEL JOSE CAYZEDO",44.48,45.01,2011,.0210526,.9789473,0,.0210526,.9789473,0,2.105263,97.89474,0,2.105263,97.89474,0,44.05,42.42,.1,.9,0,.0166667,.9833333,0,10,90,0,1.666667,98.33334,0,50.07902,52.55022,.9444444,.9710145,.9473684,,5,.0833333,.9166667,"Bajo","Bajo",0,53.44086,23.23417,50.83962,16.19053,23,25,16,18,11,7,48,15,13,7,13,4,37,27,15,17,2,2,42,37,16,4,0,2,42,53,4,2,48,28,20,4,37,42,19,2,23,41,29,7,2,2,4,2,2,4
105001003271,"INST EDUC OCTAVIO HARRY",40.82,45.01,2011,.0434783,.9565217,0,0,1,0,4.347826,95.65218,0,0,100,0,48.325,45.085,.0769231,.9038461,.0192308,.0192308,.9807692,0,7.692308,90.38461,1.923077,1.923077,98.07692,0,53.35817,50.2043,.9538462,.7464789,1,1,10,.1923077,.8076923,"Alto",,,,66.14199,,68.92509,13,18,26,13,16,13,34,29,13,5,11,8,11,26,17,26,17,2,9,33,30,24,4,0,9,63,28,0,34,42,16,8,11,43,43,2,13,44,29,13,,,,,,
105001003280,"INST EDUC MARIA MONTESSORI",44.48,47.14,2011,.0150754,.9849246,0,.0050251,.9899498,.0050251,1.507538,98.49246,0,.5025126,98.99498,.5025126,44.05,39.53,.1276596,.8723404,0,.0141844,.9858156,0,12.76596,87.23405,0,1.41844,98.58156,0,10.08602,31.33151,.9895833,.8333333,.979798,,38,.2695035,.7304965,"Bajo","Medio",-1,,58.29839,,67.51881,10,17,29,16,17,11,20,23,20,14,11,11,11,17,28,37,7,0,22,36,32,8,3,0,22,68,11,0,20,43,25,11,11,45,44,0,10,46,33,11,,,,,,
105001003298,"INST EDUC LORENZA VILLEGAS DE SANTOS",44.48,49.19,2011,.0246305,.9753695,0,0,1,0,2.463054,97.53694,0,0,100,0,46.16,42.33,.0797546,.9202454,0,.0122699,.9877301,0,7.97546,92.02454,0,1.226994,98.77301,0,33.25,50.85007,.9892473,.953917,.9393939,,3,.0184049,.9815951,"Medio","Medio",0,,54.72308,,46.28816,10,9,29,21,14,18,36,19,20,11,8,6,5,14,27,34,15,5,11,27,39,14,8,1,11,66,22,1,36,39,19,6,5,41,49,5,10,38,35,18,2,2,4,2,3,5
105001003387,"INST EDUC SANTA ROSA DE LIMA",44.48,45.01,2011,.0263158,.9736842,0,.0065789,.9934211,0,2.631579,97.36842,0,.6578947,99.34211,0,44.05,42.33,.0827586,.9172414,0,.0206897,.9793103,0,8.275862,91.72414,0,2.068965,97.93103,0,50.07902,50.85007,.9063492,.811828,.8552632,,16,.1103448,.8896552,"Bajo","Bajo",0,,46.52951,,28.02024,10,22,24,24,16,3,32,25,17,10,9,7,19,25,21,27,7,1,41,24,29,6,0,0,41,53,6,0,32,42,19,7,19,46,34,1,10,46,40,3,2,1,3,2,1,3
105001003425,"INST EDUC JOSE MARIA BRAVO MARQUEZ",44.48,49.19,2011,.0337079,.9662921,0,.011236,.988764,0,3.370786,96.62921,0,1.123595,98.8764,0,46.27,45.01,.0643564,.9207921,.0148515,.0049505,.9950495,0,6.435644,92.07921,1.485149,.4950495,99.50494,0,42.87234,54.67541,.9243243,.8092105,.9881657,,25,.1237624,.8762376,"Medio","Medio",0,,49.39891,,48.94809,9,12,23,29,16,11,27,18,19,18,7,12,3,12,23,37,25,1,10,27,34,20,9,0,10,61,29,0,27,37,25,12,3,35,62,1,9,35,45,11,,,,,,
105001003441,"INS TEC INDUSTRIAL PASCUAL BRAVO",47.67,49.19,2011,.0101351,.9763514,.0135135,.0067568,.9932432,0,1.013513,97.63514,1.351351,.6756757,99.32433,0,50.4,55.62,.0168539,.9269663,.0561798,0,1,0,1.685393,92.69663,5.617978,0,100,0,88.41241,87.23387,,.8095238,1,,2,.011236,.988764,"Superior","Alto",1,,,,,,,,,,,,,,,,,1,10,24,38,23,5,2,13,34,29,15,8,2,47,44,8,,,,,1,34,61,5,,,,,2,2,4,3,3,6
105001003450,"INST EDUC ROSALIA SUAREZ",47.67,49.19,2011,0,1,0,0,1,0,0,100,0,0,100,0,48.28,42.42,.0853659,.9146342,0,0,.9878049,.0121951,8.536586,91.46342,0,0,98.78049,1.219512,63.96815,40.14207,.9929578,.9038461,.9642857,,3,.0365854,.9634146,"Alto","Medio",1,47.17368,,42.88361,,7,9,22,27,24,11,27,18,21,13,9,11,9,17,24,21,23,7,23,31,34,11,1,0,23,65,12,0,27,39,22,11,9,41,44,7,7,31,51,11,,,,,,
105001004472,"INST EDUC LA PRESENTACION",50.54,49.19,2011,.0294118,.9705882,0,0,1,0,2.941176,97.05882,0,0,100,0,49.34,45.085,.0178571,.9821429,0,0,1,0,1.785714,98.21429,0,0,100,0,81.42834,49.70667,.9058824,.974026,1,,0,0,1,"Alto","Medio",1,69.23499,,75.9305,,2,2,11,19,21,45,7,13,17,17,20,26,2,4,12,35,33,14,6,15,38,27,13,2,6,53,40,2,7,30,37,26,2,16,68,14,2,13,40,45,,,,,,
105001004791,"INST EDUC SANTO ANGEL",47.67,53.22,2011,0,1,0,0,1,0,0,100,0,0,100,0,52.29,52.66,0,.9462366,.0537634,0,.9892473,.0107527,0,94.62366,5.376344,0,98.92473,1.075269,52.60793,85.27419,.8366013,.9159664,.9892473,,3,.0322581,.967742,"Muy superior","Superior",1,62.4173,49.91499,50,48.97991,1,1,10,18,35,35,2,10,19,25,11,33,0,5,17,32,36,11,4,24,37,28,4,3,4,61,32,3,2,29,36,33,0,22,68,11,1,11,53,35,,,,,,
105001005291,"INST EDUC CAMPO VALDES",44.48,45.01,2011,.031746,.968254,0,0,1,0,3.174603,96.82539,0,0,100,0,46.27,42.42,.1029412,.8970588,0,.0147059,.9852941,0,10.29412,89.70589,0,1.470588,98.52941,0,51.93589,52.55022,.7608696,.6944444,.943662,,5,.0735294,.9264706,"Medio","Bajo",1,55.79602,53.10432,38.91196,28.84151,7,22,24,21,15,11,37,21,14,13,7,7,22,25,27,19,6,0,36,33,23,6,2,0,36,56,8,0,37,35,20,7,22,52,25,0,7,46,36,11,,,,,,
105001005339,"INST EDUC MONSEÑOR FRANCISCO CRISTOBAL TORO",44.48,47.14,2011,.025,.975,0,.025,.975,0,2.5,97.5,0,2.5,97.5,0,46.16,42.33,.1030928,.8865979,.0103093,0,1,0,10.30928,88.65979,1.030928,0,100,0,37.6129,50.85007,.9710624,.9060403,.95,,18,.185567,.814433,"Medio","Bajo",1,37.55437,36.30693,50,49.55829,13,30,24,16,11,6,38,21,19,13,6,4,16,26,31,20,8,0,37,37,18,8,1,0,37,55,9,0,38,40,19,4,16,57,28,0,13,54,27,6,1,2,3,2,2,4
105001005347,"INST EDUC TULIO OSPINA",44.48,47.14,2011,.0378788,.9621212,0,0,.9924242,.0075758,3.787879,96.21212,0,0,99.24242,.7575758,46.27,42.42,.0854701,.9145299,0,0,.991453,.008547,8.547009,91.453,0,0,99.1453,.8547009,60.89011,52.55022,.9196913,.8124574,.9587629,,8,.0683761,.9316239,"Medio","Medio",0,,38.50489,,42.13492,10,8,29,29,15,10,30,17,18,17,5,13,18,19,25,30,7,2,29,38,25,8,1,0,29,63,9,0,30,35,22,13,18,44,37,2,10,37,44,10,1,1,2,2,3,5
105001005380,"INST EDUC MANUEL URIBE ANGEL",,,,,,,,,,,,,,,,,,,,,,,,,,,,,,,,.7568396,,,,,,,,,,,,,,,,,,,,,,,,,,,,,,,,,,,,,,,,,,,,,,,,,,,,,,,,,,,
105001005410,"INST EDUC JUAN DE DIOS CARVAJAL",46.075,47.14,2011,.0333333,.9666666,0,0,1,0,3.333333,96.66666,0,0,100,0,47.275,45.085,.0512821,.9358974,.0128205,0,1,0,5.128205,93.58974,1.282051,0,100,0,76.62026,49.70348,.974359,.7948718,.948718,,3,.0384615,.9615384,"Alto","Medio",1,36.77634,38.29285,37.00743,25.12232,17,20,28,21,10,4,31,23,24,10,4,9,13,24,36,25,3,0,20,41,28,9,3,0,20,69,12,0,31,47,14,9,13,60,28,0,17,48,31,4,,,,,,
105001005495,"INST EDUC REPUBLICA DE URUGUAY",44.48,47.14,2011,.037594,.962406,0,.0225564,.9774436,0,3.759398,96.2406,0,2.255639,97.74436,0,43.93,42.42,.1136364,.8863636,0,.0075758,.9924242,0,11.36364,88.63636,0,.7575758,99.24242,0,3.204301,52.55022,.8823529,.8407643,.9477612,,3,.0227273,.9772727,"Medio","Medio",0,56.22332,67.89247,58.84077,62.3871,13,12,22,26,16,11,24,22,17,16,9,12,2,11,28,39,16,4,10,33,33,18,7,0,10,66,25,0,24,39,25,12,2,39,55,4,13,34,42,11,2,2,4,2,2,4
105001005525,"INST EDUC ENRIQUE OLAYA HERRERA",44.48,42.76,2011,.0526316,.9473684,0,0,1,0,5.263158,94.73685,0,0,100,0,44.05,39.53,.1052632,.8947368,0,.0263158,.9736842,0,10.52632,89.47369,0,2.631579,97.36842,0,50.01882,31.33151,.9107143,.8767123,.9466667,,6,.0789474,.9210526,"Bajo","Bajo",0,50.16762,51.02644,50.42076,53.48991,33,29,29,7,2,0,48,38,3,8,5,0,26,33,14,26,2,0,36,36,20,6,2,0,36,56,8,0,48,41,13,0,26,47,28,0,33,58,9,0,1,1,2,1,1,2
105001005878,"INST EDUC FRANCISCO MIRANDA",44.48,42.76,2011,.0266667,.9733334,0,0,1,0,2.666667,97.33334,0,0,100,0,46.16,42.33,.113924,.8797469,.0063291,.0063291,.9936709,0,11.3924,87.97469,.6329114,.6329114,99.36709,0,50.07258,50.85007,.8,.6167665,.7433628,,48,.3037975,.6962025,"Bajo","Bajo",0,51.50856,38.6651,51.87402,32.36793,21,26,20,20,10,3,49,17,15,12,4,3,14,23,28,29,5,1,27,27,33,9,5,0,27,60,14,0,49,32,16,3,14,51,34,1,21,46,30,3,2,1,3,1,2,3
105001006068,"INST EDUC DINAMARCA",46.075,45.01,2011,.0384615,.9615384,0,0,1,0,3.846154,96.15385,0,0,100,0,46.16,42.42,.0632911,.9367089,0,.0126582,.9873418,0,6.329114,93.67088,0,1.265823,98.73418,0,50.86917,38.73238,.95,.7631579,.9626168,,3,.0379747,.9620253,"Bajo","Bajo",0,80.3947,,52.51603,,6,13,9,21,17,34,31,17,18,16,11,7,8,26,18,38,4,6,30,30,26,12,0,2,30,56,12,2,31,35,27,7,8,44,42,6,6,22,38,34,,,,,,
105001006092,"INST EDUC JULIO CESAR GARCIA",44.48,49.19,2011,0,.9759036,.0240964,0,1,0,0,97.59036,2.409638,0,100,0,48.28,45.01,.0666667,.9333333,0,0,1,0,6.666667,93.33334,0,0,100,0,63.96815,54.67541,.9021739,.9666666,,.9333333,1,.0133333,.9866667,"Alto","Medio",1,64.52014,71.90986,56.58527,42.11436,15,14,18,21,21,11,25,15,19,23,10,8,8,10,25,41,12,4,18,28,29,23,2,0,18,57,25,0,25,34,33,8,8,35,53,4,15,32,42,11,,,,,,
105001006181,"INST EDUC PEDRO OCTAVIO AMADO",44.48,47.14,2011,.0344828,.954023,.0114943,.0114943,.9885057,0,3.448276,95.4023,1.149425,1.149425,98.85057,0,46.27,45.01,.1,.8857143,.0142857,.0142857,.9857143,0,10,88.57143,1.428571,1.428571,98.57143,0,60.89011,54.67541,.96875,.9090909,.9583333,,4,.0571429,.9428571,"Medio","Medio",0,52.46522,52.51879,50.93169,68.89095,15,19,32,23,8,3,36,28,13,12,7,5,18,19,27,27,10,0,15,41,39,6,0,0,15,80,6,0,36,41,19,5,18,46,37,0,15,51,31,3,1,1,2,1,1,2
105001006246,"INST EDUC JORGE ROBLEDO",44.48,47.14,2011,0,1,0,.0163934,.9836066,0,0,100,0,1.639344,98.36066,0,48.28,42.42,.1016949,.8813559,.0169492,.0169492,.9830508,0,10.16949,88.1356,1.694915,1.694915,98.30508,0,77.83028,52.55022,.9529412,.7678571,.8360656,,9,.1525424,.8474576,"Medio","Medio",0,37.22581,20.75743,34.86021,26.19791,13,27,22,22,9,7,51,13,22,11,0,2,36,22,26,14,2,0,38,44,10,6,2,0,38,54,8,0,51,35,11,2,36,48,16,0,13,49,31,7,1,,1,2,2,4
105001006483,"INST EDUC RODRIGO CORREA PALACIO",47.67,47.14,2011,0,1,0,0,1,0,0,100,0,0,100,0,46.16,40.975,.0769231,.9230769,0,.0384615,.9615384,0,7.692308,92.30769,0,3.846154,96.15385,0,37.6129,35.09288,.9705882,.9189189,1,,2,.0769231,.9230769,"Medio","Medio",0,52.55471,50.19769,55.79602,50.02281,8,17,42,25,4,4,13,8,38,25,13,4,28,28,17,22,6,0,33,28,33,6,0,0,33,61,6,0,13,46,38,4,28,45,28,0,8,59,29,4,,,,,,
105001006718,"INST EDUC ASIA IGNACIANA",42.65,45.01,2011,.0543478,.9456522,0,.0108696,.9891304,0,5.434783,94.56522,0,1.086957,98.91304,0,46.27,42.42,.1182796,.8709677,.0107527,.0215054,.9784946,0,11.82796,87.09677,1.075269,2.150538,97.84946,0,51.93589,51.94645,.8579203,.9358974,1,.9756098,7,.0752688,.9247312,"Medio","Bajo",1,,40.83944,,45.61886,17,18,25,23,7,10,33,19,19,10,14,5,8,25,32,30,4,1,17,42,25,13,3,0,17,67,16,0,33,38,24,5,8,57,34,1,17,43,30,10,1,2,3,1,1,2
105001006980,"INST EDUC CONCEJO DE MEDELLIN",47.67,49.19,2011,.0233236,.9591837,.0174927,.0116618,.9854227,.0029155,2.332362,95.91837,1.749271,1.166181,98.54227,.2915452,48.28,45.01,.0619195,.9164087,.0216718,.003096,.996904,0,6.19195,91.64087,2.167183,.3095975,99.6904,0,63.96815,46.153,.969697,.5591398,.7644628,.8222222,53,.1640867,.8359133,"Alto","Medio",1,,63.26819,,42.53889,13,16,24,22,17,9,27,16,24,14,11,8,5,12,25,35,19,3,15,28,29,17,9,2,15,57,26,2,27,40,25,8,5,37,54,3,13,40,39,9,,,,,,
105001007111,"INST EDUC SEBASTIAN DE BELALCAZAR",44.48,47.14,2011,.0217391,.9782609,0,0,1,0,2.173913,97.82609,0,0,100,0,44.05,40.93,.0869565,.9130435,0,.0217391,.9782609,0,8.695652,91.30435,0,2.173913,97.82609,0,10.08602,50.51004,.9101124,.8589743,.9782609,,7,.1521739,.8478261,"Bajo","Bajo",0,,,,,14,10,31,26,18,2,28,16,29,12,10,6,11,17,34,32,6,0,21,40,23,13,2,0,21,63,15,0,28,45,22,6,11,51,38,0,14,41,44,2,2,1,3,2,2,4
105001007188,"INST EDUC BENEDIKTA ZUR NIEDEN",44.48,47.14,2011,0,1,0,0,1,0,0,100,0,0,100,0,46.16,45.16,.0472441,.9527559,0,0,1,0,4.72441,95.27559,0,0,100,0,37.6129,55.95052,.9350649,.8607595,.9411765,,13,.1023622,.8976378,"Medio","Bajo",1,46.31183,54.08036,34.80265,53.57031,16,20,18,21,17,7,37,24,17,9,7,5,7,26,26,29,13,0,17,35,32,14,1,1,17,67,15,1,37,41,16,5,7,52,42,0,16,38,38,7,2,3,5,3,2,5
105001007218,"INST EDUC MARIA DE LOS ANGELES CANO MARQUEZ",47.67,47.14,2011,.0377358,.9622642,0,0,1,0,3.773585,96.22642,0,0,100,0,46.16,42.42,.0947368,.8947368,.0105263,.0105263,.9894737,0,9.473684,89.47369,1.052632,1.052632,98.94737,0,37.6129,40.14207,.8409091,.9019608,.92,.9756098,17,.1789474,.8210526,"Bajo","Medio",-1,50.13686,56.12054,50.54744,58.84077,32,18,30,12,5,4,55,17,14,9,6,0,16,18,33,23,9,1,21,30,34,10,5,1,21,64,15,1,55,31,15,0,16,51,32,1,32,48,17,4,3,3,6,2,2,4
105001007421,"INST EDUC OCTAVIO CALDERON MEJIA",44.48,47.14,2011,.046875,.953125,0,0,1,0,4.6875,95.3125,0,0,100,0,48.28,47.59,.0526316,.9473684,0,0,1,0,5.263158,94.73685,0,0,100,0,77.83028,56.63058,.9873418,,,,6,.0526316,.9473684,"Alto","Medio",1,60.93706,77.03649,64.44892,34.58195,11,13,36,16,13,11,16,13,16,22,13,20,6,6,18,45,24,2,15,25,42,10,8,0,15,67,18,0,16,29,35,20,6,24,69,2,11,49,29,11,,,,,,
105001007439,"INST EDUC PEDRO CLAVER AGUIRRE",44.48,47.14,2011,.0217391,.9782609,0,.0217391,.9782609,0,2.173913,97.82609,0,2.173913,97.82609,0,44.05,42.42,.0909091,.9090909,0,.0181818,.9818182,0,9.090909,90.9091,0,1.818182,98.18182,0,10.08602,52.55022,1,.8941177,1,,3,.0545455,.9454545,"Bajo",,,47.67742,53.80201,60.18278,52.53467,8,18,21,25,20,8,21,13,26,21,16,3,19,17,27,31,6,0,38,25,33,2,2,0,38,58,4,0,21,39,37,3,19,44,37,0,8,39,45,8,,,,,,
105001007889,"INST EDUC JUVENIL NUEVO FUTURO",44.48,43.885,2011,0,1,0,.0769231,.9230769,0,0,100,0,7.692308,92.30769,0,48.28,47.59,0,1,0,.0277778,.9722222,0,0,100,0,2.777778,97.22222,0,52.34426,56.63058,.9375,.9245283,1,,4,.1111111,.8888889,"Medio","Bajo",1,41.47227,41.66218,51.13142,68.99849,14,33,19,21,12,2,43,23,17,8,4,6,7,28,33,23,9,0,21,29,36,10,2,2,21,65,12,2,43,40,12,6,7,61,32,0,14,52,33,2,2,2,4,2,2,4
105001007978,"INST EDUC PABLO NERUDA",44.48,45.01,2011,.0169492,.9830508,0,0,1,0,1.694915,98.30508,0,0,100,0,46.27,42.33,.1184211,.8815789,0,0,1,0,11.84211,88.15789,0,0,100,0,51.93589,50.85007,.6854839,.7884616,1,,14,.1842105,.8157895,"Medio","Bajo",1,51.09528,51.45984,51.16129,50.66909,15,40,22,16,6,1,50,20,15,8,5,3,20,20,38,22,0,0,35,43,18,5,0,0,35,61,5,0,50,35,13,3,20,58,22,0,15,62,22,1,,,,1,1,2
105001008249,"INST EDUC BELLO HORIZONTE",44.48,47.14,2011,0,1,0,0,1,0,0,100,0,0,100,0,43.93,42.33,.1621622,.8378378,0,0,1,0,16.21622,83.78378,0,0,100,0,3.204301,50.85007,.9438202,.9080459,.9736842,,2,.0540541,.9459459,"Bajo","Medio",-1,57.05645,,31.51106,,15,17,24,24,15,4,60,16,7,11,4,2,10,18,37,31,2,2,28,29,41,2,0,0,28,70,2,0,60,23,15,2,10,55,33,2,15,41,39,4,2,1,3,1,2,3
105001008389,"INST EDUC LORETO",44.48,46.075,2011,.0135135,.9864865,0,0,1,0,1.351351,98.64865,0,0,100,0,46.27,43.715,.0365854,.9634146,0,0,1,0,3.658536,96.34146,0,0,100,0,61.03226,54.50539,.9451219,.9457364,.96875,.952381,8,.097561,.902439,"Medio","Bajo",1,50.65472,,35.8776,,19,22,26,14,11,8,33,23,18,13,6,6,35,22,25,19,0,0,37,45,14,3,2,0,37,59,5,0,33,41,19,6,35,47,19,0,19,48,25,8,2,2,4,1,1,2
105001008451,"INST EDUC RAMON GIRALDO CEBALLOS",44.48,45.01,2011,.0487805,.9512195,0,.0487805,.9512195,0,4.878048,95.12195,0,4.878048,95.12195,0,46.27,45.01,.0357143,.9642857,0,0,1,0,3.571429,96.42857,0,0,100,0,51.93589,54.67541,.9235669,.8976378,.983871,,7,.125,.875,"Medio","Bajo",1,50.70572,,27.17856,,18,20,28,20,8,8,43,23,13,9,10,2,16,28,28,23,4,2,24,39,22,10,5,0,24,61,15,0,43,36,19,2,16,56,27,2,18,48,28,8,2,2,4,1,1,2
105001008486,"INST EDUC CAPILLA DEL ROSARIO",44.48,49.19,2011,.047619,.952381,0,0,1,0,4.761905,95.2381,0,0,100,0,46.27,39.53,.0545455,.9272727,.0181818,0,1,0,5.454545,92.72727,1.818182,0,100,0,42.87234,31.33151,.6271186,.78125,.9090909,,7,.1272727,.8727273,"Medio","Medio",0,57.22581,,56.95339,,16,12,24,20,18,12,24,34,16,4,16,6,12,17,32,20,17,2,13,25,30,33,0,0,13,55,33,0,24,50,20,6,12,49,37,2,16,36,38,12,,,,,,
105001009652,"INST EDUC SAN LORENZO DE ABURRA",40.82,45.01,2011,.0326087,.9673913,0,0,1,0,3.26087,96.73913,0,0,100,0,46.215,42.33,.0882353,.9117647,0,0,1,0,8.823529,91.17647,0,0,100,0,51.81736,50.05107,.9873418,.9811321,.9850746,,7,.1029412,.8970588,"Medio","Bajo",1,,19.40146,,30.38555,17,11,23,30,9,9,28,28,19,13,9,4,28,36,17,17,3,0,33,35,20,12,0,0,33,55,12,0,28,47,22,4,28,53,20,0,17,34,39,9,2,2,4,2,2,4
105001009695,"INST EDUC SAN JUAN BOSCO",44.48,49.19,2011,.0434783,.9565217,0,0,1,0,4.347826,95.65218,0,0,100,0,48.28,45.01,.0153846,.9846154,0,0,1,0,1.538462,98.46154,0,0,100,0,63.96815,54.67541,.9010989,.9382716,1,,0,0,1,"Alto","Medio",1,49.75956,,49.16038,,5,5,20,19,17,34,5,23,25,13,13,20,3,8,27,36,27,0,8,34,31,22,5,0,8,65,27,0,5,48,26,20,3,35,63,0,5,25,36,34,1,2,3,2,3,5
105001009709,"INST EDUC FELIX HENAO BOTERO",44.48,47.14,2011,.0151515,.9848485,0,.0151515,.9848485,0,1.515152,98.48485,0,1.515152,98.48485,0,43.93,42.42,.1351351,.8648649,0,.027027,.972973,0,13.51351,86.48649,0,2.702703,97.2973,0,3.204301,52.55022,.9661745,.8504673,.9625,,10,.1351351,.8648649,"Bajo","Medio",-1,,50.54099,,50.60109,10,17,18,19,21,16,25,19,22,16,12,6,29,30,14,24,3,0,34,18,32,13,2,2,34,50,15,2,25,41,28,6,29,44,27,0,10,35,40,16,2,1,3,1,1,2
105001009865,"INST EDUC HERNAN TORO AGUDELO",47.67,48.165,2011,0,1,0,0,1,0,0,100,0,0,100,0,46.27,42.42,.0961538,.9038461,0,0,1,0,9.615385,90.38461,0,0,100,0,42.86321,40.14207,.9465649,.8510638,.9375,,7,.1346154,.8653846,"Medio",,,,58.18608,,67.63155,6,16,26,19,17,16,30,23,13,17,9,8,7,22,37,28,4,2,8,46,38,8,0,0,8,84,8,0,30,36,26,8,7,59,32,2,6,42,36,16,,,,,,
105001010111,"INST EDUC MAESTRO FERNANDO BOTERO",,,,,,,,,,,,,,,,44.05,39.53,.1764706,.8235294,0,.0294118,.9705882,0,17.64706,82.35294,0,2.941176,97.05882,0,,,.8956522,.7837838,.9705882,,5,.1470588,.8529412,"Bajo",,,42.27151,,48.03585,,14,12,27,24,17,5,21,22,12,17,12,16,18,20,33,27,2,0,40,26,23,11,0,0,40,49,11,0,21,34,29,16,18,53,29,0,14,39,41,5,,,,,,
105001010367,"INST EDUC SANTOS ANGELES CUSTODIOS",44.48,49.19,2011,.028169,.971831,0,0,1,0,2.816901,97.1831,0,0,100,0,46.27,45.01,.0952381,.9047619,0,0,1,0,9.523809,90.47619,0,0,100,0,42.87234,54.67541,1,1,1,,5,.0793651,.9206349,"Alto","Medio",1,,66.98792,,100.9638,4,12,22,20,16,25,25,16,12,27,2,18,0,12,10,36,36,7,5,32,34,22,5,2,5,66,27,2,25,28,29,18,0,22,72,7,4,34,36,25,,,,,,
105001010448,"INST EDUC LA ESPERANZA",44.48,45.01,2011,.0696203,.9303797,0,.0189873,.9810126,0,6.962025,93.03797,0,1.898734,98.10126,0,46.16,42.42,.0866142,.9133858,0,0,1,0,8.661418,91.33858,0,0,100,0,50.86917,52.55022,.9477064,.9395604,.9607843,,12,.0944882,.9055118,"Medio","Bajo",1,,39.94012,,53.58457,17,20,27,17,12,7,44,16,18,12,6,4,32,24,24,18,3,0,45,37,13,3,2,0,45,50,5,0,44,34,18,4,32,48,21,0,17,47,29,7,,,,,,
105001010588,"INST EDUC FE Y ALEGRIA LA CIMA",44.48,47.14,2011,.0296296,.9703704,0,.0074074,.9925926,0,2.962963,97.03703,0,.7407407,99.25925,0,46.16,42.375,.0952381,.8888889,.015873,.0079365,.9920635,0,9.523809,88.88889,1.587302,.7936509,99.20634,0,37.6129,52.46522,.9424453,.980695,.9577465,.9677419,21,.1666667,.8333333,"Medio","Medio",0,,,,,19,21,23,19,13,6,41,21,19,11,4,4,6,17,30,35,12,0,12,34,35,13,6,0,12,69,19,0,41,40,15,4,6,47,47,0,19,44,32,6,2,3,5,3,3,6
105001010855,"INST EDUC  ANA DE CASTRILLON",47.67,51.21,2011,.0178571,.9821429,0,0,1,0,1.785714,98.21429,0,0,100,0,46.16,42.42,.0493827,.9506173,0,0,1,0,4.938272,95.06173,0,0,100,0,46.71415,40.14207,.9597701,.7444444,.9756098,,9,.1111111,.8888889,"Medio","Medio",0,54.28402,,56.98473,,16,11,30,27,11,6,28,22,19,13,10,9,,,,,,,,,,,,,,,,,28,41,23,9,,,,,16,41,38,6,,,,,,
105001011011,"INST EDUC TOMAS CARRASQUILLA NO. 2",44.48,47.14,2011,.047619,.952381,0,0,1,0,4.761905,95.2381,0,0,100,0,46.215,39.53,.0882353,.9117647,0,.0588235,.9411765,0,8.823529,91.17647,0,5.882353,94.11765,0,59.07509,31.33151,.9761904,.8888889,1,,5,.1470588,.8529412,"Bajo","Medio",-1,41.18396,,41.7218,,13,20,22,24,9,11,32,19,17,15,11,7,3,10,27,50,10,0,13,27,37,17,7,0,13,64,24,0,32,36,26,7,3,37,60,0,13,42,33,11,2,1,3,2,2,4
105001011061,"INST EDUC JOSE ASUNCION SILVA",44.48,47.14,2011,.0447761,.9552239,0,.0149254,.9701493,.0149254,4.477612,95.52238,0,1.492537,97.01493,1.492537,48.28,47.59,.0547945,.9452055,0,.0273973,.9726027,0,5.479452,94.52055,0,2.739726,97.26027,0,77.83028,56.63058,.9883721,.9325843,1,,0,0,1,"Alto","Bajo",2,57.33993,68.34874,56.18396,64.82014,9,17,20,19,22,14,35,20,12,15,10,8,5,18,27,34,11,5,13,29,25,21,13,0,13,54,34,0,35,32,25,8,5,45,45,5,9,37,41,14,,,,,,
105001011070,"INST EDUC MERCEDITAS GOMEZ MARTINEZ",44.48,47.14,2011,.0578035,.9421965,0,.017341,.982659,0,5.780347,94.21966,0,1.734104,98.2659,0,46.16,42.33,.083871,.9161291,0,.0387097,.9612903,0,8.387097,91.61291,0,3.870968,96.12903,0,37.6129,50.85007,.9431159,.8571429,.983871,1,15,.0967742,.9032258,"Bajo","Bajo",0,51.45984,56.63733,51.99142,40.91838,21,15,34,20,6,4,39,23,19,13,4,3,11,32,26,18,11,1,23,34,30,9,4,0,23,64,13,0,39,42,17,3,11,58,29,1,21,49,26,4,2,1,3,1,2,3
105001011088,"INST EDUC CIUDADELA LAS AMERICAS",44.48,45.01,2011,.0138889,.9722222,.0138889,0,1,0,1.388889,97.22222,1.388889,0,100,0,45.105,40.93,.1,.9,0,0,1,0,10,90,0,0,100,0,50.71114,50.51004,.9130435,.8990825,.952381,,3,.05,.95,"Bajo","Bajo",0,51.26425,53.76843,50.78222,52.44948,15,30,28,16,6,6,52,23,13,10,2,0,22,22,18,36,2,0,29,40,22,7,2,0,29,62,9,0,52,36,12,0,22,40,38,0,15,58,22,6,2,2,4,1,2,3
105001011363,"INST EDUC DOCE DE OCTUBRE",44.48,45.01,2011,.0263158,.9736842,0,.0131579,.9868421,0,2.631579,97.36842,0,1.315789,98.68421,0,46.27,42.33,.107438,.892562,0,0,1,0,10.7438,89.2562,0,0,100,0,51.93589,50.85007,.9836066,.8176796,,.9421487,6,.0495868,.9504132,"Medio","Bajo",1,,57.58552,,57.26945,22,25,25,17,7,4,42,21,19,10,7,2,13,19,33,27,8,0,23,39,25,12,1,0,23,64,13,0,42,40,17,2,13,52,35,0,22,50,24,4,2,1,3,1,1,2
105001011461,"INST EDUC FE Y ALEGRIA AURES",,,,,,,,,,,,,,,,46.27,42.42,.0612245,.9387755,0,.0204082,.9795918,0,6.122449,93.87756,0,2.040816,97.95918,0,,,,.9135802,.9565217,,4,.0816327,.9183673,"Medio",,,53.85471,,53.01474,,29,17,17,14,12,10,43,21,14,10,7,5,7,15,41,30,4,2,20,52,20,9,0,0,20,72,9,0,43,35,17,5,7,56,34,2,29,34,26,10,2,2,4,1,2,3
105001011606,"INST EDUC HORACIO MUÑOZ SUESCUN",44.48,49.19,2011,.0125,.975,.0125,0,1,0,1.25,97.5,1.25,0,100,0,46.27,42.42,.0666667,.92,.0133333,0,1,0,6.666667,92,1.333333,0,100,0,42.87234,52.55022,.911324,.8943089,,1,7,.0933333,.9066666,"Medio","Medio",0,50.88342,62.31734,54.19811,57.18512,20,30,23,14,9,4,36,22,19,9,9,7,5,7,31,31,21,5,11,34,32,13,9,1,11,66,22,1,36,41,18,7,5,38,52,5,20,53,23,4,2,2,4,2,2,4
105001011631,"INST EDUC ASAMBLEA DEPARTAMENTAL",44.48,49.19,2011,.0253165,.9746835,0,.0063291,.9936709,0,2.531646,97.46835,0,.6329114,99.36709,0,46.27,43.715,.0843373,.9096386,.0060241,.0060241,.9939759,0,8.433735,90.96386,.6024096,.6024096,99.39759,0,42.87234,54.50539,.9583333,.8125,.9375,.9848485,8,.0481928,.9518073,"Medio","Alto",-1,,41.47301,,45.73651,4,4,11,33,28,20,7,18,20,13,13,30,14,25,20,28,12,1,17,34,31,15,3,1,17,65,18,1,7,38,26,30,14,45,40,1,4,15,61,20,2,1,3,1,2,3
105001011690,"INST EDUC FEDERICO CARRASQUILLA",44.48,42.76,2011,.0082645,.9917355,0,.0082645,.9917355,0,.8264462,99.17355,0,.8264462,99.17355,0,46.16,42.33,.1271186,.8644068,.0084746,0,1,0,12.71186,86.44067,.8474576,0,100,0,50.07258,50.85007,.8933333,.6695652,1,1,39,.3305085,.6694915,"Bajo","Inferior",1,,33.80439,,34.96122,27,33,15,18,7,0,45,19,16,7,7,7,14,37,21,23,4,0,41,40,16,3,0,0,41,56,3,0,45,35,14,7,14,58,27,0,27,48,25,0,1,1,2,1,1,2
105001011711,"INST EDUC FE Y ALEGRIA VILLA DE LA CANDELARIA",42.65,47.14,2011,.0666667,.9333333,0,0,1,0,6.666667,93.33334,0,0,100,0,46.27,42.42,.1176471,.8823529,0,.0147059,.9852941,0,11.76471,88.2353,0,1.470588,98.52941,0,60.89011,51.94645,1,.91,1,1,3,.0441176,.9558824,"Medio","Medio",0,68,59.73222,55.5658,40.75553,3,21,19,29,13,16,34,20,19,15,9,4,7,25,29,32,5,2,29,36,30,4,2,0,29,66,6,0,34,39,24,4,7,54,37,2,3,40,42,16,1,1,2,2,1,3
105001011886,"INST EDUC AMERICA",44.48,49.19,2011,.031746,.968254,0,.015873,.984127,0,3.174603,96.82539,0,1.587302,98.4127,0,48.28,45.01,.0352941,.9411765,.0235294,0,1,0,3.529412,94.11765,2.352941,0,100,0,63.96815,54.67541,.9282376,.9580838,1,,5,.0588235,.9411765,"Alto","Medio",1,,51.78106,,48.00392,23,29,30,9,8,2,56,21,10,9,1,3,25,32,21,15,8,0,30,37,20,7,6,0,30,57,13,0,56,31,10,3,25,53,23,0,23,59,17,2,3,3,6,2,2,4
105001012092,"INST EDUC BARRIO SANTANDER",44.48,45.01,2011,.0196078,.9803922,0,0,1,0,1.960784,98.03922,0,0,100,0,46.27,45.16,.0892857,.9107143,0,0,1,0,8.928572,91.07143,0,0,100,0,51.93589,55.95052,.7847788,.9112903,.9672131,.9259259,8,.1428571,.8571429,"Medio","Medio",0,28.19292,53.06027,41.93597,-48.00956,22,32,27,12,6,2,52,22,11,6,5,5,18,20,26,28,8,0,15,37,27,16,4,1,15,64,20,1,52,33,11,5,18,46,36,0,22,59,18,2,2,2,4,1,1,2
105001012106,"INST EDUC JUAN MARIA CESPEDES",44.48,45.01,2011,.0416667,.9583333,0,.0083333,.9916667,0,4.166667,95.83333,0,.8333334,99.16666,0,46.16,42.33,.0822785,.9177215,0,.0126582,.9873418,0,8.227848,91.77215,0,1.265823,98.73418,0,50.86917,50.85007,.9888889,.9230769,.952381,.9878049,41,.2594937,.7405063,"Medio","Medio",0,64.47213,66.8978,41.48867,63.51825,8,16,35,10,14,16,34,18,16,14,6,12,7,8,29,38,17,1,4,39,31,24,1,1,4,70,25,1,34,34,20,12,7,37,55,1,8,51,24,16,,,,,,
105001012165,"INST EDUC GUADALUPE",44.48,45.01,2011,.0574713,.9425287,0,.0229885,.9770115,0,5.747127,94.25287,0,2.298851,97.70115,0,44.05,42.42,.1078431,.872549,.0196078,.0196078,.9803922,0,10.78431,87.2549,1.960784,1.960784,98.03922,0,50.07902,52.55022,.9410409,.9038631,.9904762,,15,.1470588,.8529412,"Bajo",,,,43.70256,,29.53332,17,29,19,25,9,3,49,19,18,8,5,1,16,37,28,13,5,0,26,36,29,9,1,0,26,65,10,0,49,37,13,1,16,65,18,0,17,48,34,3,1,1,2,1,1,2
105001012696,"INST EDUC ALFONSO LOPEZ PUMAREJO",47.67,49.19,2011,.0324324,.9567568,.0108108,.0108108,.9891892,0,3.243243,95.67567,1.081081,1.081081,98.91892,0,46.16,45.16,.038961,.9610389,0,0,1,0,3.896104,96.1039,0,0,100,0,33.25,49.75956,.9806452,.6965174,.8076923,,19,.1233766,.8766234,"Medio","Alto",-1,,57.05376,,54.8172,11,17,29,19,15,10,40,19,17,11,6,6,9,20,30,30,11,0,24,33,29,13,1,0,24,62,14,0,40,36,17,6,9,50,41,0,11,46,34,10,2,1,3,2,2,4
105001012700,"INST EDUC SAN PABLO",44.48,43.885,2011,.0133333,.9866667,0,.0266667,.96,0,1.333333,98.66667,0,2.666667,96,0,45.105,39.53,.2272727,.7727273,0,.0227273,.9772727,0,22.72727,77.27273,0,2.272727,97.72727,0,50.57104,31.33151,.7108434,.81875,.8829787,,27,.6136364,.3863636,"Inferior","Bajo",-1,,50.53764,,50.36559,25,26,21,12,11,4,47,23,16,7,6,2,21,31,23,20,5,0,40,34,20,6,0,0,40,54,6,0,47,39,13,2,21,54,25,0,25,47,23,4,1,1,2,1,1,2
105001013013,"INST EDUC PICACHITO",,,,,,,,,,,,,,,,44.05,39.53,.14,.86,0,.02,.98,0,14,86,0,2,98,0,,,.8976378,.7261904,.8965517,,17,.34,.66,"Bajo",,,40.0196,,50.72992,,37,27,24,5,5,3,57,13,19,4,5,1,15,28,30,21,6,0,24,32,30,13,2,0,24,62,15,0,57,32,9,1,15,58,27,0,37,51,10,3,2,2,4,2,3,5
105001013072,"INST EDUC MAESTRO PEDRO NEL GOMEZ",44.48,47.14,2011,.0543478,.9456522,0,0,1,0,5.434783,94.56522,0,0,100,0,44.05,40.93,.0517241,.9482759,0,.0172414,.9827586,0,5.172414,94.82758,0,1.724138,98.27586,0,10.08602,50.51004,.8725383,.827957,.8474576,,4,.0689655,.9310345,"Bajo","Bajo",0,,20.7679,,26.81592,17,28,27,13,9,7,45,11,17,13,8,6,32,24,27,14,3,0,39,32,22,6,2,0,39,54,8,0,45,28,21,6,32,51,17,0,17,55,22,7,,,,,,
105001013145,"INST EDUC SANTA TERESA",46.075,49.19,2011,.0333333,.9666666,0,0,1,0,3.333333,96.66666,0,0,100,0,50.31,47.59,.0340909,.9659091,0,.0113636,.9886364,0,3.409091,96.5909,0,1.136364,98.86364,0,83.17436,68.51821,.908397,.9090909,.9418604,,5,.0568182,.9431818,"Alto","Alto",0,43.96825,62.59488,35.52787,50,15,16,15,25,18,12,30,28,15,12,5,10,7,14,19,34,18,8,6,36,27,21,6,4,6,63,27,4,30,43,17,10,7,33,52,8,15,31,43,12,2,3,5,2,3,5
105001013340,"INST EDUC INEM JOSE FELIX DE RESTREPO",47.67,49.19,2011,.021028,.9661215,.0128505,.0035047,.9941589,.0023364,2.102804,96.61215,1.285047,.3504673,99.41589,.2336449,50.31,47.81,.0402367,.9384615,.0213018,.0035503,.9952663,.0011834,4.023669,93.84615,2.130177,.3550296,99.52663,.1183432,83.17436,79.39516,.8997151,.7840467,.8201439,.7531557,12,.0142012,.9857988,"Superior","Alto",1,,49.81158,,47.3621,10,14,20,20,20,17,28,12,21,16,12,12,3,9,21,38,26,4,5,22,34,28,9,2,5,56,37,2,28,33,28,12,3,30,64,4,10,34,40,17,2,3,5,2,2,4
105001013439,"INST EDUC FELIX DE BEDOUT MORENO",44.48,47.14,2011,.015625,.984375,0,.015625,.984375,0,1.5625,98.4375,0,1.5625,98.4375,0,46.27,45.085,.0961538,.8846154,.0192308,0,1,0,9.615385,88.46153,1.923077,0,100,0,60.89011,55.6955,.9726027,.9230769,.9818182,.9565217,4,.0769231,.9230769,"Medio","Medio",0,53.65401,52.58694,42.5039,3.836016,15,29,24,14,9,10,39,20,20,14,3,3,18,32,23,23,3,0,26,39,30,5,0,0,26,69,5,0,39,40,17,3,18,55,26,0,15,53,23,10,,,,,,
105001013447,"INST EDUC JOSE HORACIO BETANCUR",46.075,45.01,2011,0,1,0,.0333333,.9666666,0,0,100,0,3.333333,96.66666,0,43.93,42.33,.0384615,.9615384,0,.0769231,.9230769,0,3.846154,96.15385,0,7.692308,92.30769,0,42.5327,32.80204,.9880952,1,1,,3,.1153846,.8846154,"Bajo","Medio",-1,19.08969,,19.22401,,43,31,18,6,0,2,81,14,2,4,0,0,16,24,20,29,11,0,27,36,18,13,7,0,27,54,20,0,81,16,4,0,16,44,40,0,43,49,6,2,2,1,3,1,1,2
105001013633,"INST EDUC LOMA HERMOSA",40.82,42.76,2011,0,1,0,0,1,0,0,100,0,0,100,0,48.28,42.33,.0588235,.9411765,0,0,1,0,5.882353,94.11765,0,0,100,0,50.22043,50.05107,1,.8571429,1,,2,.1176471,.8823529,"Medio","Bajo",1,,39.92483,,37.40604,32,31,24,6,7,1,74,8,10,3,3,3,9,30,27,27,7,0,27,58,13,0,2,0,27,71,2,0,74,18,6,3,9,57,34,0,32,55,13,1,1,1,2,2,2,4
105001014052,"INST EDUC NUEVO HORIZONTE",44.48,45.01,2011,.0192308,.9807692,0,0,1,0,1.923077,98.07692,0,0,100,0,46.16,42.33,.060241,.939759,0,.0120482,.9759036,.0120482,6.024096,93.9759,0,1.204819,97.59036,1.204819,50.86917,50.85007,.9312222,.8157895,.9673913,,15,.1807229,.8192771,"Medio","Bajo",1,,36.19682,,40.20419,32,25,23,14,6,1,59,18,11,8,3,1,31,21,31,15,3,0,35,34,22,9,0,0,35,56,9,0,59,29,11,1,31,52,18,0,32,48,20,1,1,1,2,2,1,3
105001014397,"INST EDUC LUIS LOPEZ DE MESA",44.48,47.14,2011,.0229008,.9770992,0,.0152672,.9847328,0,2.290076,97.70992,0,1.526718,98.47328,0,46.27,45.01,.0519481,.9415584,.0064935,.012987,.987013,0,5.194805,94.15585,.6493506,1.298701,98.7013,0,60.89011,54.67541,.9166667,.9622642,.9801325,,9,.0584416,.9415584,"Medio","Bajo",1,,44.14643,,39.75625,11,22,21,25,12,9,29,21,19,17,8,6,14,19,27,31,9,1,21,38,28,12,1,0,21,66,13,0,29,40,25,6,14,46,40,1,11,43,37,9,2,1,3,2,3,5
105001014851,"INST EDUC JESUS REY",44.48,49.19,2011,.0258065,.9677419,.0064516,0,1,0,2.580645,96.77419,.6451613,0,100,0,48.37,47.59,.0130719,.9803922,.0065359,.0065359,.9934641,0,1.30719,98.03922,.6535948,.6535948,99.34641,0,77.9363,56.63058,.9882353,.8552632,,.9185185,1,.0065359,.9934641,"Alto","Medio",1,47.53653,49.22392,47.98859,47.41306,7,10,20,27,23,13,17,10,17,17,21,17,2,8,26,45,16,3,9,30,35,19,6,1,9,65,25,1,17,27,38,17,2,34,61,3,7,30,50,13,2,3,5,2,3,5
105001015091,"INST EDUC FE Y ALEGRIA GRANIZAL",44.48,47.14,2011,.0188679,.9811321,0,.0377358,.9622642,0,1.886792,98.11321,0,3.773585,96.22642,0,47.275,39.53,.1538462,.8461539,0,.0192308,.9807692,0,15.38462,84.61539,0,1.923077,98.07692,0,76.62026,31.33151,.9512195,.8481013,1,,8,.1538462,.8461539,"Medio","Bajo",1,,51.44136,,47.2169,22,25,15,18,12,8,49,10,19,14,7,2,5,23,11,48,14,0,30,48,17,4,0,0,30,65,4,0,49,29,21,2,5,34,62,0,22,40,30,8,2,2,4,1,1,2
105001015148,"INST EDUC CAMILO MORA CARRASQUILLA",40.82,42.76,2011,0,1,0,0,1,0,0,100,0,0,100,0,46.16,42.42,.2173913,.7826087,0,0,1,0,21.73913,78.26087,0,0,100,0,50.07258,50.10484,.9361702,.7222222,1,,5,.2173913,.7826087,"Bajo","Bajo",0,55.46422,53.97541,30.35847,60.60108,0,32,36,23,9,0,50,5,32,5,0,9,24,16,28,20,12,0,19,42,31,8,0,0,19,73,8,0,50,37,5,9,24,44,32,0,0,68,32,0,1,1,2,1,1,2
105001015172,"INST EDUC EDUARDO SANTOS",44.48,45.01,2011,.056338,.943662,0,0,1,0,5.633803,94.3662,0,0,100,0,46.16,39.53,.1727273,.8272727,0,0,1,0,17.27273,82.72727,0,0,100,0,50.86917,31.33151,.9583333,.952381,1,,26,.2363636,.7636364,"Bajo","Bajo",0,25.12232,48.32335,17.51691,-38.86223,29,20,25,15,6,4,61,20,7,5,5,2,26,33,19,9,12,2,40,39,18,0,4,0,40,57,4,0,61,27,10,2,26,52,21,2,29,45,21,4,3,,3,2,2,4
105001015211,"INST EDUC LA LIBERTAD",44.48,47.14,2011,.0416667,.9583333,0,0,1,0,4.166667,95.83333,0,0,100,0,44.05,42.33,.0833333,.9166667,0,0,1,0,8.333334,91.66667,0,0,100,0,10.08602,50.85007,.8452381,.7254902,.8636364,,23,.4791667,.5208334,"Medio","Medio",0,26.757,46.22491,46.91851,56.93475,18,30,36,6,8,2,40,26,12,10,10,2,19,35,39,8,0,0,24,52,16,8,0,0,24,68,8,0,40,38,20,2,19,74,8,0,18,66,14,2,3,,3,2,,2
105001015229,"INST EDUC VILLA TURBAY",44.48,46.075,2011,.0454545,.9545454,0,0,1,0,4.545455,95.45454,0,0,100,0,44.05,40.93,.125,.875,0,.05,.95,0,12.5,87.5,0,5,95,0,10.55562,50.51004,.9423077,.7931035,1,,7,.175,.825,"Bajo","Bajo",0,34.7934,,51.11745,,17,29,21,14,19,0,53,26,9,9,3,0,23,26,23,23,6,0,22,35,27,8,8,0,22,62,16,0,53,35,12,0,23,49,29,0,17,50,33,0,2,2,4,2,2,4
105001015831,"INST EDUC VALLEJUELOS",44.48,45.01,2011,.0909091,.9090909,0,0,1,0,9.090909,90.9091,0,0,100,0,44.05,42.42,.0322581,.9677419,0,0,1,0,3.225806,96.77419,0,0,100,0,50.07902,52.55022,.9444444,.8529412,.9375,,7,.2258064,.7741935,"Medio","Bajo",1,6.692958,,12.68348,,45,34,14,5,2,0,76,16,5,0,0,3,19,41,41,0,0,0,15,46,39,0,0,0,15,85,0,0,76,21,0,3,19,82,0,0,45,48,7,0,3,2,5,2,2,4
105001016420,"INST EDUC TRICENTENARIO",47.67,47.14,2011,.0092593,.9907407,0,0,1,0,.9259259,99.07407,0,0,100,0,46.16,45.16,.0618557,.9381443,0,0,1,0,6.185567,93.81443,0,0,100,0,37.6129,49.75956,.9910714,.8288288,.969697,,10,.1030928,.8969072,"Medio",,,,65.08495,,79.68328,17,17,26,18,14,8,28,26,13,12,10,12,14,14,24,28,16,4,5,29,36,21,9,0,5,65,30,0,28,39,22,12,14,38,44,4,17,43,32,8,2,2,4,2,2,4
105001017132,"INST EDUC FE Y ALEGRIA SAN JOSE",,,,,,,,,,,,,,,,46.215,42.33,.1285714,.8714285,0,0,1,0,12.85714,87.14285,0,0,100,0,,,.984252,.75,.9861111,,12,.1714286,.8285714,"Bajo",,,62.25754,,51.32513,,11,18,26,21,11,13,46,12,21,12,5,4,,,,,,,,,,,,,,,,,46,33,17,4,,,,,11,44,32,13,2,2,4,1,1,2
105001017876,"INST EDUC FRANCISCO LUIS HERNANDEZ BETANCUR",44.48,42.76,2011,.030303,.969697,0,0,1,0,3.030303,96.9697,0,0,100,0,41.64,38.015,.1875,.8125,0,.0833333,.9166667,0,18.75,81.25,0,8.333334,91.66667,0,50,31.33151,.9607843,.9117647,1,,28,.5833333,.4166667,"Inferior","Inferior",0,50.41904,50,50.2281,50.00537,18,24,27,27,6,0,27,43,16,3,11,0,95,5,0,0,0,0,74,14,10,0,2,0,74,24,2,0,27,59,14,0,95,5,0,0,18,51,33,0,2,,2,1,2,3
105001017965,"INST EDUC MANUEL JOSE GOMEZ S",44.48,48.165,2011,0,.9722222,.0277778,0,1,0,0,97.22222,2.777778,0,100,0,46.16,45.01,.0555556,.9444444,0,0,1,0,5.555556,94.44444,0,0,100,0,31.52831,54.67541,.9722222,.9157895,1,,1,.0277778,.9722222,"Medio","Medio",0,,48.52892,,46.66554,14,15,23,28,11,9,28,12,28,17,7,9,8,10,28,29,24,1,8,28,44,14,6,0,8,72,20,0,28,40,24,9,8,38,53,1,14,38,39,9,,,,,,
105001018759,"INST EDUC FE Y ALEGRIA EL LIMONAR",40.82,45.01,2011,.0731707,.9268293,0,.0243902,.9756098,0,7.317073,92.68293,0,2.439024,97.56097,0,48.28,45.16,.0263158,.9473684,.0263158,0,1,0,2.631579,94.73685,2.631579,0,100,0,53.04211,50.21236,.9387755,.862069,1,,2,.0526316,.9473684,"Alto","Bajo",2,35.71875,34.46698,47.11728,50,14,24,32,16,8,6,38,21,21,15,2,3,16,29,32,16,8,0,15,38,35,13,0,0,15,73,13,0,38,42,17,3,16,61,24,0,14,56,24,6,2,2,4,1,1,2
105001019011,"INST EDUC ESTELLA VELEZ LONDOÑO ANTES SAUL LONDOÑO LONDOÑO",44.48,48.165,2011,0,1,0,0,1,0,0,100,0,0,100,0,46.16,45.16,.1190476,.8809524,0,.0238095,.9761904,0,11.90476,88.09524,0,2.380952,97.61904,0,31.52831,55.95052,.8421053,.7833334,1,,4,.0952381,.9047619,,"Medio",,,,,,25,21,15,21,12,6,40,19,21,12,4,4,21,21,40,19,0,0,54,25,8,12,2,0,54,33,14,0,40,40,16,4,21,61,19,0,25,36,33,6,2,2,4,2,3,5
105001019062,"INST EDUC ALFONSO MORA NARANJO",44.48,47.14,2011,.0070423,.9929578,0,.0070423,.9929578,0,.7042254,99.29578,0,.7042254,99.29578,0,44.05,42.33,.0863309,.913669,0,.0215827,.9784173,0,8.633094,91.36691,0,2.158273,97.84173,0,10.08602,50.85007,1,.7592593,.8441558,,38,.2733813,.7266187,"Medio","Medio",0,,44.96795,,39.9359,10,12,26,26,17,10,31,17,26,10,2,14,17,18,26,29,8,1,16,33,37,11,3,0,16,70,14,0,31,43,12,14,17,44,37,1,10,38,43,10,,,,,,
105001019089,"INST EDUC VIDA PARA TODOS",44.48,42.76,2011,.0263158,.9736842,0,.0789474,.9210526,0,2.631579,97.36842,0,7.894736,92.10526,0,46.27,39.53,.1447368,.8552632,0,.0131579,.9868421,0,14.47368,85.52631,0,1.315789,98.68421,0,50.14516,31.33151,.9218241,.9384615,.9896907,,7,.0921053,.9078947,"Bajo","Inferior",1,26.04888,,18.45742,,24,32,21,15,7,2,57,18,12,7,4,2,18,42,22,15,3,0,59,26,12,2,1,0,59,38,3,0,57,30,11,2,18,64,18,0,24,53,22,2,2,2,4,2,2,4
105001019143,"INST EDUC JORGE ELIECER GAITAN",,,,,,,,,,,,,,,,,,,,,,,,,,,,,,,,,.6341463,.8333333,,,,,,,,,,,,,,,,,,,,,,,,,,,,,,,,,,,,,,,,,,,,,,,,,,,,,,,,,
105001019194,"INST EDUC EL PEDREGAL",44.48,45.01,2011,.0212766,.9716312,.0070922,.0070922,.9858156,.0070922,2.12766,97.16312,.7092198,.7092198,98.58156,.7092198,46.16,42.33,.1138211,.8861789,0,.0162602,.9837399,0,11.38211,88.61788,0,1.626016,98.37399,0,50.86917,50.85007,.9115044,.8648649,.9590164,,2,.0162602,.9837399,"Medio","Medio",0,,29.73245,,35.06601,11,25,25,20,13,6,37,22,13,11,13,6,20,31,28,16,5,0,19,40,29,12,0,0,19,69,12,0,37,35,24,6,20,59,21,0,11,50,33,6,1,1,2,1,1,2
105001019305,"INST EDUC LA AVANZADA",,,,,,,,,,,,,,,,46.16,42.33,.1538462,.8461539,0,0,1,0,15.38462,84.61539,0,0,100,0,,,.9442756,.9,1,,2,.1538462,.8461539,"Inferior",,,27.41694,53.39426,50.93508,58.29708,15,30,35,8,9,3,49,23,21,6,0,2,16,32,21,32,0,0,32,26,21,16,5,0,32,47,21,0,49,44,6,2,16,53,32,0,15,65,17,3,,,,2,2,4
105001019330,"INST EDUC BARRIO SANTA MARGARITA",47.67,45.01,2011,0,1,0,0,1,0,0,100,0,0,100,0,46.27,45.01,.0666667,.9333333,0,0,1,0,6.666667,93.33334,0,0,100,0,51.93589,46.153,.996,.8761062,.9777778,,9,.2,.8,"Medio","Medio",0,,42.41448,,46.83937,13,26,25,20,11,5,27,18,24,13,8,10,8,21,33,33,3,1,16,47,26,10,1,0,16,73,11,0,27,42,21,10,8,54,36,1,13,51,31,5,1,1,2,3,2,5
105001019429,"INST EDUC LUIS CARLOS GALAN SARMIENTO",44.48,45.01,2011,.0216216,.972973,.0054054,.0162162,.9837838,0,2.162162,97.2973,.5405406,1.621622,98.37838,0,44.05,42.33,.1004785,.8995215,0,.0095694,.9856459,.0047847,10.04785,89.95216,0,.9569378,98.5646,.4784689,50.07902,50.85007,.9807692,.9375,.9885714,,26,.1244019,.8755981,"Medio","Bajo",1,,48.96278,,72.34904,9,20,25,22,16,9,25,20,23,16,10,7,14,26,27,21,11,1,21,39,27,13,1,0,21,66,14,0,25,43,26,7,14,53,32,1,9,45,38,9,1,1,2,2,2,4
105001019453,"INST EDUC VILLA DEL SOCORRO",40.82,45.01,2011,.0490798,.9509202,0,.0245399,.9754601,0,4.907975,95.09203,0,2.453988,97.54601,0,43.93,39.53,.1242236,.8757764,0,.0248447,.9751553,0,12.42236,87.57764,0,2.484472,97.51553,0,42.5327,50.00269,.9096591,.5949367,.8282208,,24,.1490683,.8509316,"Bajo","Bajo",0,,53.88041,,38.459,19,28,25,16,9,3,45,23,16,9,4,3,17,28,26,22,6,0,22,37,32,7,2,0,22,69,9,0,45,39,13,3,17,54,28,0,19,53,25,3,2,2,4,2,2,4
105001019534,"INST EDUC RODRIGO LARA BONILLA",44.48,45.01,2011,.027027,.972973,0,0,1,0,2.702703,97.2973,0,0,100,0,46.16,39.53,.1666667,.8333333,0,0,1,0,16.66667,83.33333,0,0,100,0,50.86917,31.33151,.9207921,.8852459,1,,12,.4,.6,"Medio","Bajo",1,,51.5929,,51.14208,31,29,20,16,2,2,62,24,10,0,4,0,8,17,38,29,8,0,28,28,24,16,4,0,28,52,20,0,62,34,4,0,8,55,37,0,31,49,18,2,,2,2,2,2,4
105001019674,"INST EDUC MIRAFLORES",44.48,49.19,2011,.0363636,.9636363,0,0,1,0,3.636364,96.36363,0,0,100,0,46.27,45.01,.0442478,.9469026,.0088496,0,1,0,4.424779,94.69026,.8849558,0,100,0,42.87234,54.67541,.9038461,.8135593,.9363636,,5,.0442478,.9557522,"Medio","Medio",0,45.52688,64.12241,45.05996,60.98409,10,18,19,24,19,10,28,15,22,13,8,13,15,14,26,29,14,2,9,35,34,9,8,5,9,69,17,5,28,37,21,13,15,40,43,2,10,37,43,10,2,1,3,2,2,4
105001019798,"INST EDUC ALFONSO LOPEZ",42.65,45.01,2011,0,1,0,0,1,0,0,100,0,0,100,0,41.64,36.5,.1428571,.8571429,0,.0285714,.9714286,0,14.28572,85.71429,0,2.857143,97.14286,0,37.5545,33.12361,.7934783,.9506173,.9473684,,7,.2,.8,"Bajo","Bajo",0,50.06989,,50.51004,,25,23,28,12,6,7,56,24,13,6,1,1,29,25,15,21,10,0,27,29,25,13,6,0,27,54,19,0,56,37,7,1,29,40,31,0,25,51,18,7,1,1,2,1,1,2
105001019925,"INST EDUC ALCALDIA DE MEDELLIN",44.48,47.14,2011,.0135747,.9819005,.0045249,0,.9954751,.0045249,1.357466,98.19005,.4524887,0,99.54751,.4524887,44.05,45.01,.0689655,.9310345,0,.0086207,.9913793,0,6.896552,93.10345,0,.862069,99.13793,0,10.08602,54.67541,.9425837,.7737226,.928,,14,.1206897,.8793104,"Medio","Medio",0,,45.46399,,44.95998,20,28,24,15,8,5,53,17,16,7,6,1,14,20,27,26,10,3,24,33,29,11,3,0,24,62,14,0,53,33,13,1,14,47,36,3,20,52,23,5,2,2,4,1,1,2
105001020028,"INST EDUC EL SALVADOR",44.48,46.075,2011,.0357143,.9642857,0,0,1,0,3.571429,96.42857,0,0,100,0,46.16,42.42,.0606061,.9393939,0,0,1,0,6.060606,93.93939,0,0,100,0,38.73018,52.55022,.9529412,.9387755,.9736842,1,9,.1363636,.8636364,"Medio","Bajo",1,58.84077,,35.66867,,16,16,25,16,16,11,38,22,16,9,10,5,25,32,24,14,5,0,22,51,20,5,3,0,22,71,8,0,38,38,19,5,25,56,19,0,16,41,32,11,,,,,,
105001020052,"INST EDUC RAFAEL GARCIA HERREROS",44.48,47.14,2011,.04,.96,0,0,1,0,4,96,0,0,100,0,48.37,45.01,.0227273,.9772727,0,0,1,0,2.272727,97.72727,0,0,100,0,82.67032,54.67541,.9615384,1,.9772727,,4,.0909091,.9090909,"Alto","Medio",1,65.12514,,60.58581,,10,17,23,13,20,17,18,14,21,36,7,4,11,19,26,30,15,0,22,30,30,15,4,0,22,60,19,0,18,35,43,4,11,45,45,0,10,40,33,17,,,,,,
105001020273,"INST EDUC CIUDAD DON BOSCO",50.54,53.22,2011,0,1,0,0,1,0,0,100,0,0,100,0,53.325,50.42,0,.9333333,.0666667,0,1,0,0,93.33334,6.666667,0,100,0,55.21586,50,.8378378,.8260869,1,,0,0,1,"Superior","Superior",0,20.13203,51.79228,52.58065,51.29443,29,43,14,5,10,0,48,5,14,10,19,5,6,24,35,35,0,0,28,39,28,0,6,0,28,67,6,0,48,19,29,5,6,59,35,0,29,57,15,0,2,1,3,2,1,3
105001021199,"INST EDUC LA INDEPENDENCIA",44.48,45.01,2011,.0380952,.9619048,0,.0095238,.9904762,0,3.809524,96.19048,0,.952381,99.04762,0,46.27,42.42,.0736842,.9263158,0,0,1,0,7.368421,92.63158,0,0,100,0,51.93589,52.55022,.9886364,.9871795,1,,19,.2,.8,"Medio",,,,50.60109,,22.18644,27,24,29,11,7,2,50,27,10,6,6,2,21,35,28,14,1,1,48,39,13,1,0,0,48,52,1,0,50,37,12,2,21,63,15,1,27,53,18,2,2,2,4,2,2,4
105001021547,"INST EDUC VILLA FLORA",47.67,47.14,2011,.025,.975,0,0,1,0,2.5,97.5,0,0,100,0,46.16,45.16,.0888889,.9111111,0,0,1,0,8.888889,91.11111,0,0,100,0,37.6129,49.75956,.9655172,.921875,1,,2,.0444444,.9555556,"Medio","Medio",0,61.40495,73.05108,57.05603,78.58334,6,18,29,22,12,14,23,11,13,28,8,17,7,9,24,40,18,2,11,23,32,32,0,2,11,55,32,2,23,24,36,17,7,33,58,2,6,47,34,14,3,2,5,2,2,4
105001021636,"INST EDUC KENNEDY",44.48,45.01,2011,.04,.96,0,.045,.95,.005,4,96,0,4.5,95,.5,44.05,42.42,.0880503,.9119497,0,.0440252,.9559748,0,8.805032,91.19497,0,4.402516,95.59748,0,50.07902,52.55022,.9788737,.7977099,.970297,1,13,.081761,.918239,"Bajo","Bajo",0,,39.7543,,28.22788,24,25,20,20,7,4,48,19,16,8,5,4,18,31,23,21,6,2,31,30,27,11,2,0,31,57,13,0,48,35,13,4,18,54,27,2,24,45,27,4,2,2,4,1,2,3
105001021873,"INST EDUC SOL DE ORIENTE",44.48,49.19,2011,.031746,.968254,0,0,1,0,3.174603,96.82539,0,0,100,0,46.27,39.53,.1235955,.8764045,0,.011236,.988764,0,12.35955,87.64045,0,1.123595,98.8764,0,42.87234,31.33151,.7647579,.7313433,.8181818,.9333333,19,.2134831,.7865168,"Medio","Medio",0,51.44513,50.46095,51.19485,31.74448,26,26,27,14,6,2,41,21,19,11,5,4,17,27,26,26,5,0,33,41,21,5,0,0,33,62,5,0,41,40,16,4,17,53,31,0,26,53,20,2,2,2,4,2,2,4
105001022101,"INST EDUC LAS NIEVES",44.48,47.14,2011,0,1,0,0,1,0,0,100,0,0,100,0,45.105,42.42,.0625,.9375,0,0,1,0,6.25,93.75,0,0,100,0,32.10753,52.55022,.9516129,.8780488,.96875,,5,.15625,.84375,"Bajo","Bajo",0,,53.19762,,63.32341,18,26,16,24,12,4,49,25,8,12,6,0,7,36,36,21,0,0,13,33,33,13,7,0,13,66,20,0,49,33,18,0,7,72,21,0,18,42,36,4,2,2,4,2,2,4
105001023965,"INST EDUC FINCA LA MESA",44.48,45.01,2011,.0153846,.9846154,0,0,1,0,1.538462,98.46154,0,0,100,0,45.105,39.53,.1041667,.8888889,.0069444,.0277778,.9722222,0,10.41667,88.88889,.6944445,2.777778,97.22222,0,50.71114,31.33151,.9227639,.8148148,.8543046,,30,.2083333,.7916667,"Bajo","Bajo",0,,,,,16,25,29,21,7,2,42,17,17,11,7,5,12,23,30,27,6,1,24,41,25,9,2,0,24,66,11,0,42,34,18,5,12,53,33,1,16,54,28,2,1,1,2,1,1,2
105001024073,"INST EDUC CASD",44.48,47.14,2011,.0175439,.9824561,0,.0065789,.9934211,0,1.754386,98.24561,0,.6578947,99.34211,0,46.16,42.42,.083871,.9032258,.0129032,.0086022,.9913979,0,8.387097,90.32258,1.290323,.8602151,99.13979,0,37.6129,52.55022,,,,.9826464,24,.0516129,.9483871,"Medio","Medio",0,,,,,,,,,,,,,,,,,,,,,,,,,,,,,,,,,,,,,,,,,,,,,1,1,2,2,2,4
105001025763,"INST EDUC DEBORA ARANGO PEREZ",,,,,,,,,,,,,,,,43.93,39.53,.0392157,.9607843,0,.0196078,.9803922,0,3.921569,96.07843,0,1.960784,98.03922,0,,,.9318182,.9428571,.9811321,,8,.1568628,.8431373,"Bajo",,,,,,,37,27,25,7,4,1,68,15,8,4,4,2,25,18,23,27,7,0,22,36,31,9,2,0,22,67,11,0,68,23,8,2,25,41,34,0,37,52,11,1,2,1,3,1,1,2
105001025771,"INST EDUC JOAQUIN VALLEJO ARBELAEZ",,,,,,,,,,,,,,,,44.05,39.53,.0746269,.9253731,0,.0149254,.9850746,0,7.462687,92.53732,0,1.492537,98.50746,0,,,.8457143,.9588235,.9528302,,22,.3283582,.6716418,"Bajo",,,,,,,25,31,28,13,2,2,62,16,15,4,1,2,22,27,31,16,5,0,36,36,22,6,0,0,36,58,6,0,62,31,5,2,22,58,21,0,25,59,15,2,2,2,4,,2,2
105001025780,"INST EDUC PBRO ANTONIO JOSE BERNAL LONDOÑO",47.67,47.14,2011,.0273973,.9657534,.0068493,0,1,0,2.739726,96.57534,.6849315,0,100,0,46.16,42.42,.0584416,.9415584,0,.025974,.974026,0,5.844156,94.15585,0,2.597403,97.4026,0,37.6129,40.14207,.9528796,.7897196,.9351852,1,16,.1038961,.8961039,"Medio","Medio",0,,,,,14,19,27,21,14,5,42,20,20,14,3,1,11,25,26,30,7,1,21,38,25,10,4,2,21,63,14,2,42,40,17,1,11,51,37,1,14,46,35,5,2,2,4,1,2,3
105001025798,"INST EDUC ANGELA RESTREPO MORENO",,,,,,,,,,,,,,,,46.16,45.01,.0818182,.9090909,.0090909,.0090909,.9909091,0,8.181818,90.9091,.9090909,.9090909,99.09091,0,,,.9527299,.8111888,1,,17,.1545455,.8454546,"Medio",,,,,,,10,27,34,15,12,2,47,28,12,5,5,5,18,28,21,25,9,0,27,44,20,5,4,0,27,64,9,0,47,40,10,5,18,49,34,0,10,61,27,2,2,2,4,2,2,4
105001025984,"INST EDUC COL LOYOLA PARA LA CIENCIA Y LA INNOVACION",,,,,,,,,,,,,,,,,,,,,,,,,,,,,,,,,,,,,,,,,,,,,,,,,,,,,,,,,,,,,,,,,,,,,,,,,,,,,,,,,,,,,,3,3,6,3,3,6
105001025992,"INST EDUC LA HUERTA",,,,,,,,,,,,,,,,44.05,42.42,.0784314,.9215686,0,.0196078,.9803922,0,7.843138,92.15686,0,1.960784,98.03922,0,,,.9384615,.872093,.9411765,,10,.1960784,.8039216,"Bajo",,,,,,,,,,,,,,,,,,,,,,,,,,,,,,,,,,,,,,,,,,,,,,,,2,2,,,
105001026000,"INST EDUC LAS FLORES",,,,,,,,,,,,,,,,,,,,,,,,,,,,,,,,,,,,,,,,,,,,,,,,,,,,,,,,,,,,,,,,,,,,,,,,,,,,,,,,,,,,,,,,,,,
105001026131,"INST EDUC EL PINAL",,,,,,,,,,,,,,,,,,,,,,,,,,,,,,,,.9076104,.9512195,.9393939,,,,,,,,,,,,,,,,,,,,,,,,,,,,,,,,,,,,,,,,,,,,,,,,,,,,,,,,,
205001001389,"CENT EDUC MEDIA LUNA",,,,,,,,,,,,,,,,,,,,,,,,,,,,,,,,.9319986,,,,,,,,,,38.26616,,45.21198,,19,31,19,25,0,6,38,25,6,13,0,19,,,,,,,,,,,,,,,,,38,31,13,19,,,,,19,50,25,6,4,4,8,4,4,8
205001001672,"INST EDUC MONSEÑOR VICTOR WIEDEMANN",44.48,51.21,2011,.0163934,.9836066,0,0,1,0,1.639344,98.36066,0,0,100,0,46.27,42.33,.109375,.890625,0,.0078125,.9921875,0,10.9375,89.0625,0,.78125,99.21875,0,48.05836,50.85007,.8858268,.6946108,.9444444,,22,.171875,.828125,"Medio","Alto",-1,61.13553,39.32541,48.87348,53.70364,13,15,30,14,15,12,33,19,21,10,7,10,15,27,22,25,11,0,26,35,26,11,2,0,26,61,13,0,33,40,17,10,15,49,36,0,13,45,29,12,1,1,2,1,2,3
205001001966,"CENT EDUC LA ALDEA",,,,,,,,,,,,,,,,,,,,,,,,,,,,,,,,1,,,,,,,,,,59.4086,,37.88298,,0,33,33,0,33,0,25,25,25,25,0,0,,,,,,,,,,,,,,,,,25,50,25,0,,,,,0,66,33,0,4,4,8,3,4,7
205001002199,"INST EDUC CARLOS ALBERTO CALDERON",44.48,47.14,2011,0,1,0,0,1,0,0,100,0,0,100,0,46.27,39.53,.1081081,.8918919,0,0,1,0,10.81081,89.18919,0,0,100,0,60.89011,31.33151,1,.9305556,1,,6,.1621622,.8378378,"Bajo",,,39.44008,61.59951,24.00107,61.13553,10,25,20,25,10,10,53,21,5,16,5,0,6,31,22,36,6,0,28,36,28,8,0,0,28,64,8,0,53,26,21,0,6,53,42,0,10,45,35,10,1,,1,1,2,3
205001002768,"CENT EDUC EL SALADO",,,,,,,,,,,,,,,,,,,,,,,,,,,,,,,,1,,,,,,,,,,50.0419,,19.1639,,33,56,0,0,11,0,63,25,13,0,0,0,,,,,,,,,,,,,,,,,63,38,0,0,,,,,33,56,11,0,5,5,10,4,5,9
205001006119,"CENT EDUC JUAN ANDRES PATINO",,,,,,,,,,,,,,,,,,,,,,,,,,,,,,,,.9777778,,,,,,,,,,29.4298,,29.67742,,20,28,28,20,0,4,39,27,19,8,8,0,,,,,,,,,,,,,,,,,39,46,16,0,,,,,20,56,20,4,3,3,6,1,2,3
205001006224,"CENT EDUC PERMANENTE MAZO",,,,,,,,,,,,,,,,,,,,,,,,,,,,,,,,1,,,,,,,,,,57.22581,,56.22332,,9,18,36,9,9,18,18,18,36,0,18,9,,,,,,,,,,,,,,,,,18,54,18,9,,,,,9,54,18,18,4,4,8,4,4,8
205001006232,"INST EDUC  SAN CRISTOBAL",44.48,45.01,2011,.0049261,.9950739,0,.0197044,.9802955,0,.4926108,99.50739,0,1.970443,98.02956,0,46.16,42.33,.125,.8660714,.0089286,.0089286,.9910714,0,12.5,86.60714,.8928572,.8928572,99.10714,0,50.86917,50.85007,.9080459,.6199095,.92,,36,.1607143,.8392857,"Bajo","Bajo",0,53.88346,47.31158,48.42564,39.2463,23,24,15,22,14,3,48,17,12,8,11,4,22,22,23,28,3,1,32,35,21,9,2,0,32,56,11,0,48,29,19,4,22,45,31,1,23,39,36,3,2,1,3,2,2,4
205001006526,"INST EDUC MARINA ORTH",40.82,47.14,2011,0,1,0,0,1,0,0,100,0,0,100,0,46.215,39.53,.05,.95,0,0,1,0,5,95,0,0,100,0,59.07509,50.00269,1,.952381,1,,0,0,1,"Bajo","Bajo",0,54.68506,,52.89421,,10,24,35,7,14,10,41,28,7,14,7,3,11,32,16,26,11,5,39,39,17,0,6,0,39,56,6,0,41,35,21,3,11,48,37,5,10,59,21,10,1,3,4,1,1,2
205001007735,"INST EDUC HECTOR ROGELIO MONTOYA",44.48,45.01,2011,0,1,0,0,1,0,0,100,0,0,100,0,46.27,42.33,.1860465,.8139535,0,0,1,0,18.60465,81.39535,0,0,100,0,51.93589,50.85007,.95,.94,1,,5,.1162791,.8837209,"Bajo","Medio",-1,53.04024,53.90601,50.53764,53.90601,16,11,37,26,11,0,50,22,0,11,17,0,11,24,30,32,3,0,38,30,22,11,0,0,38,52,11,0,50,22,28,0,11,54,35,0,16,48,37,0,1,1,2,,,
205001009797,"INST EDUC MANUEL J. BETANCUR",47.67,49.19,2011,.0198676,.9668874,.013245,0,.986755,.013245,1.986755,96.68874,1.324503,0,98.6755,1.324503,46.27,45.01,.0909091,.9015151,.0075758,0,.9924242,.0075758,9.090909,90.15151,.7575758,0,99.24242,.7575758,42.87234,46.153,1,.8550724,.9156626,,35,.2651515,.7348485,"Medio","Medio",0,,55.78415,,59.25463,12,11,35,21,12,9,28,21,19,9,10,14,8,19,26,36,12,0,9,26,31,26,6,3,9,57,32,3,28,40,19,14,8,45,48,0,12,46,33,9,2,2,4,2,3,5
205001009916,"CENT EDUC EL MANZANILLO",,,,,,,,,,,,,,,,,,,,,,,,,,,,,,,,.991453,,,,,,,,,,50.12165,,50.21505,,24,24,38,7,7,0,72,10,14,3,0,0,,,,,,,,,,,,,,,,,72,24,3,0,,,,,24,62,14,0,4,4,8,3,3,6
205001010264,"INST EDUC PRESBITERO JUAN J. ESCOBAR",44.48,47.14,2011,.0188679,.9622642,.0188679,0,1,0,1.886792,96.22642,1.886792,0,100,0,46.16,42.375,.1071429,.8928571,0,0,1,0,10.71429,89.28571,0,0,100,0,37.6129,52.46522,.9324324,.8967742,.9767442,,10,.1190476,.8809524,"Bajo","Medio",-1,52.84457,35.14503,28.02024,38.62173,31,15,23,14,11,6,54,11,15,11,8,1,25,21,28,19,6,1,31,38,23,6,1,1,31,61,7,1,54,26,19,1,25,49,25,1,31,38,25,6,2,1,3,1,1,2
205001010281,"INST  EDUC ALFONSO UPEGUI OROZCO",44.48,42.76,2011,0,1,0,0,1,0,0,100,0,0,100,0,48.28,39.53,.0243902,.9756098,0,0,1,0,2.439024,97.56097,0,0,100,0,50.22043,31.33151,.796875,.849315,.9285714,,3,.0731707,.9268293,"Medio","Bajo",1,52.78799,,51.89638,,21,31,13,18,11,6,45,23,11,10,8,3,24,19,16,30,10,0,35,31,28,5,2,0,35,59,7,0,45,34,18,3,24,35,40,0,21,44,29,6,1,2,3,2,2,4
205001011031,"INST EDUC SANTA ELENA",44.48,47.14,2011,.0485437,.9514563,0,.0291262,.9708738,0,4.854369,95.14563,0,2.912621,97.08738,0,46.27,42.42,.036036,.963964,0,0,1,0,3.603604,96.3964,0,0,100,0,60.89011,52.55022,1,.8939394,,1,12,.1081081,.8918919,"Medio",,,,64.40379,,67.67738,4,4,25,21,21,25,16,12,16,28,8,20,12,18,28,32,9,2,10,35,35,12,4,4,10,70,16,4,16,28,36,20,12,46,41,2,4,29,42,25,1,1,2,2,3,5
205001012534,"INST EDUC SAN ANTONIO DE PRADO",44.48,45.01,2011,.0186335,.9751553,.0062112,.0062112,.9937888,0,1.863354,97.51553,.621118,.621118,99.37888,0,46.27,45.01,.0509554,.9426752,.0063694,.0063694,.9936306,0,5.095541,94.26752,.6369427,.6369427,99.36306,0,51.93589,54.67541,.916624,.9327354,.9830508,.972973,16,.1019108,.8980892,"Medio","Bajo",1,,56.52336,,52.07561,13,22,23,15,17,10,32,21,16,11,12,8,14,20,37,20,9,1,11,47,25,11,5,2,11,72,16,2,32,37,23,8,14,57,29,1,13,45,32,10,2,1,3,1,1,2
205001014308,"CENT EDUC LAS PLAYAS",,,,,,,,,,,,,,,,,,,,,,,,,,,,,,,,.9777778,,,,,,,,,,35.21919,,50.53223,,8,50,33,8,0,0,0,9,46,0,27,18,,,,,,,,,,,,,,,,,0,55,27,18,,,,,8,83,8,0,3,3,6,3,3,6
205001018745,"INST EDUC EL LIMONAR",44.48,47.14,2011,.027027,.972973,0,0,1,0,2.702703,97.2973,0,0,100,0,43.93,39.53,.0833333,.9166667,0,0,1,0,8.333334,91.66667,0,0,100,0,3.204301,31.33151,.9565217,.9365079,1,,10,.2777778,.7222222,"Bajo","Bajo",0,50.36559,,50.16727,,29,26,22,14,4,6,53,16,14,10,2,4,23,39,31,4,4,0,46,31,19,4,0,0,46,50,4,0,53,30,12,4,23,70,8,0,29,48,18,6,1,,1,1,2,3
205001019318,"INST EDUC SAN JOSE OBRERO",44.48,48.165,2011,0,1,0,0,.9893617,.0106383,0,100,0,0,98.93617,1.06383,50.31,47.81,.0253165,.9746835,0,0,1,0,2.531646,97.46835,0,0,100,0,86.13087,57.31064,.8585271,.8646305,.9770115,,9,.113924,.886076,"Superior","Medio",2,47.14876,70.57021,35.07778,55.44505,13,20,25,20,15,7,37,15,21,13,10,4,10,20,19,30,18,4,14,25,42,11,7,1,14,67,18,1,37,36,23,4,10,39,48,4,13,45,35,7,2,2,4,1,2,3
205001019491,"INST EDUC ANTONIO DERKA - SANTO DOMINGO",44.48,45.01,2011,.03125,.96875,0,0,1,0,3.125,96.875,0,0,100,0,,,,,,,,,,,,,,,,,,,,,,,,,"Bajo",,46.98526,51.88562,57.32238,37.94544,21,18,39,13,8,3,23,18,8,13,13,28,12,29,32,22,5,0,23,44,25,8,1,1,23,69,9,1,23,26,26,28,12,61,27,0,21,57,21,3,4,4,8,4,4,8
205001019989,"CENT EDUC TRAVESIAS EL MORRO",,,,,,,,,,,,,,,,,,,,,,,,,,,,,,,,.9046218,,,,,,,,,,60.37807,,58.17487,,4,17,19,32,21,6,18,14,18,25,16,9,,,,,,,,,,,,,,,,,18,32,41,9,,,,,4,36,53,6,3,3,6,3,2,5
205001021452,"CENT EDUC PEDREGAL ALTO",,,,,,,,,,,,,,,,,,,,,,,,,,,,,,,,.9886364,,,,,,,,,,38.07222,,61.78492,,27,20,33,7,0,13,33,7,20,0,27,13,,,,,,,,,,,,,,,,,33,27,27,13,,,,,27,53,7,13,3,3,6,1,2,3
305001004854,"INST EDUC ALVERNIA",47.67,49.19,2011,.0116279,.9883721,0,0,1,0,1.162791,98.83721,0,0,100,0,48.28,45.01,.0166667,.9833333,0,.0166667,.9833333,0,1.666667,98.33334,0,1.666667,98.33334,0,63.96815,46.153,.9764706,.9016393,.95,,3,.05,.95,"Alto","Alto",0,65.74802,56.16298,58.27239,57.70372,4,5,26,32,14,19,16,30,25,18,7,5,4,14,17,50,14,2,2,42,33,17,6,0,2,75,23,0,16,55,25,5,4,31,64,2,4,31,46,19,2,2,4,1,3,4
305001007594,"INST EDUC SANTA JUANA DE LESTONAC",44.48,51.21,2011,.0337079,.9662921,0,.011236,.9662921,.0224719,3.370786,96.62921,0,1.123595,96.62921,2.247191,46.27,45.16,.0493827,.9506173,0,0,1,0,4.938272,95.06173,0,0,100,0,48.05836,55.95052,1,.875,.9876543,,1,.0123457,.9876543,"Alto",,,70.11975,55.7705,68.37269,67.31149,0,4,16,27,27,27,13,7,16,27,9,29,0,4,23,54,19,0,0,33,42,19,6,0,0,75,25,0,13,23,36,29,0,27,73,0,0,20,54,27,2,3,5,2,3,5
305001015287,"INST EDUC LA CANDELARIA",44.48,45.01,2011,.04,.96,0,.04,.96,0,4,96,0,4,96,0,46.16,42.42,.1025641,.8974359,0,0,1,0,10.25641,89.74359,0,0,100,0,50.86917,52.55022,.9552239,.8210526,.9480519,,13,.1666667,.8333333,"Medio","Bajo",1,60.01917,35.8531,54.45296,46.39393,10,14,34,20,16,6,25,24,26,12,6,7,24,26,24,24,2,0,24,48,24,4,0,0,24,72,4,0,25,50,18,7,24,50,26,0,10,48,36,6,3,2,5,2,3,5
305001015686,"INST EDUC MAESTRO ARENAS BETANCUR",,,,,,,,,,,,,,,,45.105,45.085,.025,.975,0,0,1,0,2.5,97.5,0,0,100,0,,,.9173554,.9680851,1,,9,.225,.775,"Medio",,,47.72605,,29.71309,,14,16,23,23,14,11,47,16,16,10,5,5,13,20,27,29,13,0,23,40,28,9,0,0,23,68,9,0,47,32,15,5,13,47,42,0,14,39,37,11,,,,,,
305001016542,"INST EDUC EL TRIUNFO SANTA TERESA",,,,,,,,,,,,,,,,46.16,39.53,.1515152,.8484849,0,.0909091,.9090909,0,15.15152,84.84849,0,9.090909,90.9091,0,,,1,,,,4,.1212121,.8787879,"Bajo",,,51.19485,,51.29443,,19,28,28,17,3,5,32,31,22,8,1,6,13,26,44,13,4,0,44,35,22,0,0,0,44,57,0,0,32,53,9,6,13,70,17,0,19,56,20,5,3,2,5,3,2,5
305001018022,"INST EDUC FE Y ALEGRIA LUIS AMIGO",44.48,45.01,2011,.0319149,.9680851,0,0,1,0,3.191489,96.80851,0,0,100,0,44.05,42.33,.1363636,.8636364,0,.0151515,.9848485,0,13.63636,86.36364,0,1.515152,98.48485,0,50.07902,50.85007,.8505747,.8095238,,.9642857,32,.4848485,.5151515,"Bajo","Bajo",0,50.90868,28.79784,51.30376,42.04919,18,27,36,16,4,0,27,31,22,13,4,2,29,24,31,14,2,0,44,42,10,2,2,0,44,52,4,0,27,53,17,2,29,55,16,0,18,63,20,0,,,,3,3,6
305001018839,"INST EDUC MADRE LAURA",47.67,47.14,2011,0,1,0,0,1,0,0,100,0,0,100,0,46.16,45.16,.0204082,.9795918,0,.0408163,.9591837,0,2.040816,97.95918,0,4.081633,95.91837,0,37.6129,49.75956,.9072165,.8309859,,.9215686,2,.0408163,.9591837,"Alto","Medio",1,53.28463,67.81055,45.47432,76.71584,7,10,18,24,21,21,20,15,20,20,8,18,2,5,19,42,22,11,2,20,38,27,10,4,2,58,37,4,20,35,28,18,2,24,64,11,7,28,45,21,,,,,,
305001019690,"INST EDUC ARZOBISPO TULIO BOTERO SALAZAR",44.48,47.14,2011,.0375,.9625,0,.0125,.9875,0,3.75,96.25,0,1.25,98.75,0,46.27,45.01,.0789474,.9210526,0,.0131579,.9868421,0,7.894736,92.10526,0,1.315789,98.68421,0,60.89011,54.67541,.872771,.7647059,1,,17,.2236842,.7763158,"Medio","Bajo",1,53.88041,23.18262,53.11685,37.29703,13,29,29,19,7,4,41,27,17,10,3,3,21,37,26,15,1,0,40,38,16,4,3,0,40,54,7,0,41,44,13,3,21,63,16,0,13,58,26,4,2,2,4,2,2,4
305001022232,"INST EDUC  BARRIO OLAYA HERRERA",47.67,45.01,2011,0,1,0,0,1,0,0,100,0,0,100,0,46.16,42.42,.0588235,.9411765,0,.0196078,.9803922,0,5.882353,94.11765,0,1.960784,98.03922,0,50.86917,40.14207,.9536424,.7671233,.96,,7,.1372549,.8627451,"Medio","Bajo",1,,,,,28,21,31,14,5,2,58,13,16,9,2,2,35,25,23,15,2,0,36,32,28,4,0,0,36,60,4,0,58,29,11,2,35,48,17,0,28,52,19,2,2,2,4,2,2,4
305001022640,"INST EDUC EL BOSQUE",,,,,,,,,,,,,,,,46.16,39.53,.0689655,.9310345,0,0,1,0,6.896552,93.10345,0,0,100,0,,,.8467153,.8888889,.9032258,,5,.1724138,.8275862,"Bajo",,,,,,,29,28,22,10,9,2,46,23,22,4,1,3,,,,,,,,,,,,,,,,,46,45,5,3,,,,,29,50,19,2,2,2,4,2,,2
